customer_id,tenure_months,monthly_charges,total_charges,num_products,support_calls,payment_delays,contract_type,internet_service,online_security,tech_support,paperless_billing,gender,senior_citizen,partner,dependents,churn
CUST0000,52,45.47,5290.54,4,1,2,Month-to-month,DSL,No,No,Yes,Female,0,Yes,No,0
CUST0001,15,104.09,7197.25,3,9,3,Month-to-month,Fiber optic,Yes,No,Yes,Female,0,No,No,1
CUST0002,61,23.84,3256.2,4,9,2,Month-to-month,DSL,Yes,Yes,No,Male,0,No,No,1
CUST0003,21,110.18,2681.68,3,6,4,Month-to-month,No,Yes,No,No,Male,0,Yes,No,0
CUST0004,24,66.15,185.41,2,1,4,Month-to-month,DSL,No,Yes,No,Female,0,Yes,No,1
CUST0005,3,83.72,6629.75,3,0,4,Month-to-month,DSL,Yes,Yes,No,Male,0,Yes,Yes,1
CUST0006,22,85.94,6427.75,3,6,1,Month-to-month,Fiber optic,Yes,Yes,Yes,Male,0,No,No,1
CUST0007,53,109.51,925.19,2,4,4,Month-to-month,Fiber optic,Yes,Yes,No,Female,1,No,No,1
CUST0008,2,83.67,4657.17,2,0,4,Two year,No,No,Yes,Yes,Female,0,No,No,0
CUST0009,30,81.39,3765.46,2,3,1,Month-to-month,No,No,Yes,Yes,Male,1,No,No,0
CUST0010,38,26.67,1037.8,4,3,4,One year,Fiber optic,No,Yes,No,Female,0,Yes,Yes,0
CUST0011,2,71.84,7846.49,2,9,3,Month-to-month,DSL,No,No,Yes,Male,0,Yes,Yes,1
CUST0012,64,35.02,1796.1,1,6,4,Two year,Fiber optic,No,Yes,No,Male,0,No,No,0
CUST0013,60,93.74,631.15,2,8,4,Two year,Fiber optic,No,No,No,Female,0,No,No,1
CUST0014,21,71.22,4799.29,2,1,1,One year,Fiber optic,Yes,Yes,Yes,Female,0,No,No,0
CUST0015,33,88.02,5937.05,2,0,3,One year,DSL,Yes,Yes,No,Male,0,No,No,0
CUST0016,58,24.17,356.3,3,1,2,Month-to-month,Fiber optic,Yes,Yes,Yes,Male,1,Yes,Yes,0
CUST0017,22,28.48,5303.87,4,6,0,Two year,DSL,Yes,No,Yes,Female,0,Yes,No,0
CUST0018,49,91.63,4305.11,2,9,3,Two year,Fiber optic,Yes,No,No,Male,1,Yes,No,1
CUST0019,59,27.21,915.79,4,5,2,Two year,Fiber optic,No,No,Yes,Male,0,Yes,No,0
CUST0020,42,27.13,1462.94,1,3,3,One year,No,No,No,No,Male,0,No,No,1
CUST0021,60,21.21,4587.0,1,0,2,Month-to-month,Fiber optic,No,No,Yes,Male,0,Yes,No,0
CUST0022,15,115.65,2441.23,2,0,2,Two year,DSL,Yes,No,Yes,Male,0,No,No,1
CUST0023,62,93.75,7512.69,1,4,3,Month-to-month,No,No,Yes,No,Female,0,Yes,Yes,1
CUST0024,62,55.33,6568.05,4,0,1,One year,Fiber optic,Yes,Yes,Yes,Male,1,Yes,No,0
CUST0025,47,49.65,7870.18,3,6,3,Month-to-month,DSL,No,No,Yes,Male,0,No,No,0
CUST0026,62,54.97,2151.4,2,0,3,Two year,Fiber optic,Yes,No,Yes,Female,0,Yes,No,0
CUST0027,51,97.47,7760.82,1,0,2,Month-to-month,Fiber optic,No,No,No,Female,0,Yes,No,1
CUST0028,55,86.14,3506.75,4,1,0,Month-to-month,No,Yes,No,Yes,Female,0,Yes,No,0
CUST0029,64,38.52,2845.4,4,9,2,One year,Fiber optic,No,No,No,Male,0,Yes,No,0
CUST0030,3,37.41,497.76,1,2,4,One year,Fiber optic,Yes,Yes,Yes,Male,0,No,No,1
CUST0031,51,29.84,516.85,4,0,3,One year,DSL,No,Yes,No,Female,0,Yes,Yes,0
CUST0032,7,86.03,5566.89,4,8,3,Month-to-month,Fiber optic,Yes,Yes,No,Female,0,Yes,Yes,1
CUST0033,21,96.44,3717.64,2,9,1,Month-to-month,No,Yes,Yes,Yes,Female,0,Yes,Yes,1
CUST0034,39,46.5,1889.52,4,7,2,One year,No,Yes,Yes,Yes,Female,0,No,No,0
CUST0035,18,22.09,4950.37,1,4,1,Two year,DSL,Yes,Yes,No,Female,0,No,Yes,0
CUST0036,4,28.22,2097.58,2,1,3,Two year,DSL,No,Yes,No,Male,0,Yes,No,1
CUST0037,60,116.79,4663.29,1,4,2,Month-to-month,DSL,No,Yes,Yes,Female,0,Yes,Yes,1
CUST0038,14,49.54,2937.75,3,5,2,Two year,Fiber optic,No,No,No,Male,1,Yes,No,0
CUST0039,9,96.92,6606.06,1,0,4,Month-to-month,Fiber optic,Yes,No,No,Male,1,No,No,1
CUST0040,53,82.47,6583.5,1,3,4,Month-to-month,Fiber optic,No,Yes,No,Female,0,Yes,No,1
CUST0041,2,58.19,3871.07,2,8,0,Month-to-month,Fiber optic,Yes,Yes,No,Female,1,Yes,Yes,0
CUST0042,60,40.57,2871.47,4,1,4,Month-to-month,No,No,Yes,Yes,Female,0,No,Yes,0
CUST0043,71,32.14,2964.22,1,4,2,One year,Fiber optic,Yes,No,No,Female,0,No,No,1
CUST0044,44,81.5,6465.14,2,0,4,Month-to-month,DSL,No,No,Yes,Female,0,No,No,0
CUST0045,8,97.46,2692.62,3,3,0,Month-to-month,Fiber optic,Yes,Yes,Yes,Male,1,Yes,No,1
CUST0046,47,84.39,1751.57,2,3,3,Month-to-month,No,Yes,No,Yes,Female,0,Yes,No,0
CUST0047,35,73.03,769.04,2,5,4,Month-to-month,Fiber optic,No,Yes,Yes,Female,1,Yes,No,0
CUST0048,36,24.2,3786.88,4,9,2,One year,Fiber optic,No,Yes,Yes,Male,1,No,Yes,0
CUST0049,50,116.85,3908.84,1,8,3,Month-to-month,Fiber optic,No,Yes,Yes,Female,0,Yes,No,1
CUST0050,4,99.87,6743.18,3,2,2,Month-to-month,No,Yes,Yes,Yes,Female,0,Yes,No,1
CUST0051,2,49.28,1847.79,2,8,3,One year,Fiber optic,Yes,Yes,No,Female,0,No,Yes,0
CUST0052,6,118.0,3109.83,1,5,2,One year,DSL,Yes,No,Yes,Male,0,No,No,1
CUST0053,54,80.19,6486.41,1,6,4,One year,No,No,Yes,Yes,Female,0,Yes,No,1
CUST0054,4,78.24,6606.63,2,9,4,Month-to-month,No,Yes,Yes,Yes,Female,0,No,No,0
CUST0055,54,94.81,3138.43,1,1,0,Two year,DSL,No,Yes,Yes,Female,0,Yes,Yes,0
CUST0056,63,101.18,3727.08,2,9,3,Two year,Fiber optic,Yes,Yes,Yes,Female,0,Yes,No,0
CUST0057,18,85.65,2495.96,2,5,0,Two year,Fiber optic,No,No,Yes,Male,0,Yes,No,1
CUST0058,44,32.81,7467.18,2,5,1,One year,DSL,Yes,Yes,No,Female,0,No,Yes,0
CUST0059,34,53.83,1037.29,3,1,4,Month-to-month,No,Yes,Yes,No,Male,0,Yes,Yes,1
CUST0060,62,112.81,7476.62,2,1,3,Two year,Fiber optic,No,No,No,Female,0,No,No,0
CUST0061,14,42.46,5502.54,4,1,0,Month-to-month,No,Yes,Yes,Yes,Female,0,No,No,1
CUST0062,48,57.22,4299.42,1,9,0,Month-to-month,DSL,Yes,Yes,Yes,Female,1,No,No,1
CUST0063,15,63.21,358.01,3,0,1,Month-to-month,Fiber optic,No,Yes,Yes,Male,0,No,No,1
CUST0064,62,63.94,3857.21,1,4,0,Month-to-month,DSL,Yes,Yes,No,Female,0,Yes,No,0
CUST0065,40,81.29,3321.21,3,7,2,Two year,Fiber optic,No,No,Yes,Female,1,No,No,1
CUST0066,53,114.31,1373.63,4,1,4,One year,Fiber optic,No,Yes,Yes,Male,0,Yes,No,0
CUST0067,24,44.07,5285.64,3,4,0,One year,Fiber optic,Yes,Yes,Yes,Female,0,Yes,No,1
CUST0068,26,32.15,7772.09,3,7,0,One year,DSL,Yes,No,Yes,Female,0,Yes,No,1
CUST0069,60,39.75,4541.29,3,9,1,Month-to-month,DSL,Yes,Yes,No,Female,0,Yes,No,1
CUST0070,41,108.69,5746.55,1,4,2,Month-to-month,DSL,No,Yes,No,Female,1,No,Yes,0
CUST0071,29,84.58,640.76,2,1,0,One year,DSL,Yes,No,No,Male,0,No,No,1
CUST0072,15,48.59,3399.57,1,2,4,One year,Fiber optic,No,Yes,Yes,Male,0,Yes,No,1
CUST0073,45,101.59,1019.23,2,5,4,Month-to-month,Fiber optic,Yes,No,No,Male,1,Yes,No,0
CUST0074,65,106.14,4941.09,1,4,0,One year,Fiber optic,Yes,Yes,No,Female,0,Yes,No,0
CUST0075,71,104.65,7514.01,4,3,2,Month-to-month,Fiber optic,No,No,No,Female,0,No,No,0
CUST0076,9,111.89,5328.04,4,3,4,Month-to-month,DSL,Yes,Yes,Yes,Female,0,No,No,1
CUST0077,1,45.22,706.74,3,4,4,Month-to-month,DSL,Yes,Yes,Yes,Female,0,Yes,No,1
CUST0078,8,95.5,2901.86,4,1,2,Month-to-month,DSL,Yes,No,No,Male,0,Yes,No,1
CUST0079,63,66.05,4450.24,3,8,2,Two year,No,Yes,Yes,Yes,Female,0,Yes,Yes,0
CUST0080,11,104.2,3285.34,2,1,0,Two year,Fiber optic,Yes,No,No,Male,0,No,No,0
CUST0081,8,92.85,6685.79,4,9,3,Month-to-month,DSL,No,No,No,Female,0,Yes,No,1
CUST0082,35,97.64,6535.9,2,1,1,One year,DSL,Yes,No,Yes,Female,0,No,No,0
CUST0083,35,85.62,4933.47,1,9,3,One year,No,No,No,Yes,Male,0,No,No,0
CUST0084,33,37.74,3050.32,2,8,3,Month-to-month,Fiber optic,Yes,Yes,Yes,Female,0,No,No,1
CUST0085,5,74.5,2117.16,1,2,4,Month-to-month,Fiber optic,Yes,No,No,Male,0,Yes,No,1
CUST0086,41,118.47,936.41,2,9,2,Two year,Fiber optic,No,Yes,No,Male,1,No,Yes,0
CUST0087,28,113.74,2903.69,2,6,4,One year,DSL,Yes,Yes,Yes,Female,0,No,No,0
CUST0088,7,24.32,3364.06,4,3,1,Two year,No,Yes,No,Yes,Male,0,Yes,Yes,1
CUST0089,12,36.48,5439.0,2,5,0,Month-to-month,Fiber optic,No,No,Yes,Male,0,Yes,No,0
CUST0090,34,33.17,5299.46,4,3,1,One year,DSL,No,Yes,No,Female,0,Yes,Yes,0
CUST0091,33,92.6,653.85,4,9,4,Month-to-month,No,Yes,No,Yes,Male,0,No,No,0
CUST0092,48,101.78,3222.55,3,6,4,Month-to-month,Fiber optic,No,Yes,Yes,Male,0,No,Yes,0
CUST0093,23,41.35,1536.05,3,0,4,Month-to-month,DSL,No,No,No,Female,0,Yes,No,0
CUST0094,62,70.59,1338.82,1,2,4,Month-to-month,Fiber optic,No,Yes,Yes,Male,1,No,No,1
CUST0095,37,104.07,6635.69,2,2,3,Month-to-month,DSL,No,Yes,Yes,Female,0,Yes,Yes,0
CUST0096,44,93.28,431.13,1,0,0,Month-to-month,DSL,Yes,No,Yes,Male,0,Yes,No,0
CUST0097,35,74.22,3411.54,2,5,3,Month-to-month,Fiber optic,Yes,Yes,Yes,Female,0,No,No,1
CUST0098,65,79.03,1428.81,3,8,4,One year,DSL,No,Yes,Yes,Female,0,No,No,0
CUST0099,47,70.84,7046.71,3,7,2,Month-to-month,No,Yes,No,No,Female,0,No,No,0
CUST0100,3,49.75,4500.62,2,6,3,Month-to-month,No,No,No,No,Female,0,No,No,1
CUST0101,1,76.5,1927.91,2,9,4,Month-to-month,DSL,Yes,No,No,Female,0,Yes,No,1
CUST0102,5,88.89,4069.18,3,7,4,Month-to-month,Fiber optic,Yes,No,No,Male,0,Yes,No,1
CUST0103,14,107.33,5878.74,3,5,0,One year,No,No,No,Yes,Female,0,No,No,0
CUST0104,27,83.63,7669.13,1,8,1,Month-to-month,Fiber optic,No,Yes,Yes,Female,0,No,No,0
CUST0105,9,96.11,1841.52,3,2,3,One year,Fiber optic,Yes,Yes,Yes,Male,1,No,No,0
CUST0106,15,36.01,7100.84,2,9,3,Month-to-month,DSL,Yes,No,No,Female,0,Yes,No,1
CUST0107,42,66.16,7481.0,1,9,3,Month-to-month,Fiber optic,Yes,Yes,No,Male,0,Yes,Yes,0
CUST0108,51,20.93,7339.72,2,8,4,Two year,Fiber optic,No,Yes,Yes,Male,0,No,No,0
CUST0109,63,44.67,5119.77,4,3,0,One year,No,Yes,Yes,Yes,Female,1,Yes,No,0
CUST0110,52,92.65,5075.58,1,6,4,Month-to-month,DSL,No,Yes,Yes,Male,0,Yes,No,1
CUST0111,4,119.18,3285.36,2,8,4,Two year,No,No,Yes,Yes,Male,0,Yes,Yes,1
CUST0112,23,29.92,6043.94,3,1,2,Month-to-month,DSL,No,No,No,Male,1,Yes,Yes,0
CUST0113,15,60.15,4297.22,4,1,0,Two year,No,Yes,No,Yes,Female,0,No,No,1
CUST0114,43,100.01,5451.76,2,8,3,One year,Fiber optic,No,Yes,No,Male,1,No,No,1
CUST0115,29,40.4,3484.82,1,2,1,One year,Fiber optic,Yes,Yes,Yes,Female,0,No,No,0
CUST0116,36,75.51,5878.82,2,8,3,Two year,Fiber optic,No,No,No,Female,0,No,No,1
CUST0117,13,93.31,6613.32,4,4,4,Month-to-month,DSL,Yes,No,No,Male,0,Yes,Yes,0
CUST0118,32,81.6,1256.85,1,5,0,One year,DSL,Yes,No,No,Female,0,No,No,1
CUST0119,71,38.8,6680.14,4,1,0,Month-to-month,DSL,No,No,Yes,Male,0,No,No,0
CUST0120,59,55.54,4368.34,2,7,0,Month-to-month,DSL,No,Yes,Yes,Male,0,No,No,1
CUST0121,28,98.38,6772.86,3,8,2,Month-to-month,DSL,Yes,No,Yes,Female,0,No,No,1
CUST0122,66,75.42,3507.28,3,1,3,Month-to-month,Fiber optic,Yes,No,Yes,Female,0,No,Yes,0
CUST0123,42,20.52,3094.42,2,5,2,One year,Fiber optic,No,Yes,No,Female,0,Yes,Yes,0
CUST0124,45,96.1,7328.98,2,5,1,One year,DSL,No,No,No,Male,1,No,No,0
CUST0125,62,23.53,2084.24,2,7,4,One year,No,Yes,No,Yes,Male,1,Yes,No,0
CUST0126,57,94.57,6769.28,1,9,2,Month-to-month,Fiber optic,Yes,No,Yes,Male,1,Yes,No,1
CUST0127,6,40.25,3923.76,4,4,2,Month-to-month,No,No,No,Yes,Female,0,Yes,Yes,0
CUST0128,28,115.81,4161.35,4,8,4,Two year,Fiber optic,Yes,No,No,Male,0,Yes,Yes,1
CUST0129,28,56.79,2536.9,4,0,0,Month-to-month,DSL,No,Yes,No,Male,0,Yes,No,1
CUST0130,44,52.69,4627.03,2,8,4,One year,Fiber optic,No,Yes,Yes,Male,0,Yes,No,1
CUST0131,30,34.89,2669.17,4,9,3,One year,Fiber optic,No,Yes,Yes,Male,0,No,No,1
CUST0132,62,50.56,410.23,2,6,4,One year,DSL,No,Yes,No,Female,0,Yes,Yes,0
CUST0133,62,107.67,2248.79,1,3,0,Month-to-month,DSL,Yes,Yes,No,Male,1,No,No,1
CUST0134,1,119.63,150.39,3,2,4,Two year,DSL,No,No,Yes,Female,0,Yes,No,1
CUST0135,27,56.83,7829.0,2,9,2,Month-to-month,DSL,No,No,No,Male,1,Yes,No,1
CUST0136,62,64.86,7729.4,2,5,1,Two year,Fiber optic,Yes,No,No,Male,0,Yes,No,0
CUST0137,3,92.21,3221.73,3,0,2,Month-to-month,Fiber optic,Yes,No,Yes,Male,0,No,No,1
CUST0138,70,108.62,5854.13,3,2,1,Month-to-month,DSL,No,No,Yes,Female,0,Yes,No,1
CUST0139,27,79.3,2831.87,1,1,4,Month-to-month,Fiber optic,No,No,Yes,Female,0,Yes,Yes,0
CUST0140,9,59.15,5401.64,4,8,3,One year,Fiber optic,No,No,Yes,Female,1,No,No,0
CUST0141,62,61.26,6462.9,2,2,4,Month-to-month,DSL,No,No,Yes,Male,0,Yes,No,1
CUST0142,37,89.56,7579.37,4,1,0,Month-to-month,DSL,No,No,Yes,Male,0,Yes,No,0
CUST0143,51,20.32,3261.68,2,3,4,Month-to-month,DSL,No,No,Yes,Female,0,Yes,No,1
CUST0144,44,81.96,6288.05,1,1,1,Two year,Fiber optic,Yes,No,Yes,Male,0,No,No,0
CUST0145,24,55.55,2200.83,3,0,2,Two year,DSL,Yes,No,Yes,Male,0,Yes,No,0
CUST0146,59,99.42,7923.63,1,5,3,One year,Fiber optic,No,No,Yes,Female,0,Yes,No,0
CUST0147,32,29.3,303.58,3,9,4,One year,Fiber optic,Yes,Yes,No,Male,0,No,Yes,0
CUST0148,52,78.82,4867.88,4,7,4,Month-to-month,Fiber optic,Yes,No,No,Male,0,No,No,0
CUST0149,62,68.1,5310.1,4,9,2,Month-to-month,DSL,No,Yes,Yes,Male,0,Yes,No,1
CUST0150,58,84.23,5535.56,1,9,3,Two year,DSL,Yes,No,Yes,Female,0,Yes,Yes,0
CUST0151,52,26.49,1051.06,3,1,4,Month-to-month,Fiber optic,Yes,No,No,Male,0,Yes,No,1
CUST0152,12,78.0,7514.39,1,8,4,Month-to-month,No,No,No,Yes,Female,0,Yes,Yes,0
CUST0153,39,76.15,1531.35,3,2,1,Month-to-month,Fiber optic,No,Yes,No,Male,0,No,No,0
CUST0154,2,76.07,5019.75,3,7,1,Month-to-month,Fiber optic,No,Yes,Yes,Female,0,No,Yes,0
CUST0155,3,80.35,1859.14,4,7,0,Month-to-month,Fiber optic,Yes,No,No,Female,0,No,No,1
CUST0156,56,87.65,2527.01,4,2,2,Month-to-month,Fiber optic,No,No,Yes,Female,0,Yes,No,1
CUST0157,59,100.5,4417.02,3,2,3,Month-to-month,No,Yes,No,No,Female,1,No,No,1
CUST0158,2,46.98,3395.83,3,5,4,Month-to-month,DSL,No,No,No,Male,0,No,Yes,1
CUST0159,2,102.5,1365.78,3,0,4,Month-to-month,No,No,Yes,No,Female,0,Yes,Yes,1
CUST0160,54,69.83,1450.4,4,3,0,Month-to-month,Fiber optic,No,Yes,No,Male,0,Yes,No,0
CUST0161,1,27.71,3403.34,4,0,4,Month-to-month,Fiber optic,No,No,Yes,Male,0,Yes,No,0
CUST0162,19,25.86,6082.54,2,2,2,One year,DSL,Yes,Yes,Yes,Female,0,Yes,No,0
CUST0163,2,53.42,7193.92,3,8,0,Month-to-month,Fiber optic,Yes,Yes,Yes,Male,0,Yes,Yes,0
CUST0164,53,98.49,764.61,2,4,2,One year,Fiber optic,No,No,Yes,Male,0,Yes,No,0
CUST0165,44,90.77,3205.52,3,4,0,One year,DSL,Yes,No,Yes,Male,0,No,Yes,0
CUST0166,32,98.86,891.94,4,3,4,One year,DSL,No,No,No,Male,0,Yes,No,1
CUST0167,70,71.73,231.08,2,2,0,Month-to-month,No,No,Yes,No,Female,0,Yes,No,0
CUST0168,32,64.02,5327.58,2,4,1,Month-to-month,Fiber optic,Yes,No,Yes,Male,1,No,No,0
CUST0169,68,34.75,4859.35,1,3,3,Month-to-month,Fiber optic,Yes,Yes,Yes,Male,1,No,No,1
CUST0170,55,52.82,1387.85,3,7,4,One year,DSL,No,No,Yes,Male,1,No,No,0
CUST0171,56,63.4,1947.12,4,3,3,Month-to-month,Fiber optic,No,No,No,Male,0,No,No,0
CUST0172,17,28.86,287.29,1,7,4,Two year,Fiber optic,No,Yes,Yes,Male,0,No,No,1
CUST0173,38,42.06,6696.08,1,5,3,Two year,Fiber optic,Yes,Yes,No,Female,0,Yes,No,0
CUST0174,24,79.82,7800.06,3,4,1,Month-to-month,Fiber optic,No,Yes,No,Male,0,Yes,No,0
CUST0175,69,93.57,1170.13,1,3,3,Month-to-month,Fiber optic,No,Yes,No,Female,0,No,No,1
CUST0176,70,119.83,1928.65,3,3,0,One year,Fiber optic,No,Yes,Yes,Male,0,No,Yes,0
CUST0177,11,113.31,6960.44,1,3,3,Month-to-month,DSL,No,Yes,Yes,Female,1,No,Yes,1
CUST0178,16,84.26,7419.06,3,8,4,Month-to-month,No,No,No,No,Male,0,No,Yes,1
CUST0179,59,62.12,3415.06,4,3,2,Two year,Fiber optic,No,Yes,No,Male,0,Yes,Yes,1
CUST0180,70,83.62,499.92,3,8,3,Month-to-month,DSL,Yes,Yes,No,Female,0,No,Yes,0
CUST0181,3,98.57,411.2,3,9,3,Two year,Fiber optic,No,No,Yes,Female,1,No,No,1
CUST0182,20,31.83,4634.2,2,5,3,One year,No,No,Yes,No,Female,0,Yes,Yes,0
CUST0183,59,60.99,3203.87,4,9,4,One year,DSL,Yes,Yes,Yes,Male,0,Yes,No,0
CUST0184,36,103.98,326.35,4,6,3,Month-to-month,DSL,Yes,No,No,Female,0,Yes,No,1
CUST0185,19,58.38,4707.69,4,9,4,Month-to-month,Fiber optic,No,No,No,Female,0,No,Yes,0
CUST0186,67,77.19,189.29,1,2,4,Month-to-month,DSL,Yes,No,No,Female,0,No,Yes,0
CUST0187,19,78.78,6320.24,2,7,2,Month-to-month,Fiber optic,No,Yes,No,Male,0,Yes,Yes,1
CUST0188,20,38.45,2520.82,4,2,0,Month-to-month,DSL,Yes,No,Yes,Male,1,No,Yes,0
CUST0189,71,56.22,418.04,1,0,4,Month-to-month,Fiber optic,Yes,Yes,No,Male,0,No,No,0
CUST0190,52,53.45,4747.98,1,9,1,Month-to-month,DSL,No,No,No,Female,0,Yes,No,0
CUST0191,33,22.62,3241.71,1,4,3,Month-to-month,DSL,Yes,Yes,Yes,Male,0,Yes,Yes,0
CUST0192,40,22.42,7793.02,2,1,1,One year,No,No,No,No,Male,1,Yes,No,0
CUST0193,39,103.17,4399.17,1,9,3,Month-to-month,Fiber optic,Yes,No,Yes,Male,1,No,Yes,1
CUST0194,1,47.31,2274.39,2,5,2,Month-to-month,Fiber optic,No,No,No,Male,0,Yes,No,1
CUST0195,11,71.81,5704.57,3,9,4,One year,DSL,Yes,Yes,Yes,Female,1,No,No,0
CUST0196,57,49.87,2244.79,1,8,0,Two year,Fiber optic,No,Yes,No,Male,0,No,No,0
CUST0197,50,114.07,7243.52,4,0,4,Month-to-month,Fiber optic,No,No,Yes,Female,0,No,No,0
CUST0198,23,45.93,3060.3,1,3,3,Month-to-month,No,No,No,Yes,Female,0,Yes,Yes,0
CUST0199,31,62.97,4443.96,3,0,0,One year,No,No,No,Yes,Female,0,Yes,No,0
CUST0200,42,107.27,499.53,3,0,4,Two year,Fiber optic,Yes,No,Yes,Female,0,Yes,No,0
CUST0201,7,104.19,3466.36,1,7,0,One year,Fiber optic,No,Yes,No,Female,0,No,No,1
CUST0202,16,38.61,6675.67,3,1,3,One year,Fiber optic,Yes,No,Yes,Female,1,Yes,Yes,0
CUST0203,60,100.26,6464.63,2,0,2,Month-to-month,Fiber optic,Yes,No,No,Male,0,Yes,No,1
CUST0204,2,65.82,1872.12,2,7,2,Month-to-month,DSL,No,Yes,No,Female,0,No,No,0
CUST0205,1,68.3,1886.02,1,3,4,Month-to-month,DSL,No,Yes,No,Male,0,No,No,0
CUST0206,48,33.35,6556.71,2,2,1,One year,DSL,Yes,No,No,Female,0,Yes,Yes,0
CUST0207,12,28.06,7450.15,2,3,3,One year,DSL,Yes,No,Yes,Male,1,Yes,No,0
CUST0208,69,92.79,853.35,4,4,4,Two year,DSL,Yes,Yes,Yes,Female,0,No,Yes,0
CUST0209,37,69.65,3655.46,1,0,4,Month-to-month,Fiber optic,No,Yes,Yes,Male,1,No,No,0
CUST0210,32,63.69,2765.89,3,0,2,Month-to-month,Fiber optic,No,No,Yes,Male,0,No,No,0
CUST0211,9,92.95,6978.44,1,2,0,Month-to-month,Fiber optic,Yes,Yes,No,Female,0,Yes,No,1
CUST0212,19,96.55,759.85,2,5,3,One year,DSL,Yes,Yes,Yes,Female,0,Yes,No,0
CUST0213,48,35.89,1767.89,4,0,0,One year,DSL,Yes,No,No,Female,0,No,No,0
CUST0214,3,81.02,6044.5,1,1,3,Month-to-month,Fiber optic,No,No,Yes,Female,0,Yes,No,1
CUST0215,20,33.54,505.22,1,6,1,Month-to-month,DSL,Yes,Yes,No,Male,0,Yes,Yes,1
CUST0216,24,95.14,3991.03,2,0,2,Month-to-month,Fiber optic,Yes,No,Yes,Male,0,Yes,No,1
CUST0217,54,85.7,3592.65,2,6,1,Month-to-month,No,Yes,No,Yes,Female,0,No,No,1
CUST0218,33,115.66,2741.77,1,3,4,Two year,DSL,Yes,No,No,Female,0,Yes,Yes,1
CUST0219,24,26.9,3217.12,2,9,2,Month-to-month,DSL,No,No,Yes,Male,0,No,No,1
CUST0220,36,25.71,4286.53,2,5,4,One year,Fiber optic,Yes,No,No,Female,0,Yes,Yes,0
CUST0221,38,48.22,1374.8,2,7,1,One year,No,No,Yes,Yes,Male,0,No,No,0
CUST0222,25,46.17,4618.77,2,8,3,One year,Fiber optic,No,Yes,Yes,Female,0,No,No,0
CUST0223,18,44.7,6462.92,2,5,4,Month-to-month,No,Yes,No,No,Female,0,Yes,No,1
CUST0224,66,110.63,6105.27,4,8,0,Two year,DSL,No,No,Yes,Male,1,Yes,No,0
CUST0225,54,44.95,1315.81,2,3,3,Month-to-month,No,Yes,No,No,Male,1,No,Yes,0
CUST0226,35,47.19,1279.07,3,5,3,Month-to-month,DSL,Yes,Yes,Yes,Female,0,No,No,0
CUST0227,61,95.94,2218.58,1,7,1,Month-to-month,DSL,Yes,Yes,No,Male,0,Yes,Yes,1
CUST0228,41,64.97,2952.49,4,8,1,Month-to-month,No,Yes,Yes,Yes,Female,0,No,No,0
CUST0229,33,97.67,3326.8,4,2,2,Month-to-month,No,Yes,Yes,Yes,Male,0,No,No,1
CUST0230,68,26.54,5469.61,2,1,2,Month-to-month,DSL,No,No,Yes,Female,1,Yes,No,0
CUST0231,33,68.76,547.78,1,5,0,Two year,DSL,No,No,Yes,Female,1,Yes,Yes,0
CUST0232,14,23.36,373.91,3,3,3,Month-to-month,DSL,Yes,Yes,Yes,Female,1,Yes,No,0
CUST0233,21,26.27,3196.09,2,0,0,One year,DSL,No,Yes,No,Male,0,Yes,No,0
CUST0234,48,110.64,5607.59,1,7,0,Two year,DSL,Yes,No,No,Male,1,No,No,0
CUST0235,20,33.92,1628.14,2,8,1,Month-to-month,No,No,No,Yes,Male,0,Yes,Yes,0
CUST0236,8,73.24,5167.89,2,8,0,One year,Fiber optic,No,No,Yes,Male,0,Yes,No,0
CUST0237,7,61.11,2152.64,2,1,0,Month-to-month,Fiber optic,Yes,No,Yes,Female,0,Yes,Yes,0
CUST0238,67,54.73,7100.08,2,8,4,Month-to-month,Fiber optic,No,No,Yes,Male,0,Yes,No,1
CUST0239,17,109.98,7175.95,2,6,2,Month-to-month,Fiber optic,No,Yes,Yes,Male,0,No,No,0
CUST0240,33,22.18,2448.57,2,4,2,Two year,Fiber optic,No,No,Yes,Male,0,No,Yes,0
CUST0241,48,86.38,1916.95,2,6,3,Month-to-month,Fiber optic,Yes,Yes,No,Female,0,Yes,Yes,1
CUST0242,59,116.34,3349.3,3,8,2,One year,DSL,No,Yes,No,Male,1,Yes,No,0
CUST0243,22,76.02,2000.2,4,7,3,Month-to-month,Fiber optic,No,No,Yes,Male,0,Yes,No,1
CUST0244,30,113.68,5411.83,3,5,4,Two year,Fiber optic,No,Yes,Yes,Female,0,Yes,Yes,0
CUST0245,38,25.23,6625.91,2,3,2,Month-to-month,No,No,Yes,No,Female,0,No,No,1
CUST0246,51,61.88,5417.43,2,0,4,One year,No,No,No,Yes,Female,0,No,No,0
CUST0247,54,46.02,6612.37,3,5,2,One year,Fiber optic,No,Yes,No,Female,1,No,No,0
CUST0248,8,93.08,3236.24,3,2,2,One year,Fiber optic,No,No,No,Female,0,No,Yes,1
CUST0249,27,118.13,1334.9,4,5,4,Two year,DSL,No,No,Yes,Female,0,Yes,Yes,0
CUST0250,27,45.65,5929.81,3,5,0,Two year,Fiber optic,No,Yes,Yes,Female,1,No,No,0
CUST0251,21,85.42,2947.75,4,3,0,Month-to-month,Fiber optic,Yes,No,No,Male,1,No,No,1
CUST0252,30,39.81,5403.04,2,1,0,Month-to-month,DSL,No,No,No,Female,0,Yes,No,0
CUST0253,28,76.53,2238.09,1,8,0,Month-to-month,Fiber optic,No,Yes,Yes,Female,0,No,No,0
CUST0254,64,66.39,741.71,1,1,2,Month-to-month,Fiber optic,No,No,No,Female,0,No,No,1
CUST0255,69,117.2,7941.4,1,2,1,Month-to-month,DSL,No,Yes,Yes,Female,0,No,Yes,1
CUST0256,61,80.85,1333.99,1,9,4,Month-to-month,No,No,Yes,Yes,Female,0,Yes,No,0
CUST0257,48,54.95,7908.53,2,0,1,Month-to-month,DSL,Yes,No,No,Male,1,Yes,No,1
CUST0258,19,31.41,7820.51,1,6,1,Two year,No,Yes,Yes,No,Male,0,Yes,No,0
CUST0259,4,35.12,6371.16,3,0,3,Month-to-month,Fiber optic,Yes,No,No,Male,0,Yes,No,1
CUST0260,35,42.53,5309.44,3,8,0,Two year,DSL,Yes,Yes,No,Male,0,No,No,0
CUST0261,64,45.1,4664.68,1,0,2,Month-to-month,Fiber optic,No,No,Yes,Male,0,No,No,0
CUST0262,49,105.06,6942.2,3,4,0,One year,Fiber optic,No,No,Yes,Male,1,Yes,Yes,0
CUST0263,17,76.12,2386.57,4,6,0,Two year,Fiber optic,No,Yes,Yes,Male,0,Yes,No,1
CUST0264,44,72.34,3794.68,2,2,1,Month-to-month,Fiber optic,Yes,Yes,Yes,Female,0,Yes,No,1
CUST0265,30,31.48,4993.18,1,8,3,Month-to-month,Fiber optic,Yes,No,No,Female,0,No,No,1
CUST0266,46,106.01,3348.4,1,7,0,Month-to-month,Fiber optic,Yes,No,Yes,Female,0,No,No,1
CUST0267,6,92.28,3477.14,2,2,4,Month-to-month,No,Yes,Yes,No,Female,1,Yes,No,1
CUST0268,37,26.77,2709.25,3,4,4,Two year,DSL,No,No,No,Female,0,Yes,No,0
CUST0269,24,90.78,4557.43,2,6,0,Two year,Fiber optic,No,No,Yes,Female,0,Yes,No,1
CUST0270,46,74.35,6819.54,2,3,1,Month-to-month,DSL,Yes,Yes,Yes,Male,0,Yes,No,0
CUST0271,53,28.17,1692.07,3,4,1,Month-to-month,Fiber optic,No,Yes,No,Female,0,Yes,No,1
CUST0272,60,65.83,7482.02,2,2,2,Month-to-month,Fiber optic,Yes,No,No,Female,0,Yes,No,1
CUST0273,63,68.47,5543.79,3,8,3,Month-to-month,DSL,Yes,Yes,No,Female,0,Yes,No,0
CUST0274,32,36.58,6603.86,3,9,1,One year,DSL,Yes,Yes,Yes,Male,1,Yes,No,0
CUST0275,33,114.57,4493.91,2,8,2,Month-to-month,DSL,Yes,No,Yes,Male,0,No,No,1
CUST0276,67,105.0,6258.18,4,6,4,Month-to-month,Fiber optic,No,Yes,Yes,Male,0,Yes,Yes,1
CUST0277,18,86.9,227.98,3,9,4,Month-to-month,Fiber optic,No,Yes,Yes,Female,1,No,No,1
CUST0278,25,66.23,6565.21,2,1,4,Month-to-month,No,Yes,No,No,Female,0,Yes,No,0
CUST0279,54,61.18,417.1,3,6,0,One year,Fiber optic,Yes,Yes,No,Female,0,No,Yes,0
CUST0280,58,85.1,7130.32,4,6,3,Month-to-month,DSL,No,No,Yes,Male,1,Yes,Yes,1
CUST0281,67,74.54,7936.51,4,4,2,Two year,No,No,Yes,Yes,Male,0,Yes,Yes,0
CUST0282,46,26.23,2423.13,1,8,3,Two year,Fiber optic,Yes,Yes,Yes,Female,0,No,No,0
CUST0283,24,71.25,1761.52,3,2,0,Month-to-month,Fiber optic,Yes,No,No,Male,0,Yes,No,0
CUST0284,32,100.64,6146.37,3,3,2,Month-to-month,DSL,Yes,Yes,Yes,Female,0,No,Yes,0
CUST0285,47,65.92,2098.91,2,0,2,Two year,Fiber optic,Yes,Yes,No,Male,0,No,No,0
CUST0286,23,25.2,6937.94,3,5,1,Two year,No,Yes,Yes,Yes,Male,0,No,Yes,0
CUST0287,66,98.63,912.46,1,3,3,Two year,Fiber optic,No,Yes,No,Male,0,Yes,No,0
CUST0288,27,40.14,1095.05,4,0,3,Month-to-month,DSL,No,Yes,Yes,Female,1,No,No,0
CUST0289,2,45.86,7835.3,4,1,1,Two year,Fiber optic,Yes,Yes,Yes,Male,0,Yes,No,1
CUST0290,17,36.47,5423.33,1,2,4,Month-to-month,No,Yes,No,No,Female,0,No,No,0
CUST0291,33,53.02,6790.41,3,8,0,One year,DSL,Yes,Yes,Yes,Female,0,Yes,No,0
CUST0292,9,95.68,2662.2,3,7,3,Two year,Fiber optic,Yes,Yes,Yes,Female,0,No,No,1
CUST0293,43,71.94,5444.22,1,6,1,Month-to-month,No,No,No,Yes,Male,0,No,Yes,0
CUST0294,48,40.49,4794.51,2,3,2,Two year,DSL,No,No,Yes,Male,1,Yes,No,0
CUST0295,39,107.78,4864.89,4,0,1,Month-to-month,Fiber optic,Yes,No,Yes,Male,0,Yes,No,1
CUST0296,42,107.96,5492.01,1,7,4,Two year,Fiber optic,No,Yes,No,Female,0,Yes,No,0
CUST0297,26,107.06,4645.34,1,3,0,Month-to-month,Fiber optic,Yes,No,No,Male,0,Yes,No,1
CUST0298,50,43.88,3489.59,3,2,4,Two year,Fiber optic,Yes,No,Yes,Male,0,Yes,Yes,0
CUST0299,25,65.12,2279.79,4,8,2,Month-to-month,DSL,No,Yes,Yes,Female,0,Yes,No,1
CUST0300,24,118.5,6171.79,3,9,2,One year,Fiber optic,Yes,No,Yes,Female,0,Yes,No,1
CUST0301,13,97.2,1887.55,1,3,2,Month-to-month,DSL,No,Yes,Yes,Female,1,Yes,Yes,1
CUST0302,60,22.72,5569.6,2,3,2,Month-to-month,Fiber optic,Yes,Yes,Yes,Male,0,Yes,No,0
CUST0303,7,26.52,1943.33,4,8,1,Month-to-month,DSL,Yes,Yes,No,Male,1,No,No,1
CUST0304,57,66.39,5040.11,1,1,2,One year,DSL,Yes,Yes,Yes,Female,1,No,No,0
CUST0305,36,110.92,6001.92,1,4,2,Month-to-month,No,Yes,Yes,Yes,Male,1,No,Yes,0
CUST0306,45,73.87,1827.84,2,3,1,One year,Fiber optic,No,No,No,Female,0,No,No,0
CUST0307,20,69.78,573.55,1,8,2,Month-to-month,No,Yes,Yes,No,Male,1,Yes,No,0
CUST0308,65,30.55,1134.69,1,4,4,Two year,DSL,No,No,No,Female,0,No,Yes,1
CUST0309,8,85.68,4887.38,4,8,4,Month-to-month,Fiber optic,No,Yes,No,Male,0,No,No,1
CUST0310,16,102.21,6810.63,4,8,3,Month-to-month,DSL,Yes,No,No,Female,0,No,No,0
CUST0311,14,58.04,455.47,4,1,4,Month-to-month,Fiber optic,No,Yes,Yes,Female,1,Yes,No,0
CUST0312,15,97.56,5899.79,3,8,0,Month-to-month,Fiber optic,Yes,Yes,Yes,Female,0,Yes,No,0
CUST0313,66,116.45,2796.42,2,2,0,Month-to-month,DSL,No,Yes,Yes,Male,0,No,No,1
CUST0314,32,40.38,3880.37,4,3,0,Month-to-month,No,No,No,No,Male,0,No,Yes,0
CUST0315,63,72.33,7437.99,3,0,1,Two year,DSL,Yes,No,No,Male,0,No,No,0
CUST0316,51,48.71,2722.57,3,0,4,One year,Fiber optic,Yes,No,Yes,Female,0,Yes,No,0
CUST0317,25,99.29,3776.16,2,0,0,One year,No,No,Yes,No,Female,1,No,Yes,1
CUST0318,58,77.76,208.09,2,8,3,Month-to-month,No,Yes,Yes,No,Female,0,No,No,0
CUST0319,63,83.46,744.63,1,7,1,One year,No,Yes,No,No,Female,1,Yes,No,0
CUST0320,62,99.79,2142.87,3,4,3,Month-to-month,DSL,No,Yes,No,Female,0,No,No,0
CUST0321,22,59.6,320.03,4,4,4,One year,DSL,No,No,No,Female,1,No,No,0
CUST0322,58,111.51,5087.87,2,8,2,Month-to-month,DSL,Yes,Yes,Yes,Female,0,No,No,1
CUST0323,58,73.3,3468.55,3,2,3,Month-to-month,Fiber optic,No,No,Yes,Female,0,No,Yes,1
CUST0324,49,35.8,4430.35,4,2,2,Month-to-month,Fiber optic,Yes,No,Yes,Female,0,No,No,0
CUST0325,52,89.59,1479.71,3,6,1,Two year,DSL,Yes,Yes,Yes,Male,0,No,No,0
CUST0326,42,99.33,2437.86,2,8,3,Month-to-month,Fiber optic,No,No,Yes,Female,1,No,No,1
CUST0327,70,51.68,5344.21,1,5,3,One year,DSL,Yes,Yes,No,Male,0,No,No,0
CUST0328,15,105.72,7725.89,3,1,1,Month-to-month,DSL,No,Yes,No,Female,0,Yes,No,0
CUST0329,54,110.61,498.29,4,0,1,One year,Fiber optic,Yes,Yes,No,Male,0,No,No,0
CUST0330,60,47.69,7134.04,2,1,0,Two year,Fiber optic,Yes,No,Yes,Female,0,No,Yes,0
CUST0331,8,118.35,4657.36,1,0,4,Month-to-month,No,Yes,No,Yes,Male,0,No,Yes,1
CUST0332,53,34.07,4554.96,4,9,3,Month-to-month,DSL,No,No,Yes,Female,0,Yes,Yes,0
CUST0333,60,40.2,4052.2,4,9,3,Two year,Fiber optic,No,Yes,Yes,Female,0,No,No,1
CUST0334,5,38.42,648.21,4,8,1,Month-to-month,DSL,Yes,Yes,Yes,Female,0,Yes,Yes,0
CUST0335,68,109.4,810.03,3,9,1,Month-to-month,DSL,No,No,Yes,Male,1,No,No,1
CUST0336,6,85.43,4847.2,2,7,4,One year,Fiber optic,No,Yes,Yes,Female,0,Yes,Yes,1
CUST0337,47,35.21,2793.57,4,6,1,One year,No,Yes,Yes,No,Male,0,Yes,No,1
CUST0338,55,64.03,7346.42,3,2,2,Month-to-month,DSL,No,No,Yes,Male,0,Yes,No,0
CUST0339,40,81.53,3312.07,2,7,2,Two year,DSL,No,No,No,Male,0,No,No,1
CUST0340,52,28.35,1231.92,2,1,2,Month-to-month,Fiber optic,No,Yes,Yes,Male,0,No,No,1
CUST0341,16,108.24,5746.28,3,1,2,Month-to-month,DSL,Yes,Yes,No,Male,1,Yes,Yes,0
CUST0342,13,100.36,2417.49,3,9,4,One year,No,Yes,No,Yes,Female,0,No,No,0
CUST0343,30,70.52,4251.22,4,2,3,Month-to-month,Fiber optic,No,No,Yes,Male,1,Yes,Yes,1
CUST0344,19,116.71,5612.88,2,6,2,Month-to-month,DSL,Yes,Yes,Yes,Male,0,No,No,0
CUST0345,17,61.78,7212.09,1,0,1,One year,Fiber optic,No,Yes,No,Male,0,No,No,0
CUST0346,63,118.41,6358.31,3,7,2,Two year,Fiber optic,Yes,Yes,Yes,Male,0,Yes,No,0
CUST0347,19,86.79,5443.25,2,6,4,Two year,DSL,No,No,Yes,Female,1,Yes,No,0
CUST0348,58,83.47,5469.1,2,3,1,Two year,Fiber optic,Yes,Yes,No,Female,0,No,No,0
CUST0349,55,36.6,7572.8,4,4,2,Two year,DSL,No,Yes,Yes,Female,0,Yes,No,0
CUST0350,62,108.19,2437.01,1,9,3,Month-to-month,Fiber optic,Yes,Yes,Yes,Male,0,Yes,No,1
CUST0351,23,62.75,108.79,4,0,1,Month-to-month,DSL,No,Yes,Yes,Male,0,No,No,1
CUST0352,9,36.22,2248.44,1,3,1,Two year,No,Yes,Yes,No,Male,1,Yes,No,1
CUST0353,12,21.26,1821.34,1,0,3,Month-to-month,Fiber optic,Yes,Yes,Yes,Female,0,No,Yes,0
CUST0354,1,75.98,5328.49,3,0,1,One year,DSL,Yes,No,Yes,Male,0,No,No,1
CUST0355,58,72.74,5106.32,2,9,2,One year,No,No,No,Yes,Female,0,Yes,No,0
CUST0356,1,91.94,4788.34,2,0,1,Month-to-month,DSL,No,No,Yes,Male,0,Yes,Yes,0
CUST0357,34,109.03,228.32,2,6,2,Two year,Fiber optic,No,Yes,No,Male,0,Yes,No,1
CUST0358,48,27.94,5857.35,1,6,3,Month-to-month,Fiber optic,Yes,No,Yes,Female,0,No,No,1
CUST0359,1,93.15,2655.89,2,3,0,Month-to-month,DSL,No,Yes,Yes,Male,0,Yes,No,0
CUST0360,16,38.74,5353.94,3,1,3,Two year,No,Yes,Yes,Yes,Female,0,No,No,0
CUST0361,61,105.82,4496.97,1,2,2,Month-to-month,Fiber optic,Yes,Yes,Yes,Male,0,Yes,No,0
CUST0362,64,101.91,2807.57,1,7,4,Month-to-month,DSL,Yes,Yes,Yes,Female,0,Yes,Yes,1
CUST0363,63,74.08,1163.15,1,7,3,Month-to-month,Fiber optic,No,Yes,Yes,Male,0,No,Yes,1
CUST0364,69,91.02,845.91,1,5,4,Two year,Fiber optic,Yes,No,Yes,Male,0,Yes,No,1
CUST0365,22,51.44,6668.99,3,9,4,One year,No,No,No,No,Male,0,Yes,No,0
CUST0366,67,67.12,7355.34,2,8,2,One year,DSL,No,No,Yes,Male,0,No,No,0
CUST0367,26,102.16,5233.33,3,8,2,One year,Fiber optic,Yes,Yes,Yes,Male,0,Yes,No,0
CUST0368,16,65.93,917.13,2,3,0,Month-to-month,Fiber optic,No,No,Yes,Female,1,Yes,Yes,0
CUST0369,51,55.78,3276.02,3,0,1,Two year,Fiber optic,Yes,Yes,Yes,Female,0,No,No,0
CUST0370,57,69.42,5858.62,4,0,3,Two year,Fiber optic,Yes,No,No,Male,1,Yes,Yes,0
CUST0371,29,102.82,6260.58,4,9,2,Month-to-month,DSL,No,No,Yes,Female,1,Yes,Yes,0
CUST0372,69,53.52,1033.93,4,4,3,Month-to-month,Fiber optic,Yes,No,Yes,Female,0,No,No,0
CUST0373,47,37.38,100.24,4,1,4,Two year,Fiber optic,Yes,No,No,Female,0,Yes,Yes,0
CUST0374,62,91.2,5725.88,1,5,1,Two year,No,Yes,No,Yes,Female,0,Yes,No,0
CUST0375,69,102.6,2917.11,1,6,0,Two year,DSL,No,No,Yes,Male,0,Yes,Yes,0
CUST0376,16,30.06,2110.4,3,0,3,Two year,Fiber optic,No,Yes,Yes,Female,1,No,Yes,0
CUST0377,48,43.99,201.89,3,5,1,Month-to-month,No,No,Yes,Yes,Female,0,Yes,No,0
CUST0378,39,34.2,4368.37,4,7,0,One year,Fiber optic,Yes,Yes,No,Male,0,No,No,0
CUST0379,33,54.79,6824.09,2,4,3,Month-to-month,No,Yes,Yes,Yes,Male,0,Yes,Yes,1
CUST0380,23,65.04,7665.29,4,6,1,Month-to-month,No,No,Yes,Yes,Male,1,Yes,No,1
CUST0381,10,94.88,4569.39,3,9,2,One year,Fiber optic,No,No,Yes,Male,0,Yes,No,1
CUST0382,69,85.11,4164.24,4,5,3,Month-to-month,Fiber optic,No,Yes,Yes,Male,0,Yes,No,1
CUST0383,34,82.09,771.95,3,3,1,One year,DSL,No,Yes,No,Male,0,Yes,Yes,0
CUST0384,52,55.24,4436.1,4,6,0,Month-to-month,Fiber optic,No,Yes,Yes,Male,0,Yes,No,1
CUST0385,10,104.14,3101.83,2,9,1,Month-to-month,DSL,Yes,Yes,No,Male,0,Yes,No,0
CUST0386,19,67.13,4896.37,4,8,2,Month-to-month,Fiber optic,No,Yes,Yes,Female,0,Yes,Yes,0
CUST0387,58,117.91,3170.94,2,9,3,Month-to-month,Fiber optic,Yes,Yes,No,Male,0,Yes,Yes,1
CUST0388,1,83.41,1998.36,2,9,3,Month-to-month,Fiber optic,Yes,Yes,Yes,Female,0,No,No,1
CUST0389,69,32.63,850.23,3,6,3,Month-to-month,DSL,Yes,Yes,Yes,Male,0,Yes,Yes,0
CUST0390,4,87.62,2587.86,2,4,2,Two year,No,Yes,Yes,No,Male,0,No,No,0
CUST0391,16,52.51,863.49,1,6,0,Month-to-month,DSL,No,No,No,Female,0,No,Yes,0
CUST0392,24,88.63,1497.49,1,2,3,Month-to-month,DSL,Yes,Yes,Yes,Male,0,Yes,No,0
CUST0393,2,26.96,7899.96,1,1,0,One year,DSL,No,Yes,Yes,Male,0,No,No,0
CUST0394,32,37.49,3608.42,3,4,1,One year,No,Yes,No,Yes,Female,0,No,Yes,0
CUST0395,24,105.57,4301.79,1,3,0,Month-to-month,No,No,No,No,Female,0,No,No,1
CUST0396,12,42.72,7001.59,3,4,0,One year,Fiber optic,No,Yes,Yes,Female,0,No,No,0
CUST0397,50,103.7,7964.99,3,7,3,One year,No,Yes,Yes,No,Female,0,Yes,Yes,1
CUST0398,35,47.93,4703.44,1,3,4,Month-to-month,DSL,No,Yes,No,Female,0,No,No,0
CUST0399,33,84.29,6518.54,2,8,4,Month-to-month,No,Yes,No,No,Female,0,Yes,No,1
CUST0400,33,89.42,2682.83,4,6,2,Two year,DSL,No,Yes,Yes,Male,0,No,No,0
CUST0401,61,71.27,2515.38,3,9,2,Two year,DSL,Yes,No,Yes,Male,0,No,Yes,0
CUST0402,51,50.53,3281.36,1,6,4,One year,DSL,Yes,No,No,Male,0,No,No,0
CUST0403,43,41.26,5412.81,3,7,1,Month-to-month,Fiber optic,No,No,No,Male,1,Yes,No,0
CUST0404,12,23.32,5489.31,2,5,3,Month-to-month,Fiber optic,No,No,No,Male,0,Yes,No,0
CUST0405,67,50.39,2590.39,2,7,3,One year,Fiber optic,Yes,No,Yes,Female,0,Yes,No,1
CUST0406,65,85.32,1152.36,1,2,1,Month-to-month,No,Yes,Yes,No,Female,1,Yes,Yes,0
CUST0407,33,113.83,5095.93,3,9,1,Month-to-month,Fiber optic,No,Yes,Yes,Male,0,No,No,0
CUST0408,40,107.12,1113.77,4,9,4,One year,DSL,Yes,No,Yes,Female,1,Yes,No,0
CUST0409,43,96.61,4670.09,4,0,2,Month-to-month,Fiber optic,Yes,No,No,Male,0,No,Yes,0
CUST0410,44,98.84,5578.03,3,5,1,One year,Fiber optic,Yes,No,Yes,Female,0,Yes,Yes,0
CUST0411,29,86.5,5634.83,3,0,2,Two year,No,No,No,No,Male,0,No,Yes,1
CUST0412,13,46.03,6052.43,3,8,0,Month-to-month,Fiber optic,Yes,Yes,Yes,Male,0,No,No,1
CUST0413,12,110.72,6995.59,1,1,3,Two year,Fiber optic,Yes,No,Yes,Male,0,Yes,No,0
CUST0414,46,87.07,4049.68,2,1,4,Month-to-month,DSL,No,No,Yes,Female,0,No,No,0
CUST0415,2,76.04,5868.97,4,6,3,Two year,Fiber optic,Yes,Yes,Yes,Female,0,No,No,1
CUST0416,35,31.1,4991.46,1,1,4,Month-to-month,No,Yes,Yes,Yes,Male,1,No,No,0
CUST0417,8,64.71,1574.46,3,9,0,Month-to-month,DSL,Yes,Yes,No,Female,0,No,No,1
CUST0418,26,66.04,302.95,3,7,3,One year,No,Yes,Yes,No,Male,0,No,Yes,1
CUST0419,34,106.46,2347.88,2,5,0,Month-to-month,Fiber optic,No,No,Yes,Male,0,Yes,Yes,1
CUST0420,7,74.66,3599.97,3,6,4,Two year,DSL,Yes,No,Yes,Female,0,Yes,Yes,1
CUST0421,68,58.04,4975.14,1,6,1,Month-to-month,No,Yes,No,No,Male,0,No,No,1
CUST0422,58,117.68,6814.68,1,5,3,Month-to-month,Fiber optic,Yes,No,No,Male,0,No,No,1
CUST0423,29,31.07,1650.34,2,9,0,Month-to-month,DSL,Yes,No,No,Male,0,Yes,No,0
CUST0424,36,62.25,1091.84,1,8,3,Month-to-month,DSL,Yes,No,No,Female,0,Yes,No,1
CUST0425,21,24.2,7711.49,4,8,3,Month-to-month,DSL,No,No,Yes,Male,1,Yes,No,1
CUST0426,36,93.99,953.55,1,6,3,One year,No,No,No,Yes,Male,0,No,No,1
CUST0427,10,111.81,3880.08,1,8,2,One year,Fiber optic,Yes,No,Yes,Male,0,No,No,1
CUST0428,24,48.0,4725.95,1,9,0,Two year,No,Yes,Yes,Yes,Male,0,Yes,Yes,1
CUST0429,64,105.83,4376.86,4,2,0,Two year,DSL,No,No,No,Female,0,Yes,No,1
CUST0430,49,49.22,779.65,3,2,3,Month-to-month,DSL,No,Yes,Yes,Male,0,Yes,No,1
CUST0431,36,111.08,550.51,1,0,1,One year,DSL,No,Yes,No,Male,0,No,Yes,0
CUST0432,24,95.4,933.32,2,4,3,Month-to-month,Fiber optic,Yes,Yes,No,Female,1,No,Yes,1
CUST0433,23,100.49,4726.14,4,3,2,One year,No,Yes,Yes,No,Female,0,No,No,1
CUST0434,62,21.8,4400.32,2,1,4,Month-to-month,Fiber optic,Yes,No,No,Female,0,Yes,No,1
CUST0435,37,116.28,1946.55,1,8,2,Two year,DSL,Yes,Yes,Yes,Female,0,No,No,1
CUST0436,12,92.67,5138.42,2,2,1,One year,No,Yes,Yes,No,Female,0,Yes,Yes,0
CUST0437,55,50.48,6578.53,1,7,3,Two year,Fiber optic,Yes,No,Yes,Female,0,Yes,No,0
CUST0438,13,102.94,428.47,4,5,0,Two year,DSL,No,Yes,Yes,Male,0,Yes,No,1
CUST0439,23,48.15,4035.23,2,4,3,Two year,No,No,No,No,Male,0,No,No,0
CUST0440,30,107.28,5545.55,2,0,1,Two year,DSL,Yes,No,Yes,Female,0,No,No,0
CUST0441,17,31.26,2093.26,1,3,0,Month-to-month,DSL,Yes,No,No,Male,0,No,No,1
CUST0442,62,90.37,2531.39,1,2,2,Month-to-month,DSL,Yes,No,No,Female,0,No,Yes,0
CUST0443,13,74.07,4947.74,3,0,4,Month-to-month,Fiber optic,No,Yes,No,Male,0,No,No,1
CUST0444,59,29.65,7193.69,1,4,4,Month-to-month,Fiber optic,No,No,Yes,Female,0,No,No,1
CUST0445,19,44.19,6498.4,1,5,3,Month-to-month,DSL,No,Yes,No,Female,0,Yes,No,0
CUST0446,49,21.24,4706.73,3,1,2,Month-to-month,DSL,No,Yes,Yes,Male,0,Yes,No,0
CUST0447,12,66.88,5868.75,1,2,1,Month-to-month,Fiber optic,Yes,No,No,Female,0,No,No,0
CUST0448,61,50.13,2982.1,1,5,4,Two year,No,No,Yes,Yes,Male,0,No,No,0
CUST0449,19,79.84,5163.63,3,3,2,Two year,Fiber optic,No,No,No,Female,0,No,No,0
CUST0450,9,49.72,3782.83,4,8,3,Month-to-month,DSL,Yes,Yes,Yes,Female,1,Yes,No,1
CUST0451,71,49.99,1600.5,4,4,0,Month-to-month,DSL,Yes,Yes,Yes,Male,0,No,Yes,0
CUST0452,28,94.32,5643.73,1,3,3,Month-to-month,DSL,Yes,Yes,Yes,Female,1,Yes,No,0
CUST0453,52,24.81,4496.07,1,1,3,Month-to-month,DSL,No,Yes,Yes,Male,0,No,No,1
CUST0454,16,110.29,2933.11,3,5,2,One year,Fiber optic,Yes,No,No,Male,0,Yes,No,0
CUST0455,69,105.23,7299.58,3,9,4,Month-to-month,Fiber optic,No,No,Yes,Male,0,Yes,No,1
CUST0456,12,86.78,265.38,4,1,2,One year,Fiber optic,No,Yes,Yes,Male,0,No,No,0
CUST0457,25,79.32,2594.61,2,6,0,Two year,Fiber optic,No,Yes,Yes,Male,1,Yes,No,0
CUST0458,52,109.23,549.36,1,2,2,Two year,DSL,No,Yes,Yes,Female,0,Yes,No,0
CUST0459,53,38.53,6155.57,2,8,1,Month-to-month,DSL,Yes,Yes,Yes,Female,0,Yes,No,1
CUST0460,23,27.9,5646.65,2,4,3,One year,Fiber optic,Yes,No,No,Male,0,Yes,No,0
CUST0461,16,43.95,2717.68,3,7,4,Month-to-month,DSL,No,Yes,Yes,Female,0,No,No,1
CUST0462,57,99.46,5437.74,1,5,0,Month-to-month,DSL,Yes,Yes,Yes,Male,0,Yes,Yes,0
CUST0463,39,23.47,3227.9,1,9,3,Month-to-month,Fiber optic,No,Yes,Yes,Female,0,Yes,No,0
CUST0464,53,78.28,6074.4,3,7,2,Month-to-month,DSL,No,No,Yes,Male,0,Yes,No,0
CUST0465,42,119.54,3688.05,2,2,1,Month-to-month,DSL,Yes,Yes,Yes,Female,1,No,Yes,1
CUST0466,58,105.57,3357.01,3,2,2,Month-to-month,No,Yes,No,Yes,Male,0,No,No,0
CUST0467,39,72.14,7484.37,4,4,3,One year,No,No,No,No,Female,0,Yes,No,0
CUST0468,14,26.36,2081.94,1,9,0,One year,DSL,Yes,Yes,Yes,Male,0,No,No,0
CUST0469,5,103.14,1051.53,4,2,4,Month-to-month,DSL,No,Yes,Yes,Male,1,No,Yes,1
CUST0470,35,79.9,4717.89,3,7,3,Month-to-month,Fiber optic,Yes,Yes,Yes,Female,0,No,No,0
CUST0471,18,31.49,7757.64,1,9,0,Two year,DSL,No,No,No,Male,0,No,No,0
CUST0472,9,29.39,3084.93,4,7,3,Month-to-month,Fiber optic,No,No,No,Male,1,No,No,1
CUST0473,58,110.96,590.09,4,1,1,Two year,DSL,Yes,Yes,Yes,Female,0,No,No,0
CUST0474,17,86.92,2780.51,2,3,2,One year,DSL,Yes,No,No,Female,0,No,No,0
CUST0475,7,102.93,4096.86,1,9,4,Month-to-month,Fiber optic,No,Yes,Yes,Male,0,Yes,No,1
CUST0476,46,107.9,1379.19,4,0,0,Month-to-month,No,Yes,Yes,Yes,Male,1,Yes,No,0
CUST0477,13,77.18,5299.01,4,3,4,Month-to-month,DSL,Yes,Yes,Yes,Male,1,Yes,Yes,1
CUST0478,40,71.74,7982.22,2,3,4,Month-to-month,DSL,No,Yes,Yes,Male,0,No,No,1
CUST0479,42,63.04,3668.74,4,9,4,Month-to-month,DSL,No,Yes,Yes,Female,0,Yes,No,1
CUST0480,9,51.69,2902.36,4,8,0,One year,DSL,Yes,Yes,Yes,Male,0,No,No,1
CUST0481,50,63.46,3265.56,4,2,0,Month-to-month,No,Yes,No,Yes,Male,0,No,No,0
CUST0482,27,97.39,1009.65,2,1,4,Month-to-month,Fiber optic,No,No,Yes,Female,1,Yes,No,1
CUST0483,66,80.19,7077.86,4,8,2,One year,Fiber optic,No,No,Yes,Female,1,Yes,No,0
CUST0484,5,109.25,3377.12,4,8,3,Month-to-month,Fiber optic,No,Yes,Yes,Male,0,Yes,No,1
CUST0485,29,64.34,3159.47,1,0,4,Month-to-month,No,No,Yes,No,Female,0,Yes,No,0
CUST0486,37,80.71,5311.55,1,5,1,Month-to-month,No,No,Yes,Yes,Female,0,No,No,1
CUST0487,38,83.13,3592.06,2,9,4,Month-to-month,DSL,No,No,No,Female,0,Yes,Yes,0
CUST0488,8,79.17,5221.04,3,7,0,One year,DSL,No,Yes,No,Male,0,Yes,Yes,0
CUST0489,65,90.26,585.43,1,2,3,Month-to-month,Fiber optic,No,No,Yes,Male,0,No,No,0
CUST0490,17,43.74,6528.41,2,8,1,One year,Fiber optic,Yes,Yes,Yes,Male,0,No,No,0
CUST0491,71,71.24,7529.98,4,1,3,Month-to-month,No,Yes,No,Yes,Female,0,No,No,1
CUST0492,45,30.42,5225.25,4,5,3,Month-to-month,Fiber optic,Yes,Yes,Yes,Male,0,No,No,1
CUST0493,4,58.45,7641.07,2,0,1,Month-to-month,No,No,Yes,Yes,Male,1,No,No,0
CUST0494,36,68.77,1296.32,4,6,4,One year,DSL,Yes,No,Yes,Male,1,Yes,Yes,0
CUST0495,70,85.22,3871.59,4,2,4,Month-to-month,No,No,No,Yes,Female,0,Yes,No,1
CUST0496,31,115.05,4854.27,3,6,4,Month-to-month,DSL,Yes,No,No,Male,0,No,No,1
CUST0497,19,80.07,4695.72,4,3,2,One year,No,No,Yes,Yes,Male,0,Yes,No,0
CUST0498,61,94.36,3271.55,1,8,4,Month-to-month,DSL,No,No,No,Male,1,No,No,1
CUST0499,54,70.63,2770.87,4,4,1,Month-to-month,Fiber optic,Yes,No,Yes,Male,0,Yes,No,1
CUST0500,39,83.41,1101.91,2,2,2,One year,Fiber optic,No,Yes,No,Female,0,Yes,No,0
CUST0501,19,27.09,3194.77,3,7,4,Month-to-month,Fiber optic,Yes,Yes,Yes,Male,0,Yes,No,1
CUST0502,39,45.44,1385.02,4,5,2,One year,Fiber optic,Yes,No,Yes,Male,1,Yes,No,0
CUST0503,67,56.19,5901.49,2,1,1,Month-to-month,No,Yes,Yes,No,Female,0,Yes,No,0
CUST0504,45,67.25,1749.76,1,2,4,One year,Fiber optic,Yes,No,No,Female,0,No,Yes,0
CUST0505,13,24.56,562.67,4,7,0,One year,Fiber optic,Yes,No,Yes,Female,0,Yes,No,0
CUST0506,58,34.0,4463.69,3,9,1,Month-to-month,DSL,Yes,No,Yes,Female,1,Yes,No,0
CUST0507,20,47.68,4802.31,4,6,3,One year,No,Yes,Yes,No,Female,0,Yes,Yes,0
CUST0508,61,117.15,6988.11,2,9,3,Two year,Fiber optic,Yes,No,No,Male,0,Yes,Yes,0
CUST0509,39,53.13,4658.15,3,5,1,Month-to-month,Fiber optic,Yes,No,Yes,Female,0,No,No,0
CUST0510,1,68.2,2829.3,4,0,3,Month-to-month,DSL,No,Yes,Yes,Female,0,No,No,0
CUST0511,3,39.61,6443.79,1,8,1,One year,Fiber optic,No,No,No,Female,0,No,Yes,0
CUST0512,62,81.08,4368.2,3,2,0,One year,DSL,Yes,No,Yes,Male,0,Yes,No,0
CUST0513,63,48.07,726.31,1,4,1,Month-to-month,DSL,No,No,No,Male,0,No,No,1
CUST0514,25,40.7,4570.22,2,6,4,Two year,Fiber optic,No,Yes,Yes,Male,1,No,No,1
CUST0515,56,71.66,7273.35,4,6,4,Month-to-month,DSL,Yes,No,No,Female,0,No,No,0
CUST0516,33,20.55,3230.87,1,2,2,One year,DSL,Yes,Yes,No,Male,0,No,Yes,0
CUST0517,38,20.77,2440.97,2,3,3,One year,Fiber optic,No,Yes,No,Female,0,Yes,No,0
CUST0518,6,41.91,1233.41,4,9,3,Two year,DSL,Yes,No,Yes,Female,0,Yes,No,0
CUST0519,58,23.67,1296.42,2,6,1,Month-to-month,DSL,Yes,No,Yes,Male,1,Yes,No,0
CUST0520,44,30.8,3518.89,1,7,3,One year,DSL,Yes,Yes,Yes,Male,0,Yes,No,1
CUST0521,45,53.89,4805.87,2,1,4,Month-to-month,Fiber optic,No,No,No,Male,0,No,No,1
CUST0522,32,100.26,736.86,3,8,0,Month-to-month,Fiber optic,Yes,No,No,Female,0,Yes,No,1
CUST0523,45,77.2,7522.59,4,6,1,Month-to-month,Fiber optic,No,Yes,Yes,Male,0,Yes,No,0
CUST0524,61,71.27,6065.56,2,7,3,One year,DSL,Yes,No,No,Male,0,Yes,No,1
CUST0525,47,49.35,4734.33,1,5,4,Month-to-month,DSL,Yes,No,No,Male,0,No,Yes,0
CUST0526,21,113.18,6644.67,4,5,2,Month-to-month,DSL,No,Yes,Yes,Male,1,No,No,1
CUST0527,36,59.7,733.48,3,8,3,One year,Fiber optic,Yes,No,Yes,Male,0,No,Yes,0
CUST0528,19,28.71,3867.03,4,3,0,One year,No,No,Yes,No,Female,0,Yes,No,1
CUST0529,20,81.71,5077.74,3,4,0,One year,DSL,No,Yes,Yes,Female,0,Yes,No,0
CUST0530,57,31.38,6646.36,4,8,3,Two year,DSL,Yes,No,No,Male,1,Yes,No,0
CUST0531,18,54.52,6289.41,2,0,3,Month-to-month,DSL,Yes,Yes,Yes,Female,0,Yes,No,0
CUST0532,47,70.74,2288.85,2,3,4,Two year,Fiber optic,No,No,No,Female,0,No,No,0
CUST0533,49,107.42,7532.95,1,6,3,Two year,Fiber optic,No,No,Yes,Female,0,Yes,No,0
CUST0534,14,69.35,1082.33,3,8,2,Month-to-month,Fiber optic,Yes,Yes,Yes,Male,1,No,No,0
CUST0535,15,90.23,7013.56,1,9,4,Month-to-month,No,Yes,Yes,Yes,Female,0,No,No,1
CUST0536,31,119.28,7770.43,2,5,1,Month-to-month,Fiber optic,Yes,Yes,Yes,Male,0,Yes,No,1
CUST0537,1,33.15,1499.51,3,7,2,Month-to-month,DSL,Yes,Yes,Yes,Female,0,No,No,0
CUST0538,54,47.47,5804.32,1,8,4,One year,DSL,Yes,Yes,Yes,Male,1,Yes,No,0
CUST0539,3,59.46,418.26,1,9,4,One year,Fiber optic,No,Yes,No,Female,0,Yes,No,1
CUST0540,16,62.18,3302.84,1,3,0,One year,Fiber optic,No,No,No,Female,1,Yes,No,0
CUST0541,57,61.1,4178.64,1,0,4,Month-to-month,Fiber optic,No,No,Yes,Male,0,Yes,No,1
CUST0542,12,110.76,4687.1,1,7,2,Month-to-month,Fiber optic,No,Yes,No,Male,0,No,Yes,1
CUST0543,16,91.4,7493.9,3,1,3,Two year,Fiber optic,Yes,No,Yes,Female,0,No,No,0
CUST0544,24,80.79,5410.78,1,0,2,Month-to-month,No,No,Yes,No,Male,0,Yes,No,0
CUST0545,28,50.94,3902.1,3,6,1,Two year,Fiber optic,Yes,Yes,No,Male,0,No,No,0
CUST0546,8,102.38,6496.43,1,9,4,Month-to-month,Fiber optic,Yes,No,Yes,Male,0,No,No,1
CUST0547,36,115.51,7609.21,2,8,4,Two year,DSL,Yes,No,No,Male,0,No,No,0
CUST0548,8,102.12,274.32,2,8,4,Month-to-month,Fiber optic,Yes,Yes,No,Female,0,Yes,No,1
CUST0549,58,20.16,7861.92,1,2,4,Month-to-month,No,Yes,Yes,Yes,Male,0,Yes,No,0
CUST0550,60,83.64,780.44,4,5,0,Month-to-month,Fiber optic,No,Yes,No,Female,0,Yes,No,0
CUST0551,50,25.11,6533.66,2,6,0,One year,Fiber optic,Yes,No,No,Female,1,No,No,1
CUST0552,28,45.76,2314.64,3,9,3,Two year,Fiber optic,Yes,Yes,Yes,Male,0,Yes,Yes,0
CUST0553,41,25.95,1144.22,1,8,4,Month-to-month,DSL,Yes,Yes,No,Male,0,Yes,Yes,0
CUST0554,64,80.38,3574.86,3,1,1,Two year,Fiber optic,No,No,No,Male,0,Yes,Yes,0
CUST0555,27,88.66,5187.26,4,7,3,One year,DSL,Yes,No,Yes,Male,0,Yes,No,1
CUST0556,63,31.45,3109.52,1,6,4,One year,No,Yes,No,Yes,Female,0,Yes,Yes,1
CUST0557,17,58.38,531.07,2,3,0,Two year,No,Yes,Yes,Yes,Female,1,Yes,No,0
CUST0558,33,65.62,4835.74,3,1,1,Month-to-month,DSL,No,Yes,No,Male,1,No,No,0
CUST0559,29,56.91,7228.99,2,7,3,Month-to-month,DSL,Yes,No,No,Female,0,Yes,No,1
CUST0560,13,32.1,3127.4,2,4,1,Two year,Fiber optic,No,Yes,Yes,Male,0,No,Yes,0
CUST0561,46,61.89,1809.03,1,5,4,Two year,DSL,No,Yes,No,Female,0,Yes,No,0
CUST0562,35,95.12,3596.36,3,6,2,Two year,DSL,Yes,No,No,Female,0,No,No,0
CUST0563,6,27.1,482.07,4,9,1,Two year,Fiber optic,No,No,No,Female,0,No,No,0
CUST0564,69,28.02,6581.85,2,0,1,Month-to-month,Fiber optic,No,Yes,Yes,Male,0,No,No,1
CUST0565,47,55.48,6628.09,1,7,0,Two year,DSL,Yes,No,Yes,Male,0,Yes,No,1
CUST0566,25,114.17,4745.2,1,3,4,Month-to-month,No,Yes,No,No,Female,0,Yes,No,1
CUST0567,66,86.86,2889.51,4,8,1,Two year,No,Yes,Yes,Yes,Male,0,No,No,1
CUST0568,10,87.87,6418.29,1,0,4,Month-to-month,Fiber optic,Yes,Yes,No,Male,0,No,Yes,1
CUST0569,56,56.19,4482.03,2,1,0,One year,No,No,Yes,No,Female,0,Yes,No,0
CUST0570,30,79.37,6624.87,1,5,4,Month-to-month,DSL,No,Yes,Yes,Male,0,Yes,No,1
CUST0571,5,21.01,5088.52,3,9,0,Month-to-month,DSL,Yes,Yes,No,Male,0,Yes,No,0
CUST0572,33,83.61,6296.8,3,0,0,Month-to-month,DSL,Yes,Yes,Yes,Female,0,No,No,1
CUST0573,65,111.33,4828.65,2,3,3,Two year,Fiber optic,Yes,No,Yes,Female,1,No,No,1
CUST0574,18,81.26,3371.71,3,7,4,Two year,No,No,No,Yes,Female,0,No,Yes,0
CUST0575,49,107.37,7667.77,4,9,2,Month-to-month,Fiber optic,Yes,No,Yes,Female,0,No,No,0
CUST0576,11,92.4,4374.8,1,4,3,One year,No,No,Yes,Yes,Male,0,No,No,1
CUST0577,26,32.06,4880.21,2,8,0,One year,Fiber optic,No,Yes,No,Male,0,Yes,No,0
CUST0578,63,110.25,1841.85,4,5,2,Month-to-month,Fiber optic,No,Yes,No,Female,0,No,No,0
CUST0579,59,26.64,5042.64,1,0,1,Month-to-month,Fiber optic,No,Yes,Yes,Female,0,No,Yes,0
CUST0580,27,73.4,4615.7,4,5,1,Two year,DSL,Yes,Yes,No,Male,0,Yes,No,0
CUST0581,49,34.21,1560.22,2,5,3,One year,DSL,Yes,No,Yes,Male,0,Yes,Yes,0
CUST0582,33,21.17,570.74,2,5,2,Month-to-month,Fiber optic,Yes,Yes,Yes,Male,1,Yes,No,0
CUST0583,1,62.2,4874.44,4,7,4,One year,Fiber optic,No,No,No,Female,0,No,No,0
CUST0584,21,49.5,6133.17,1,5,2,Month-to-month,Fiber optic,No,Yes,No,Female,0,Yes,No,0
CUST0585,55,68.6,4234.87,3,4,3,Month-to-month,Fiber optic,Yes,No,No,Female,0,No,No,1
CUST0586,6,77.72,1891.5,3,1,4,Month-to-month,DSL,No,No,Yes,Female,0,Yes,No,1
CUST0587,69,24.37,5365.52,4,3,4,Month-to-month,Fiber optic,No,No,No,Male,0,No,No,1
CUST0588,5,32.3,732.84,2,9,1,One year,Fiber optic,No,No,No,Female,0,No,Yes,0
CUST0589,3,75.86,3590.49,1,4,2,Two year,Fiber optic,Yes,No,No,Female,0,Yes,No,0
CUST0590,53,54.32,1390.6,1,9,4,Month-to-month,No,Yes,No,Yes,Male,1,No,No,0
CUST0591,23,92.92,1557.23,2,3,3,Month-to-month,Fiber optic,Yes,No,Yes,Female,0,Yes,No,1
CUST0592,53,85.23,1698.12,3,1,1,One year,Fiber optic,No,Yes,No,Male,1,No,No,0
CUST0593,37,104.56,3154.99,1,6,4,Two year,No,Yes,Yes,No,Female,0,No,No,0
CUST0594,17,89.25,504.09,4,9,2,One year,No,Yes,No,Yes,Male,0,No,No,0
CUST0595,1,62.99,3242.57,3,9,1,Two year,No,Yes,Yes,Yes,Male,0,Yes,Yes,0
CUST0596,51,87.3,4142.49,4,1,2,Month-to-month,DSL,No,Yes,Yes,Male,0,No,No,0
CUST0597,45,47.54,3918.02,3,0,2,One year,DSL,No,No,Yes,Female,0,Yes,No,0
CUST0598,4,50.63,3123.99,2,4,2,Month-to-month,DSL,No,Yes,Yes,Female,0,No,No,1
CUST0599,62,98.9,6729.26,4,0,1,Month-to-month,DSL,No,No,Yes,Female,0,No,Yes,0
CUST0600,65,64.64,1248.08,4,0,4,Month-to-month,No,No,Yes,Yes,Female,0,Yes,No,0
CUST0601,32,99.84,4095.0,2,0,0,Month-to-month,Fiber optic,Yes,No,Yes,Female,0,Yes,Yes,0
CUST0602,34,102.24,590.13,4,5,4,Two year,DSL,Yes,Yes,Yes,Female,0,No,No,1
CUST0603,39,105.76,662.13,3,8,1,Two year,DSL,No,No,Yes,Male,0,No,Yes,1
CUST0604,26,111.66,4633.54,1,9,0,Month-to-month,DSL,No,Yes,Yes,Female,0,No,No,1
CUST0605,34,63.1,4571.55,1,0,0,Month-to-month,Fiber optic,Yes,Yes,No,Female,0,No,Yes,0
CUST0606,54,51.89,7036.46,2,4,0,Month-to-month,Fiber optic,No,Yes,Yes,Male,0,No,No,1
CUST0607,3,78.22,4507.2,3,8,3,Month-to-month,No,No,No,No,Male,0,No,No,0
CUST0608,50,57.12,7682.35,4,8,1,One year,No,No,No,Yes,Female,0,Yes,Yes,0
CUST0609,12,80.11,484.69,4,0,3,Two year,DSL,No,Yes,No,Male,0,No,Yes,0
CUST0610,65,90.56,874.26,1,7,0,Two year,DSL,No,Yes,Yes,Female,0,Yes,Yes,1
CUST0611,54,88.84,448.12,4,0,3,One year,DSL,Yes,No,Yes,Male,0,No,No,1
CUST0612,5,57.46,1563.69,1,7,3,Two year,Fiber optic,Yes,Yes,Yes,Female,0,No,No,1
CUST0613,57,36.69,4376.03,2,0,1,Month-to-month,No,No,Yes,No,Male,0,Yes,No,1
CUST0614,17,63.05,5200.02,4,4,2,Month-to-month,Fiber optic,No,No,Yes,Male,0,No,No,0
CUST0615,47,34.26,460.12,3,7,3,Month-to-month,Fiber optic,Yes,No,Yes,Female,0,No,Yes,1
CUST0616,23,109.01,7573.17,4,5,3,One year,Fiber optic,No,Yes,Yes,Female,0,Yes,No,1
CUST0617,14,54.59,6753.11,1,8,0,One year,DSL,Yes,No,No,Male,0,No,No,0
CUST0618,66,35.45,2443.24,2,0,0,Month-to-month,DSL,No,Yes,Yes,Male,1,Yes,No,0
CUST0619,51,22.54,709.78,1,8,0,Month-to-month,Fiber optic,Yes,Yes,Yes,Male,0,No,No,1
CUST0620,38,84.58,1442.11,4,0,4,Month-to-month,Fiber optic,Yes,No,Yes,Male,0,No,No,1
CUST0621,64,83.69,1102.86,1,9,3,Two year,DSL,No,Yes,Yes,Female,0,Yes,No,0
CUST0622,38,54.06,1073.94,1,9,0,Month-to-month,Fiber optic,No,No,No,Male,0,Yes,No,1
CUST0623,50,27.17,4196.64,2,2,1,One year,No,Yes,No,Yes,Male,0,No,Yes,0
CUST0624,30,60.96,2042.19,3,0,4,One year,Fiber optic,No,Yes,Yes,Female,0,Yes,No,0
CUST0625,51,51.12,2929.3,4,2,2,Month-to-month,Fiber optic,Yes,No,No,Female,0,Yes,Yes,0
CUST0626,63,87.71,7917.09,2,1,3,One year,Fiber optic,No,Yes,No,Female,0,Yes,No,1
CUST0627,52,80.58,5506.08,3,1,3,Two year,Fiber optic,No,No,Yes,Female,1,No,No,1
CUST0628,38,56.46,7596.95,1,8,1,Month-to-month,Fiber optic,No,Yes,No,Female,0,Yes,Yes,1
CUST0629,30,41.79,1226.2,3,7,2,Two year,No,Yes,No,Yes,Female,0,Yes,Yes,0
CUST0630,51,118.8,3118.9,1,0,2,Month-to-month,DSL,Yes,Yes,Yes,Male,0,Yes,No,1
CUST0631,5,65.4,4482.38,1,3,4,Month-to-month,Fiber optic,No,Yes,No,Male,1,Yes,Yes,0
CUST0632,29,88.83,706.39,2,0,3,Two year,DSL,Yes,No,No,Male,0,Yes,No,0
CUST0633,4,34.06,133.08,1,0,0,Two year,DSL,No,Yes,Yes,Female,0,No,Yes,1
CUST0634,10,68.56,5396.43,2,3,1,Two year,Fiber optic,Yes,Yes,Yes,Female,0,No,No,0
CUST0635,56,22.75,5170.37,3,1,1,One year,No,No,Yes,Yes,Male,0,No,No,0
CUST0636,17,70.55,3345.23,3,2,1,Two year,Fiber optic,Yes,Yes,Yes,Male,0,No,Yes,0
CUST0637,17,116.4,3968.19,1,8,1,Two year,DSL,Yes,Yes,Yes,Female,0,No,No,1
CUST0638,69,58.42,3382.0,2,1,0,Two year,DSL,Yes,Yes,Yes,Female,0,Yes,No,0
CUST0639,34,23.9,289.64,1,3,0,One year,Fiber optic,Yes,No,No,Male,0,Yes,No,0
CUST0640,6,23.1,2749.44,2,0,4,Month-to-month,DSL,Yes,No,No,Male,0,No,No,1
CUST0641,53,58.8,1498.95,2,1,3,Two year,DSL,Yes,No,Yes,Male,0,Yes,Yes,0
CUST0642,66,36.0,877.55,2,4,0,Month-to-month,Fiber optic,No,No,Yes,Male,0,Yes,Yes,0
CUST0643,43,22.34,7658.09,3,9,4,Month-to-month,DSL,No,Yes,Yes,Male,1,Yes,No,1
CUST0644,23,95.62,4834.94,2,0,2,Month-to-month,Fiber optic,Yes,Yes,Yes,Female,1,No,Yes,1
CUST0645,55,65.85,5856.38,3,6,3,One year,Fiber optic,No,No,Yes,Male,0,Yes,No,1
CUST0646,16,48.92,2591.37,2,3,0,Month-to-month,DSL,Yes,Yes,No,Male,1,Yes,No,0
CUST0647,8,110.01,3205.86,3,5,2,Month-to-month,Fiber optic,No,No,Yes,Female,0,No,No,0
CUST0648,4,31.61,1971.7,4,7,4,Two year,Fiber optic,No,Yes,No,Male,0,No,No,1
CUST0649,4,115.59,866.03,3,5,0,Month-to-month,Fiber optic,No,Yes,No,Female,0,Yes,No,0
CUST0650,56,51.4,1514.35,3,1,0,One year,Fiber optic,No,No,Yes,Female,0,Yes,No,0
CUST0651,25,108.84,6400.36,1,0,2,Month-to-month,DSL,Yes,Yes,Yes,Male,0,No,Yes,1
CUST0652,67,80.29,5452.61,2,7,0,Month-to-month,No,No,No,No,Male,0,No,No,1
CUST0653,67,102.67,4420.74,4,7,1,Month-to-month,Fiber optic,No,No,No,Female,0,Yes,No,1
CUST0654,27,118.4,3853.21,1,8,0,One year,DSL,No,No,No,Female,0,Yes,Yes,0
CUST0655,32,48.84,7387.23,2,5,3,Month-to-month,DSL,Yes,Yes,Yes,Female,1,No,No,0
CUST0656,50,116.11,674.61,4,0,2,Two year,DSL,No,Yes,Yes,Male,1,Yes,No,1
CUST0657,61,58.95,2316.75,4,8,3,Month-to-month,DSL,Yes,No,Yes,Male,0,No,No,1
CUST0658,51,58.55,2864.51,4,2,4,Month-to-month,Fiber optic,Yes,Yes,No,Male,0,No,Yes,0
CUST0659,19,54.04,6281.16,2,5,3,Month-to-month,DSL,No,No,No,Male,0,No,No,0
CUST0660,21,74.14,7940.87,4,9,1,Month-to-month,DSL,Yes,No,No,Male,0,Yes,No,1
CUST0661,5,35.41,2001.3,4,9,1,One year,Fiber optic,No,Yes,Yes,Female,0,Yes,No,1
CUST0662,42,75.37,7007.03,1,8,3,Two year,DSL,No,No,No,Male,0,No,No,0
CUST0663,61,74.17,6661.92,3,2,4,One year,Fiber optic,No,Yes,Yes,Male,0,No,Yes,0
CUST0664,22,96.19,1874.79,2,4,0,Month-to-month,Fiber optic,No,Yes,Yes,Female,0,No,No,0
CUST0665,21,103.36,3254.73,3,4,1,Month-to-month,DSL,No,Yes,Yes,Male,1,No,No,0
CUST0666,70,64.04,3336.42,1,9,3,Month-to-month,Fiber optic,No,No,No,Male,1,Yes,No,1
CUST0667,1,50.23,7827.94,3,6,3,Two year,Fiber optic,No,No,No,Male,0,No,Yes,0
CUST0668,5,45.93,1529.05,4,3,3,Month-to-month,Fiber optic,Yes,Yes,Yes,Female,0,No,No,0
CUST0669,12,39.46,6413.35,4,3,0,One year,DSL,Yes,Yes,No,Female,1,No,Yes,0
CUST0670,46,25.76,2740.12,2,6,2,Month-to-month,Fiber optic,No,No,Yes,Male,0,Yes,No,1
CUST0671,34,54.24,5873.88,2,8,4,Month-to-month,No,No,Yes,Yes,Male,0,No,No,1
CUST0672,49,47.02,3418.09,2,3,2,Month-to-month,Fiber optic,Yes,Yes,Yes,Male,0,No,No,0
CUST0673,45,116.64,4669.04,1,3,4,Month-to-month,DSL,No,No,Yes,Female,0,No,Yes,0
CUST0674,27,75.77,6677.63,2,5,4,One year,Fiber optic,Yes,No,Yes,Female,0,No,Yes,0
CUST0675,26,54.73,6452.91,1,5,3,Month-to-month,Fiber optic,Yes,No,Yes,Male,0,No,No,0
CUST0676,47,78.05,6944.74,4,6,1,One year,Fiber optic,No,Yes,No,Male,0,Yes,No,1
CUST0677,56,33.92,570.98,3,0,3,Month-to-month,Fiber optic,No,No,Yes,Male,0,Yes,No,0
CUST0678,63,64.4,5567.2,4,2,0,Two year,Fiber optic,Yes,No,No,Male,0,Yes,No,0
CUST0679,48,82.62,1205.9,4,8,4,Month-to-month,No,Yes,No,Yes,Female,0,No,No,1
CUST0680,61,68.89,3384.97,4,5,1,Two year,Fiber optic,No,No,No,Female,0,No,No,0
CUST0681,26,60.18,4433.85,2,5,4,Two year,Fiber optic,No,No,No,Male,0,Yes,No,1
CUST0682,36,119.38,3281.64,2,4,4,Two year,DSL,Yes,No,No,Female,0,No,Yes,0
CUST0683,1,108.03,4204.93,2,2,3,Month-to-month,No,Yes,No,Yes,Female,0,Yes,No,1
CUST0684,8,82.34,7972.56,3,4,1,One year,No,Yes,Yes,No,Male,0,No,No,0
CUST0685,52,76.94,1168.22,2,0,1,Month-to-month,DSL,No,No,Yes,Male,0,Yes,No,1
CUST0686,47,82.07,5436.1,1,2,4,Month-to-month,Fiber optic,No,Yes,No,Male,0,Yes,Yes,0
CUST0687,56,40.13,3228.41,4,3,1,Month-to-month,DSL,No,Yes,Yes,Male,0,No,No,0
CUST0688,14,59.51,1150.78,3,4,1,Month-to-month,Fiber optic,Yes,No,Yes,Female,0,No,No,0
CUST0689,28,23.95,1354.02,3,9,3,Two year,Fiber optic,Yes,Yes,Yes,Male,0,Yes,No,0
CUST0690,2,67.55,7599.26,3,8,2,Month-to-month,DSL,No,No,No,Male,1,Yes,No,0
CUST0691,26,74.3,7048.85,3,3,0,One year,No,Yes,Yes,Yes,Male,0,No,No,0
CUST0692,14,42.77,7265.63,3,2,2,One year,DSL,Yes,No,No,Male,0,Yes,No,0
CUST0693,59,116.4,7933.11,1,9,1,Month-to-month,Fiber optic,Yes,Yes,No,Female,0,No,No,0
CUST0694,56,110.95,1745.69,4,0,4,One year,Fiber optic,Yes,No,No,Male,0,Yes,Yes,0
CUST0695,7,92.21,2907.97,3,9,0,Month-to-month,DSL,Yes,No,Yes,Male,0,No,Yes,0
CUST0696,3,73.34,5386.83,4,5,0,One year,DSL,No,Yes,No,Female,0,No,Yes,0
CUST0697,23,107.0,3922.04,2,6,4,Month-to-month,DSL,No,Yes,Yes,Male,0,No,No,1
CUST0698,18,33.07,3405.28,3,9,0,Two year,Fiber optic,No,No,Yes,Male,0,Yes,No,0
CUST0699,38,99.05,2926.71,3,7,4,One year,Fiber optic,No,Yes,No,Male,0,No,No,1
CUST0700,15,32.48,4790.87,4,0,0,Two year,DSL,No,No,No,Female,0,No,Yes,0
CUST0701,64,99.42,4647.19,3,3,2,Month-to-month,DSL,Yes,Yes,No,Male,0,No,Yes,1
CUST0702,28,47.58,1375.52,3,4,0,Month-to-month,DSL,Yes,No,Yes,Male,0,Yes,Yes,0
CUST0703,39,107.71,3826.74,3,1,3,Month-to-month,Fiber optic,Yes,Yes,Yes,Male,0,No,Yes,0
CUST0704,57,114.4,4472.43,1,0,4,Month-to-month,Fiber optic,No,No,Yes,Female,1,No,Yes,1
CUST0705,17,34.88,4605.27,1,7,0,Month-to-month,DSL,Yes,Yes,Yes,Male,0,No,No,1
CUST0706,44,66.27,1759.85,3,5,4,One year,Fiber optic,Yes,No,Yes,Male,0,No,No,0
CUST0707,25,118.1,5963.94,1,4,3,Month-to-month,DSL,Yes,Yes,Yes,Male,0,No,No,1
CUST0708,17,68.34,299.07,2,8,0,Month-to-month,No,No,No,No,Female,0,Yes,No,0
CUST0709,13,106.35,2903.17,3,1,0,Two year,No,Yes,Yes,No,Female,0,No,No,0
CUST0710,25,78.87,6263.68,2,9,3,One year,Fiber optic,Yes,Yes,No,Male,0,No,No,0
CUST0711,68,57.53,4554.75,4,7,3,Month-to-month,No,No,No,No,Male,0,Yes,No,1
CUST0712,10,48.58,2163.18,2,9,3,Month-to-month,No,No,Yes,Yes,Female,0,Yes,No,1
CUST0713,67,40.32,5590.13,4,8,4,Month-to-month,No,Yes,Yes,Yes,Male,0,Yes,Yes,0
CUST0714,18,96.18,4582.39,3,0,3,Month-to-month,Fiber optic,No,No,No,Female,0,Yes,Yes,0
CUST0715,34,58.65,6390.32,4,6,4,One year,DSL,Yes,No,Yes,Female,0,No,Yes,1
CUST0716,8,71.13,5906.7,4,7,2,Month-to-month,DSL,No,No,Yes,Female,0,Yes,No,1
CUST0717,40,69.23,4919.85,2,2,0,Two year,DSL,Yes,No,Yes,Male,0,No,Yes,1
CUST0718,42,77.73,3956.6,2,3,0,One year,Fiber optic,Yes,Yes,Yes,Female,0,Yes,No,0
CUST0719,41,106.56,1152.14,2,2,1,One year,DSL,No,Yes,No,Female,0,Yes,Yes,1
CUST0720,6,118.07,2164.53,3,6,2,Month-to-month,DSL,No,Yes,No,Male,0,No,No,0
CUST0721,52,60.76,3410.89,3,8,3,Month-to-month,Fiber optic,No,No,No,Male,0,Yes,Yes,1
CUST0722,26,102.75,4834.46,2,2,3,One year,DSL,No,Yes,Yes,Male,0,Yes,No,0
CUST0723,64,96.45,4158.29,3,5,2,Month-to-month,Fiber optic,Yes,Yes,Yes,Female,0,No,Yes,1
CUST0724,59,77.35,2376.66,3,7,3,Month-to-month,No,No,No,No,Female,0,Yes,Yes,0
CUST0725,56,115.6,151.07,4,5,1,Month-to-month,Fiber optic,Yes,Yes,Yes,Male,0,Yes,No,0
CUST0726,59,40.05,4020.29,4,1,4,Month-to-month,Fiber optic,Yes,Yes,Yes,Female,0,Yes,No,1
CUST0727,70,30.93,2356.45,2,6,0,One year,Fiber optic,Yes,No,No,Male,0,No,Yes,1
CUST0728,33,105.4,5903.41,3,1,2,Month-to-month,Fiber optic,No,Yes,No,Male,0,No,No,1
CUST0729,53,63.91,289.18,4,1,0,Month-to-month,DSL,Yes,No,No,Male,0,No,No,0
CUST0730,22,104.7,4720.14,1,1,4,Month-to-month,No,Yes,No,Yes,Male,1,No,No,0
CUST0731,21,109.31,7537.65,3,0,2,One year,DSL,No,Yes,Yes,Male,0,No,No,0
CUST0732,70,26.25,1477.83,1,0,4,Two year,DSL,Yes,Yes,No,Female,1,Yes,No,1
CUST0733,70,108.35,3826.03,2,6,3,Two year,Fiber optic,Yes,Yes,Yes,Female,0,No,Yes,0
CUST0734,4,64.83,822.23,3,4,3,Month-to-month,DSL,Yes,No,No,Male,1,Yes,No,0
CUST0735,62,71.04,5042.89,2,2,3,Month-to-month,Fiber optic,No,No,Yes,Female,0,No,No,0
CUST0736,62,82.66,4449.2,2,0,4,Month-to-month,DSL,Yes,Yes,No,Female,1,Yes,No,0
CUST0737,24,112.64,3318.19,2,9,4,One year,DSL,Yes,Yes,No,Male,0,No,No,1
CUST0738,55,21.91,4218.88,2,5,4,One year,DSL,Yes,No,Yes,Female,0,No,No,0
CUST0739,9,67.68,7182.94,2,0,0,One year,DSL,No,Yes,Yes,Female,0,Yes,No,1
CUST0740,3,88.77,1650.72,3,8,4,Month-to-month,Fiber optic,No,Yes,No,Male,1,Yes,No,1
CUST0741,31,92.27,278.26,1,1,3,One year,No,No,No,No,Female,0,Yes,No,0
CUST0742,40,89.25,6907.15,3,0,1,Month-to-month,Fiber optic,Yes,Yes,Yes,Female,0,Yes,No,1
CUST0743,36,33.44,4659.22,3,6,4,One year,No,Yes,Yes,No,Female,0,No,No,1
CUST0744,24,49.94,7136.2,3,5,1,Month-to-month,DSL,Yes,Yes,Yes,Female,0,Yes,Yes,1
CUST0745,6,55.87,4815.87,4,5,3,One year,DSL,Yes,Yes,Yes,Female,0,Yes,No,0
CUST0746,66,100.44,6500.27,4,4,4,Month-to-month,DSL,Yes,No,Yes,Male,0,No,No,1
CUST0747,4,47.88,3494.42,3,3,0,Month-to-month,Fiber optic,No,No,No,Male,1,Yes,No,1
CUST0748,6,41.07,6023.89,1,3,0,One year,Fiber optic,Yes,No,Yes,Male,1,Yes,No,1
CUST0749,51,115.74,7313.03,3,2,1,Month-to-month,Fiber optic,Yes,No,Yes,Male,0,Yes,No,1
CUST0750,62,20.89,4619.77,2,9,0,One year,Fiber optic,No,Yes,No,Male,0,No,No,0
CUST0751,57,119.78,1528.2,4,7,0,One year,Fiber optic,No,Yes,Yes,Female,0,Yes,No,0
CUST0752,66,87.68,2223.5,4,6,0,One year,Fiber optic,Yes,Yes,Yes,Female,0,No,Yes,1
CUST0753,8,102.85,1669.29,3,8,3,Month-to-month,No,No,Yes,Yes,Male,0,Yes,Yes,1
CUST0754,26,49.46,2050.17,3,0,0,Month-to-month,DSL,No,No,No,Male,0,No,No,0
CUST0755,51,21.43,2520.68,1,6,2,One year,Fiber optic,No,Yes,Yes,Male,0,No,No,0
CUST0756,45,93.79,4485.56,1,9,4,Month-to-month,Fiber optic,Yes,Yes,No,Female,1,Yes,No,1
CUST0757,44,103.41,4745.13,2,3,0,One year,Fiber optic,No,No,No,Female,1,Yes,No,1
CUST0758,5,94.05,3469.35,3,6,0,Month-to-month,DSL,Yes,No,No,Female,0,Yes,No,1
CUST0759,70,34.29,4961.82,3,0,0,Month-to-month,Fiber optic,No,No,No,Female,1,Yes,No,1
CUST0760,26,95.34,744.44,3,4,2,Month-to-month,Fiber optic,Yes,Yes,Yes,Female,0,Yes,No,1
CUST0761,68,96.89,793.53,4,2,0,Month-to-month,Fiber optic,Yes,No,Yes,Female,0,Yes,No,0
CUST0762,19,85.85,1457.45,2,4,0,Month-to-month,DSL,Yes,Yes,No,Male,0,No,No,0
CUST0763,20,96.61,4192.81,1,3,4,One year,No,No,Yes,No,Female,0,No,No,0
CUST0764,12,104.59,1790.56,4,1,2,One year,Fiber optic,No,No,Yes,Male,0,Yes,No,0
CUST0765,47,81.36,2337.95,4,3,2,Month-to-month,Fiber optic,No,No,Yes,Male,0,No,No,1
CUST0766,1,28.86,3262.47,4,2,0,Two year,Fiber optic,Yes,No,Yes,Female,0,Yes,No,0
CUST0767,14,68.76,6513.74,4,0,2,Month-to-month,No,No,Yes,Yes,Female,0,Yes,Yes,0
CUST0768,64,27.76,209.51,2,9,1,Two year,DSL,No,Yes,Yes,Female,0,No,Yes,0
CUST0769,38,60.75,5230.09,3,7,2,One year,DSL,Yes,Yes,Yes,Female,0,Yes,Yes,0
CUST0770,37,60.71,5384.12,1,4,2,One year,Fiber optic,No,No,Yes,Female,0,No,Yes,0
CUST0771,11,26.6,6409.38,1,3,2,Month-to-month,Fiber optic,Yes,Yes,Yes,Female,0,Yes,Yes,1
CUST0772,3,54.88,7468.75,4,9,3,Month-to-month,DSL,No,Yes,Yes,Female,0,No,No,1
CUST0773,33,31.1,259.09,4,4,3,Month-to-month,No,Yes,Yes,No,Female,0,Yes,No,0
CUST0774,6,100.82,1314.89,2,3,3,One year,Fiber optic,Yes,Yes,No,Male,1,No,No,1
CUST0775,50,114.77,7100.75,4,2,2,Month-to-month,Fiber optic,No,No,No,Male,0,No,No,1
CUST0776,10,27.23,3722.3,1,4,1,One year,DSL,Yes,Yes,Yes,Female,0,Yes,No,0
CUST0777,5,115.51,4560.27,1,3,2,Month-to-month,DSL,No,No,Yes,Male,0,Yes,No,1
CUST0778,23,72.26,5337.91,3,0,0,Two year,Fiber optic,No,No,No,Female,0,No,No,0
CUST0779,10,49.96,5464.63,3,2,1,Month-to-month,No,No,Yes,No,Male,0,Yes,No,1
CUST0780,44,27.69,7460.75,1,9,3,Month-to-month,Fiber optic,No,Yes,Yes,Male,0,Yes,No,0
CUST0781,2,70.06,7975.9,1,9,4,Month-to-month,No,Yes,No,Yes,Female,0,Yes,No,1
CUST0782,13,99.45,5789.24,2,7,1,Month-to-month,No,Yes,Yes,Yes,Female,0,Yes,No,0
CUST0783,40,90.71,2369.05,2,6,3,Month-to-month,Fiber optic,Yes,No,Yes,Female,0,Yes,Yes,0
CUST0784,2,25.02,7050.04,1,1,1,One year,Fiber optic,No,Yes,Yes,Male,1,Yes,No,0
CUST0785,65,27.29,488.85,4,0,1,Month-to-month,Fiber optic,No,Yes,No,Male,0,No,Yes,0
CUST0786,63,60.29,1925.54,3,2,2,Month-to-month,Fiber optic,Yes,No,Yes,Female,1,No,Yes,0
CUST0787,17,49.53,7189.35,1,4,0,Two year,DSL,Yes,Yes,No,Male,0,Yes,No,0
CUST0788,9,43.24,2123.91,4,9,4,Month-to-month,Fiber optic,No,No,No,Female,0,No,No,1
CUST0789,15,48.1,1843.14,1,0,3,Two year,DSL,No,No,No,Male,0,Yes,No,0
CUST0790,24,100.35,1191.19,3,2,1,Two year,No,No,Yes,No,Female,0,No,No,0
CUST0791,38,112.92,6886.98,3,2,4,Month-to-month,No,Yes,No,No,Male,0,Yes,No,0
CUST0792,35,60.51,4050.46,2,4,1,Month-to-month,DSL,No,Yes,Yes,Female,0,Yes,No,0
CUST0793,49,110.61,5431.66,2,2,0,Month-to-month,DSL,Yes,Yes,No,Female,0,Yes,Yes,1
CUST0794,69,52.15,1988.62,2,8,4,One year,Fiber optic,No,Yes,No,Female,0,No,No,1
CUST0795,62,67.64,6088.52,2,0,3,One year,Fiber optic,Yes,No,Yes,Male,0,Yes,No,0
CUST0796,60,42.6,6104.04,3,3,1,One year,DSL,No,Yes,No,Female,0,Yes,No,1
CUST0797,50,84.05,2569.52,4,9,0,One year,Fiber optic,Yes,Yes,No,Male,1,No,Yes,0
CUST0798,9,117.9,3344.39,4,9,4,Month-to-month,DSL,Yes,No,No,Female,1,No,Yes,1
CUST0799,34,80.35,1756.55,4,3,1,Two year,DSL,Yes,No,Yes,Female,0,Yes,No,0
CUST0800,35,55.78,7814.83,1,0,1,One year,DSL,No,No,Yes,Female,0,No,No,0
CUST0801,1,84.78,5200.26,2,1,3,One year,DSL,Yes,No,Yes,Male,0,No,No,0
CUST0802,40,32.29,7482.9,2,0,0,Two year,Fiber optic,Yes,Yes,Yes,Male,0,Yes,No,0
CUST0803,64,108.87,2496.75,3,5,2,One year,No,No,Yes,Yes,Male,1,Yes,Yes,0
CUST0804,22,70.31,6276.94,3,2,1,Month-to-month,Fiber optic,Yes,Yes,Yes,Female,0,Yes,No,0
CUST0805,60,64.93,6150.28,1,6,4,Month-to-month,Fiber optic,Yes,Yes,No,Male,0,Yes,No,1
CUST0806,64,78.59,5564.08,1,4,3,Month-to-month,DSL,No,No,Yes,Female,0,No,Yes,1
CUST0807,11,82.48,7728.55,4,8,3,Month-to-month,Fiber optic,Yes,No,Yes,Female,0,Yes,No,1
CUST0808,14,27.18,3209.09,3,6,1,Two year,DSL,No,Yes,Yes,Female,1,Yes,No,0
CUST0809,60,88.26,1132.67,2,3,1,Month-to-month,Fiber optic,Yes,No,Yes,Female,0,Yes,No,1
CUST0810,30,44.19,5406.5,4,4,1,One year,No,No,No,Yes,Female,0,No,Yes,0
CUST0811,35,91.4,5861.55,2,4,2,Month-to-month,DSL,Yes,No,Yes,Male,0,Yes,No,1
CUST0812,37,102.25,4642.98,4,4,1,Month-to-month,Fiber optic,Yes,No,Yes,Male,0,Yes,No,1
CUST0813,5,100.4,1733.86,2,9,0,Two year,DSL,Yes,No,Yes,Female,0,Yes,No,1
CUST0814,26,75.25,4085.2,1,8,4,Two year,Fiber optic,No,Yes,Yes,Female,1,No,Yes,0
CUST0815,62,72.02,2566.3,4,9,1,Month-to-month,DSL,Yes,Yes,Yes,Male,0,Yes,No,0
CUST0816,4,34.29,3476.99,2,2,2,Month-to-month,Fiber optic,Yes,No,Yes,Female,0,Yes,No,1
CUST0817,42,97.53,5197.23,2,5,4,Month-to-month,DSL,No,No,Yes,Female,0,Yes,No,1
CUST0818,18,47.14,5987.2,3,7,3,Month-to-month,Fiber optic,No,Yes,Yes,Female,0,Yes,No,0
CUST0819,40,69.67,1934.58,4,8,1,Month-to-month,Fiber optic,No,Yes,No,Female,1,No,No,0
CUST0820,39,48.43,3302.07,2,6,4,Month-to-month,DSL,Yes,No,No,Male,0,No,Yes,0
CUST0821,14,33.38,2226.38,3,2,3,Two year,Fiber optic,Yes,No,Yes,Female,0,Yes,No,1
CUST0822,32,82.96,1669.19,2,0,2,One year,No,Yes,No,Yes,Male,0,No,Yes,0
CUST0823,51,25.43,6288.76,4,3,0,Two year,Fiber optic,No,Yes,No,Male,0,No,Yes,0
CUST0824,38,94.86,7283.1,1,5,1,One year,DSL,No,No,Yes,Male,0,Yes,No,0
CUST0825,23,51.76,3024.83,4,2,0,Month-to-month,DSL,Yes,No,No,Male,1,Yes,Yes,0
CUST0826,63,20.01,6035.1,4,0,2,Two year,No,Yes,No,No,Female,1,No,No,0
CUST0827,15,71.11,7186.26,2,5,4,Month-to-month,Fiber optic,No,No,No,Female,0,Yes,No,1
CUST0828,25,24.69,6784.38,2,0,4,Two year,Fiber optic,No,No,No,Female,0,Yes,No,0
CUST0829,17,47.62,1544.23,4,8,2,Month-to-month,DSL,No,No,No,Male,1,Yes,No,0
CUST0830,66,90.7,7654.71,3,0,2,Month-to-month,Fiber optic,Yes,No,No,Male,0,Yes,No,1
CUST0831,53,26.27,3075.74,3,5,1,Two year,DSL,No,No,No,Male,0,No,Yes,0
CUST0832,51,103.93,2780.0,3,0,3,One year,No,No,Yes,No,Female,0,Yes,No,0
CUST0833,39,20.38,593.21,2,6,0,Two year,No,No,Yes,No,Female,0,No,Yes,1
CUST0834,51,44.68,3940.77,2,2,0,Two year,DSL,No,Yes,Yes,Female,0,Yes,No,1
CUST0835,70,94.09,961.21,4,5,4,Month-to-month,Fiber optic,Yes,No,Yes,Male,0,Yes,No,1
CUST0836,6,51.63,2063.46,1,6,4,Month-to-month,DSL,No,Yes,No,Male,0,No,No,0
CUST0837,67,30.19,2603.85,2,0,1,Month-to-month,Fiber optic,Yes,Yes,Yes,Female,0,No,Yes,0
CUST0838,7,56.02,6489.73,4,0,2,One year,No,Yes,Yes,No,Male,0,No,Yes,0
CUST0839,51,47.04,7016.36,4,4,0,One year,Fiber optic,No,Yes,No,Male,0,No,No,0
CUST0840,42,104.27,2489.48,1,5,1,Month-to-month,DSL,No,Yes,No,Female,0,Yes,No,1
CUST0841,64,51.33,6883.72,3,8,4,One year,DSL,Yes,No,No,Male,0,Yes,No,1
CUST0842,15,98.89,6872.12,4,0,4,One year,No,No,Yes,No,Male,0,No,No,0
CUST0843,29,109.19,6140.74,4,3,0,Month-to-month,Fiber optic,Yes,No,Yes,Female,1,Yes,Yes,1
CUST0844,33,63.38,1258.89,4,9,4,Two year,Fiber optic,No,No,No,Male,1,Yes,Yes,0
CUST0845,27,110.99,5553.55,3,7,4,One year,DSL,Yes,Yes,Yes,Male,0,Yes,No,0
CUST0846,36,57.73,7565.69,3,9,3,Two year,DSL,Yes,No,Yes,Male,0,No,No,1
CUST0847,29,116.41,5492.07,1,8,2,Month-to-month,No,Yes,Yes,Yes,Male,1,No,Yes,1
CUST0848,38,28.93,2719.77,2,2,4,Month-to-month,Fiber optic,No,No,Yes,Female,0,No,No,0
CUST0849,57,88.7,4054.58,3,1,3,Month-to-month,Fiber optic,Yes,No,Yes,Female,1,No,No,0
CUST0850,27,69.38,5201.23,2,3,1,Month-to-month,Fiber optic,Yes,Yes,Yes,Male,0,No,Yes,1
CUST0851,55,58.76,4133.51,2,1,4,Two year,Fiber optic,No,No,No,Female,0,No,No,1
CUST0852,33,83.27,1047.63,3,0,1,Month-to-month,DSL,No,No,No,Female,0,No,No,0
CUST0853,68,90.39,2565.31,4,2,4,One year,DSL,Yes,No,Yes,Female,0,Yes,No,0
CUST0854,66,20.44,6438.93,1,6,0,Month-to-month,Fiber optic,Yes,No,Yes,Male,0,Yes,No,1
CUST0855,10,36.7,6905.2,2,0,3,Month-to-month,Fiber optic,No,No,No,Male,0,No,Yes,0
CUST0856,5,91.3,1184.67,4,1,3,Month-to-month,Fiber optic,Yes,No,No,Female,0,Yes,No,1
CUST0857,38,86.64,7623.86,3,0,0,One year,No,No,No,No,Female,0,Yes,No,0
CUST0858,13,116.6,2697.7,2,7,2,One year,Fiber optic,No,No,Yes,Female,0,No,No,1
CUST0859,31,96.1,5332.28,2,4,3,Month-to-month,DSL,No,Yes,No,Female,0,Yes,No,1
CUST0860,47,115.08,6039.42,2,7,1,Two year,No,Yes,No,Yes,Male,0,Yes,No,1
CUST0861,52,90.25,6514.38,4,2,3,Month-to-month,Fiber optic,No,Yes,No,Female,0,No,No,1
CUST0862,56,49.81,7571.42,4,6,2,Month-to-month,Fiber optic,Yes,Yes,Yes,Male,0,No,Yes,0
CUST0863,15,30.54,2572.06,4,7,1,Month-to-month,Fiber optic,Yes,No,Yes,Male,0,Yes,No,1
CUST0864,29,98.18,6882.2,2,5,1,Month-to-month,Fiber optic,No,No,Yes,Male,0,No,No,1
CUST0865,8,84.41,1140.33,2,6,0,Two year,DSL,No,Yes,Yes,Male,0,No,No,1
CUST0866,5,24.82,5669.82,1,1,4,Month-to-month,Fiber optic,No,Yes,Yes,Male,1,Yes,No,1
CUST0867,29,56.01,5961.62,1,7,0,Month-to-month,No,No,Yes,No,Male,0,No,No,1
CUST0868,47,115.68,5454.01,4,4,4,Month-to-month,Fiber optic,Yes,No,No,Male,0,Yes,No,1
CUST0869,68,70.04,2093.29,4,6,0,One year,Fiber optic,Yes,No,Yes,Female,0,No,No,0
CUST0870,45,63.27,6997.04,3,0,4,Month-to-month,DSL,No,No,Yes,Male,0,Yes,No,0
CUST0871,2,65.77,1433.98,4,4,3,One year,DSL,Yes,Yes,Yes,Female,0,No,No,1
CUST0872,27,40.89,523.71,1,0,1,Month-to-month,DSL,No,No,No,Female,1,Yes,No,1
CUST0873,36,56.87,5767.97,1,7,4,Month-to-month,DSL,Yes,No,Yes,Female,0,No,Yes,1
CUST0874,36,56.98,3856.26,1,3,3,Two year,No,Yes,No,Yes,Female,0,Yes,No,0
CUST0875,26,25.24,6807.87,2,3,2,Month-to-month,Fiber optic,Yes,No,Yes,Female,1,No,No,0
CUST0876,43,96.76,3128.84,2,1,0,Two year,Fiber optic,No,Yes,No,Male,0,Yes,No,0
CUST0877,27,61.65,1429.4,4,4,2,Month-to-month,Fiber optic,Yes,No,Yes,Male,0,No,Yes,0
CUST0878,69,102.22,6707.89,3,0,3,Two year,DSL,Yes,No,Yes,Female,0,Yes,No,1
CUST0879,20,105.03,4436.39,3,8,2,Month-to-month,No,Yes,Yes,No,Female,0,Yes,Yes,0
CUST0880,11,41.2,1594.65,3,4,2,One year,Fiber optic,Yes,No,No,Female,0,No,No,1
CUST0881,38,85.74,5791.03,2,5,3,Month-to-month,DSL,No,Yes,No,Male,0,No,Yes,1
CUST0882,6,67.23,4137.8,1,1,1,Month-to-month,Fiber optic,Yes,Yes,Yes,Female,0,Yes,No,1
CUST0883,23,108.02,4874.07,1,9,4,Month-to-month,No,No,No,Yes,Male,0,No,Yes,1
CUST0884,47,41.57,3741.1,2,9,0,Month-to-month,No,No,Yes,No,Male,1,Yes,Yes,1
CUST0885,46,87.78,6646.8,3,0,4,Month-to-month,DSL,Yes,No,No,Female,0,Yes,No,1
CUST0886,12,80.78,6653.55,3,3,0,Month-to-month,No,Yes,Yes,Yes,Male,0,Yes,Yes,0
CUST0887,13,49.53,5704.17,4,6,4,One year,DSL,No,Yes,Yes,Male,0,Yes,No,0
CUST0888,62,33.66,932.67,4,5,2,One year,DSL,No,No,Yes,Male,0,Yes,No,1
CUST0889,60,85.16,6726.95,3,9,1,One year,No,No,Yes,Yes,Female,0,Yes,No,1
CUST0890,43,93.86,5401.0,2,0,2,One year,No,Yes,No,No,Female,0,No,Yes,0
CUST0891,68,51.56,5606.49,3,0,1,Month-to-month,Fiber optic,Yes,No,No,Female,0,Yes,No,0
CUST0892,5,84.48,2967.56,4,7,3,Month-to-month,Fiber optic,No,No,Yes,Female,0,Yes,No,1
CUST0893,37,59.51,7046.31,3,3,0,Month-to-month,No,No,No,Yes,Female,0,Yes,No,1
CUST0894,31,91.32,5830.44,2,4,0,Two year,Fiber optic,No,Yes,No,Female,1,Yes,No,0
CUST0895,9,39.92,989.46,1,6,3,Month-to-month,No,Yes,No,Yes,Female,0,Yes,Yes,1
CUST0896,51,109.02,3321.45,2,7,4,Month-to-month,Fiber optic,Yes,Yes,No,Female,0,No,No,1
CUST0897,29,48.74,7102.4,2,9,3,One year,No,No,No,No,Male,0,No,No,1
CUST0898,40,56.78,472.85,4,6,3,Month-to-month,No,Yes,Yes,No,Female,0,Yes,No,1
CUST0899,41,25.81,7695.19,2,1,1,Two year,DSL,No,Yes,Yes,Male,0,Yes,No,1
CUST0900,11,31.15,5465.38,2,3,3,Two year,No,Yes,Yes,Yes,Male,0,Yes,No,0
CUST0901,23,71.59,5087.87,4,9,0,Month-to-month,Fiber optic,No,Yes,Yes,Female,1,No,No,1
CUST0902,1,46.76,2237.42,4,0,2,Month-to-month,Fiber optic,Yes,No,Yes,Male,0,No,No,0
CUST0903,46,103.55,2065.46,1,9,1,Month-to-month,Fiber optic,Yes,No,Yes,Male,0,Yes,No,0
CUST0904,21,21.47,7542.26,3,8,1,One year,DSL,Yes,Yes,No,Female,1,No,No,0
CUST0905,36,57.91,2456.35,2,2,4,Month-to-month,Fiber optic,Yes,Yes,No,Male,1,Yes,No,1
CUST0906,54,53.73,6226.49,4,2,2,One year,No,Yes,No,No,Female,0,Yes,No,0
CUST0907,57,21.93,3205.66,1,9,1,One year,DSL,Yes,Yes,Yes,Male,0,No,No,0
CUST0908,1,32.44,1200.11,3,8,3,Month-to-month,Fiber optic,Yes,Yes,No,Male,0,No,Yes,1
CUST0909,63,61.36,184.65,4,9,1,Month-to-month,No,No,No,No,Female,0,No,No,0
CUST0910,54,69.29,4399.63,3,2,1,One year,Fiber optic,No,Yes,Yes,Male,0,No,No,1
CUST0911,55,60.43,7808.65,3,7,1,Month-to-month,Fiber optic,No,Yes,No,Male,0,No,No,1
CUST0912,40,73.09,3016.18,2,1,4,Two year,Fiber optic,Yes,No,Yes,Female,1,Yes,Yes,0
CUST0913,15,79.51,2921.82,2,2,1,Month-to-month,Fiber optic,Yes,Yes,Yes,Female,0,No,No,0
CUST0914,21,20.99,2818.32,4,1,1,One year,Fiber optic,Yes,No,Yes,Male,1,Yes,No,0
CUST0915,47,66.41,4212.3,3,0,4,Two year,No,No,No,No,Male,1,No,No,0
CUST0916,53,116.35,3581.25,4,1,2,Two year,Fiber optic,No,No,No,Female,0,Yes,No,0
CUST0917,9,71.9,7051.33,4,7,0,Month-to-month,No,No,No,Yes,Male,0,No,Yes,0
CUST0918,52,87.75,4093.61,3,8,4,Month-to-month,Fiber optic,No,Yes,Yes,Female,0,No,No,1
CUST0919,57,51.19,4111.29,4,1,4,One year,DSL,No,No,Yes,Female,0,Yes,No,0
CUST0920,26,97.4,1193.14,3,6,1,Month-to-month,Fiber optic,No,No,Yes,Female,0,No,No,1
CUST0921,41,97.29,7863.64,3,4,1,Month-to-month,Fiber optic,Yes,Yes,Yes,Male,0,Yes,No,0
CUST0922,35,72.13,2074.79,3,2,0,Two year,Fiber optic,No,No,Yes,Male,0,No,Yes,0
CUST0923,63,117.6,679.58,3,8,1,Month-to-month,DSL,Yes,Yes,Yes,Male,0,Yes,No,0
CUST0924,25,32.56,5338.86,1,5,3,Month-to-month,DSL,No,No,No,Female,0,Yes,Yes,1
CUST0925,38,21.69,4803.39,3,0,1,Month-to-month,DSL,No,No,Yes,Male,0,No,No,1
CUST0926,2,97.02,3379.65,2,4,1,One year,DSL,Yes,No,No,Female,0,No,No,1
CUST0927,7,100.72,3435.32,2,6,3,One year,Fiber optic,Yes,No,Yes,Male,0,No,No,1
CUST0928,34,32.02,6302.0,2,3,0,Month-to-month,DSL,Yes,Yes,Yes,Female,1,No,No,0
CUST0929,17,46.56,1646.13,3,7,3,Month-to-month,Fiber optic,No,Yes,Yes,Female,0,No,No,0
CUST0930,43,21.76,6580.0,2,9,4,Month-to-month,DSL,No,Yes,Yes,Male,0,Yes,No,1
CUST0931,59,49.33,5225.1,1,4,3,One year,DSL,Yes,No,Yes,Female,0,No,No,0
CUST0932,51,97.31,3409.86,4,8,2,Month-to-month,Fiber optic,No,No,No,Male,0,No,No,1
CUST0933,54,71.8,3718.43,3,8,4,Two year,DSL,Yes,No,No,Male,0,Yes,Yes,0
CUST0934,24,54.81,2127.51,2,8,1,Month-to-month,No,No,Yes,Yes,Male,0,Yes,No,1
CUST0935,25,57.17,6041.7,1,0,4,Two year,DSL,No,No,Yes,Male,0,No,No,0
CUST0936,71,20.14,4151.71,4,1,0,Month-to-month,Fiber optic,No,Yes,No,Male,0,Yes,No,1
CUST0937,52,49.98,2634.75,1,2,0,One year,No,Yes,Yes,Yes,Female,1,No,No,0
CUST0938,70,84.65,4808.8,2,3,3,Month-to-month,Fiber optic,No,Yes,No,Male,0,Yes,No,1
CUST0939,33,117.42,7966.3,1,9,4,Month-to-month,DSL,Yes,No,No,Female,0,Yes,No,1
CUST0940,49,104.71,3538.57,4,8,1,Two year,Fiber optic,Yes,No,No,Male,0,Yes,Yes,0
CUST0941,29,22.36,7373.46,2,9,0,Two year,Fiber optic,Yes,No,Yes,Female,1,No,No,0
CUST0942,63,109.86,2825.63,4,5,1,Month-to-month,No,Yes,No,Yes,Female,0,Yes,Yes,0
CUST0943,22,98.32,532.39,1,0,2,One year,No,Yes,Yes,Yes,Male,1,No,Yes,0
CUST0944,26,98.04,1713.51,3,8,0,One year,DSL,Yes,Yes,No,Female,0,No,Yes,0
CUST0945,28,65.8,3407.69,3,5,3,Two year,No,Yes,No,No,Male,0,No,No,0
CUST0946,49,59.8,1835.12,3,3,2,Month-to-month,DSL,Yes,No,No,Male,0,Yes,No,1
CUST0947,71,50.29,101.79,3,3,4,Month-to-month,DSL,Yes,No,No,Male,0,No,No,0
CUST0948,49,26.57,7328.51,4,2,1,Month-to-month,No,No,Yes,No,Female,0,Yes,No,0
CUST0949,20,42.82,6766.65,3,6,0,Month-to-month,DSL,Yes,No,No,Female,1,Yes,No,0
CUST0950,63,44.66,5964.11,4,2,2,Two year,DSL,No,Yes,No,Female,0,No,Yes,0
CUST0951,61,68.41,1425.74,2,1,2,Month-to-month,DSL,Yes,Yes,No,Female,0,No,Yes,0
CUST0952,49,94.74,1050.87,3,9,0,Month-to-month,Fiber optic,No,Yes,Yes,Male,0,No,No,1
CUST0953,71,67.38,634.08,4,7,4,One year,Fiber optic,No,Yes,Yes,Male,0,No,No,1
CUST0954,1,25.78,5819.83,3,3,4,One year,Fiber optic,No,Yes,No,Female,0,No,Yes,1
CUST0955,13,115.78,7437.58,3,7,3,Month-to-month,DSL,No,Yes,Yes,Female,0,Yes,No,1
CUST0956,51,114.27,3501.23,3,0,4,Month-to-month,Fiber optic,No,Yes,Yes,Male,0,Yes,No,1
CUST0957,56,98.52,1041.21,4,4,3,Two year,No,No,No,No,Female,0,No,No,1
CUST0958,62,119.13,4147.9,1,8,2,Month-to-month,No,Yes,No,No,Male,0,No,Yes,0
CUST0959,32,74.45,2855.77,3,0,0,One year,DSL,Yes,No,No,Female,1,No,No,0
CUST0960,30,116.28,3061.12,3,3,4,One year,No,Yes,Yes,Yes,Female,0,Yes,No,0
CUST0961,29,27.56,5008.51,2,5,3,Month-to-month,Fiber optic,Yes,Yes,No,Female,1,Yes,No,1
CUST0962,49,56.57,5777.87,1,9,2,Two year,DSL,Yes,No,Yes,Male,0,No,No,1
CUST0963,45,42.54,973.77,4,7,4,One year,DSL,Yes,Yes,No,Male,0,No,Yes,0
CUST0964,30,39.58,381.16,2,2,1,Month-to-month,DSL,No,Yes,Yes,Female,0,Yes,No,0
CUST0965,16,34.08,7955.21,3,4,2,One year,Fiber optic,Yes,Yes,No,Female,0,Yes,No,0
CUST0966,40,82.24,1938.55,2,6,4,One year,DSL,No,Yes,No,Female,1,No,No,0
CUST0967,19,98.13,525.26,2,0,2,One year,Fiber optic,No,Yes,Yes,Female,0,No,No,1
CUST0968,18,77.83,1600.02,3,6,0,Two year,DSL,No,Yes,No,Female,1,Yes,No,0
CUST0969,1,34.7,407.77,1,7,0,Month-to-month,No,No,Yes,No,Female,0,Yes,Yes,1
CUST0970,47,101.11,3195.31,1,7,0,Month-to-month,DSL,No,Yes,Yes,Female,0,Yes,Yes,1
CUST0971,66,83.6,6438.97,2,8,1,Month-to-month,No,No,Yes,Yes,Female,1,Yes,No,0
CUST0972,38,58.82,2795.83,3,5,0,Month-to-month,No,Yes,Yes,Yes,Male,0,Yes,Yes,0
CUST0973,51,87.41,3609.05,4,5,1,Month-to-month,DSL,No,Yes,Yes,Male,0,No,Yes,1
CUST0974,63,45.99,5437.14,2,1,0,Two year,Fiber optic,No,Yes,No,Male,0,No,No,0
CUST0975,4,54.52,4120.26,4,2,2,One year,DSL,Yes,No,No,Male,1,Yes,No,0
CUST0976,1,111.75,6905.42,2,3,4,One year,No,Yes,Yes,Yes,Female,0,Yes,Yes,0
CUST0977,8,49.05,6941.68,2,3,4,One year,Fiber optic,Yes,Yes,Yes,Male,0,Yes,No,1
CUST0978,29,67.0,178.29,3,7,0,Two year,DSL,Yes,No,Yes,Male,0,Yes,Yes,0
CUST0979,55,109.01,6246.57,3,0,4,Month-to-month,DSL,Yes,No,Yes,Female,0,No,Yes,1
CUST0980,3,90.77,3739.8,4,9,0,Two year,Fiber optic,Yes,No,Yes,Male,1,No,No,1
CUST0981,32,26.22,7911.84,4,3,0,Month-to-month,No,Yes,Yes,Yes,Male,1,No,Yes,0
CUST0982,10,34.73,3917.53,1,3,3,Two year,Fiber optic,No,Yes,Yes,Male,0,No,No,0
CUST0983,34,20.78,7896.48,3,0,3,One year,No,Yes,No,No,Male,0,Yes,No,0
CUST0984,55,83.09,6061.1,2,2,3,Month-to-month,Fiber optic,No,No,No,Male,0,Yes,No,1
CUST0985,32,64.77,2063.98,2,4,1,One year,DSL,Yes,No,Yes,Female,0,No,Yes,0
CUST0986,50,33.43,4353.32,1,5,3,Month-to-month,No,Yes,Yes,No,Female,0,Yes,No,1
CUST0987,7,115.79,7937.87,3,8,0,Month-to-month,DSL,No,Yes,No,Female,0,No,Yes,1
CUST0988,8,72.97,6874.49,2,8,2,One year,No,Yes,No,No,Male,0,Yes,Yes,0
CUST0989,65,44.19,869.2,1,8,3,Month-to-month,Fiber optic,Yes,Yes,Yes,Male,0,Yes,No,0
CUST0990,57,70.06,5680.34,1,0,3,Month-to-month,DSL,Yes,Yes,No,Male,0,No,No,0
CUST0991,67,87.96,2830.08,2,8,2,Two year,Fiber optic,Yes,No,No,Female,0,Yes,Yes,1
CUST0992,59,27.62,155.16,2,7,0,One year,No,Yes,No,Yes,Male,1,Yes,Yes,0
CUST0993,54,47.47,3287.5,4,1,1,Two year,No,Yes,No,Yes,Male,0,Yes,No,0
CUST0994,67,100.7,1954.56,3,0,3,One year,DSL,Yes,Yes,No,Male,0,No,No,0
CUST0995,51,65.97,6569.07,4,0,2,Month-to-month,DSL,No,Yes,No,Male,0,Yes,No,1
CUST0996,8,74.66,2764.91,1,5,0,Month-to-month,Fiber optic,Yes,Yes,No,Female,0,Yes,No,0
CUST0997,34,63.28,6637.44,2,8,4,One year,Fiber optic,No,Yes,No,Female,0,Yes,No,0
CUST0998,35,24.39,104.72,4,6,1,Two year,Fiber optic,No,Yes,No,Male,0,No,Yes,0
CUST0999,32,36.57,2531.77,1,4,2,Month-to-month,DSL,No,No,Yes,Female,0,Yes,No,1
CUST1000,46,64.55,2005.21,3,1,2,Two year,No,No,Yes,Yes,Female,0,Yes,Yes,1
CUST1001,16,40.92,1945.18,2,0,2,Two year,Fiber optic,No,Yes,No,Female,1,No,Yes,0
CUST1002,68,25.0,638.67,4,1,3,One year,No,No,No,Yes,Male,0,Yes,No,0
CUST1003,37,104.36,1578.28,3,0,4,Two year,Fiber optic,No,No,Yes,Female,1,Yes,No,0
CUST1004,54,118.12,4488.84,4,2,1,Month-to-month,Fiber optic,Yes,No,No,Female,0,Yes,Yes,0
CUST1005,14,99.31,2401.75,1,5,0,Two year,No,Yes,No,No,Male,0,No,No,0
CUST1006,55,105.38,3397.42,3,7,0,One year,Fiber optic,Yes,Yes,Yes,Female,0,Yes,No,1
CUST1007,48,44.2,3077.25,4,2,4,Month-to-month,No,No,Yes,Yes,Female,0,Yes,Yes,1
CUST1008,7,116.06,7019.65,3,9,2,Two year,No,Yes,No,Yes,Female,0,No,Yes,0
CUST1009,7,39.69,7251.86,1,8,2,Month-to-month,Fiber optic,No,Yes,Yes,Male,0,No,Yes,1
CUST1010,33,115.14,3994.36,3,9,2,Month-to-month,Fiber optic,No,No,No,Male,0,Yes,No,1
CUST1011,23,119.48,2708.23,4,4,2,One year,DSL,Yes,Yes,Yes,Female,0,Yes,No,0
CUST1012,19,91.17,943.73,1,6,2,Month-to-month,DSL,No,Yes,No,Male,0,Yes,No,1
CUST1013,19,118.11,7631.88,2,7,4,Month-to-month,DSL,No,Yes,No,Male,0,No,No,0
CUST1014,36,76.95,575.79,4,2,3,Two year,DSL,Yes,No,No,Male,0,Yes,Yes,1
CUST1015,29,45.95,2451.44,4,1,1,Month-to-month,DSL,No,No,Yes,Female,0,No,Yes,1
CUST1016,60,63.7,2454.72,1,1,2,Month-to-month,DSL,Yes,Yes,Yes,Female,0,Yes,Yes,0
CUST1017,2,79.36,2631.17,1,4,3,Month-to-month,Fiber optic,No,Yes,Yes,Male,0,No,Yes,1
CUST1018,1,27.31,1397.87,2,0,0,Month-to-month,Fiber optic,No,No,Yes,Female,0,No,Yes,1
CUST1019,47,82.23,6286.98,4,1,4,One year,DSL,Yes,No,No,Male,0,No,No,0
CUST1020,69,118.12,1067.73,1,8,3,One year,DSL,Yes,Yes,Yes,Male,0,Yes,Yes,0
CUST1021,20,39.01,5115.76,2,6,2,Two year,Fiber optic,Yes,Yes,No,Female,0,No,No,0
CUST1022,11,99.26,1078.38,2,5,2,One year,Fiber optic,No,No,Yes,Male,0,No,No,1
CUST1023,2,110.79,657.23,1,8,2,Month-to-month,Fiber optic,No,Yes,Yes,Male,0,Yes,No,1
CUST1024,67,114.37,7284.49,4,6,3,Two year,Fiber optic,Yes,No,No,Male,1,No,Yes,0
CUST1025,12,116.01,1602.02,3,4,2,One year,No,Yes,No,Yes,Male,0,No,No,0
CUST1026,20,72.15,6587.88,3,8,3,One year,Fiber optic,Yes,Yes,Yes,Female,0,Yes,No,0
CUST1027,5,117.73,4402.58,2,5,2,One year,Fiber optic,No,Yes,Yes,Male,0,No,Yes,0
CUST1028,37,95.73,715.07,3,5,0,Two year,No,No,Yes,Yes,Female,0,Yes,No,0
CUST1029,38,36.17,7648.04,3,3,0,One year,No,Yes,No,No,Male,0,Yes,No,1
CUST1030,9,67.69,2050.99,1,0,1,Month-to-month,Fiber optic,Yes,No,Yes,Female,0,Yes,No,1
CUST1031,53,91.83,6891.2,2,4,2,One year,Fiber optic,Yes,No,Yes,Male,1,No,No,1
CUST1032,44,44.73,1433.6,4,8,2,Month-to-month,DSL,No,Yes,Yes,Male,0,Yes,No,1
CUST1033,24,84.06,6846.15,2,7,3,Month-to-month,Fiber optic,Yes,Yes,No,Female,0,No,No,1
CUST1034,30,86.66,204.51,1,7,3,Month-to-month,No,Yes,No,Yes,Female,0,No,No,1
CUST1035,59,36.27,4143.07,3,4,2,Month-to-month,Fiber optic,Yes,No,Yes,Male,1,No,No,0
CUST1036,14,76.51,6178.6,4,8,1,Month-to-month,No,No,Yes,Yes,Male,0,No,No,0
CUST1037,9,97.16,7484.88,2,2,2,Month-to-month,Fiber optic,No,No,Yes,Male,0,Yes,Yes,1
CUST1038,40,69.89,7282.7,3,2,3,One year,No,Yes,Yes,Yes,Male,0,Yes,No,0
CUST1039,66,21.21,6575.04,2,0,2,Two year,Fiber optic,No,Yes,Yes,Male,0,No,No,0
CUST1040,25,20.9,7116.71,4,8,3,Two year,DSL,Yes,No,Yes,Female,0,No,Yes,0
CUST1041,22,55.7,1673.84,2,5,2,Month-to-month,Fiber optic,Yes,No,Yes,Female,1,Yes,No,1
CUST1042,4,112.62,2345.06,2,1,4,One year,DSL,Yes,No,Yes,Male,0,Yes,No,0
CUST1043,26,42.87,2382.85,2,7,3,Two year,DSL,Yes,No,No,Female,0,Yes,No,0
CUST1044,58,83.44,3078.73,3,8,1,Month-to-month,No,No,No,No,Female,1,No,Yes,1
CUST1045,29,42.21,3207.23,4,8,4,One year,DSL,Yes,Yes,Yes,Male,0,Yes,Yes,1
CUST1046,37,52.17,4401.99,4,1,2,One year,Fiber optic,Yes,No,Yes,Female,0,Yes,No,1
CUST1047,70,104.8,1363.05,3,1,3,Month-to-month,DSL,No,Yes,No,Male,0,Yes,No,1
CUST1048,18,92.89,5560.85,3,6,4,Two year,DSL,Yes,No,No,Female,0,No,No,0
CUST1049,42,29.54,1423.78,3,3,1,Two year,No,No,No,Yes,Female,0,Yes,No,0
CUST1050,41,62.87,2551.44,1,0,3,Month-to-month,Fiber optic,Yes,No,No,Female,1,Yes,Yes,0
CUST1051,38,22.92,4076.43,2,7,4,Month-to-month,Fiber optic,Yes,No,Yes,Female,0,Yes,Yes,1
CUST1052,34,68.09,6391.88,2,1,4,Month-to-month,Fiber optic,Yes,No,Yes,Female,0,No,No,1
CUST1053,17,86.24,5941.81,4,2,4,Month-to-month,Fiber optic,Yes,No,No,Male,0,No,Yes,0
CUST1054,37,31.85,5199.72,2,4,0,Month-to-month,No,No,Yes,No,Female,0,Yes,No,0
CUST1055,25,48.89,1330.61,1,2,2,Month-to-month,Fiber optic,Yes,No,No,Male,0,No,Yes,0
CUST1056,27,59.78,4421.66,3,6,3,Month-to-month,Fiber optic,No,No,Yes,Female,0,No,No,1
CUST1057,57,111.95,790.83,4,6,3,Two year,No,No,No,Yes,Female,0,Yes,No,1
CUST1058,31,119.33,3081.17,4,1,3,Month-to-month,DSL,No,No,No,Female,0,No,No,0
CUST1059,6,24.49,3366.78,2,6,4,Month-to-month,Fiber optic,Yes,Yes,Yes,Male,0,Yes,No,1
CUST1060,40,96.1,414.51,4,5,2,Month-to-month,No,No,Yes,Yes,Female,0,No,No,0
CUST1061,12,57.17,2264.51,3,9,1,Month-to-month,Fiber optic,No,Yes,Yes,Female,0,No,No,1
CUST1062,53,59.25,7649.63,4,8,3,Month-to-month,No,No,Yes,Yes,Male,0,Yes,No,0
CUST1063,71,95.43,7633.7,3,8,2,Month-to-month,Fiber optic,Yes,Yes,Yes,Male,0,Yes,No,1
CUST1064,10,111.84,2883.38,1,1,2,Month-to-month,No,Yes,Yes,No,Male,0,Yes,No,1
CUST1065,45,115.09,440.49,1,6,0,Two year,No,No,No,No,Female,0,No,No,0
CUST1066,17,77.71,1514.85,3,4,3,Two year,DSL,No,No,Yes,Female,0,No,No,0
CUST1067,26,55.71,3198.52,2,5,4,Month-to-month,DSL,Yes,Yes,No,Female,0,No,No,0
CUST1068,62,98.75,7587.46,4,0,2,Month-to-month,Fiber optic,No,No,Yes,Female,0,No,No,0
CUST1069,46,45.1,1215.47,2,6,2,One year,Fiber optic,No,No,No,Male,0,Yes,No,0
CUST1070,64,76.41,6131.78,4,5,1,One year,DSL,No,No,Yes,Male,0,Yes,No,0
CUST1071,2,55.86,958.59,1,3,0,Month-to-month,DSL,Yes,No,No,Female,0,Yes,Yes,0
CUST1072,54,85.66,7851.93,1,0,2,Two year,DSL,No,No,No,Male,0,Yes,No,0
CUST1073,65,44.04,3114.77,1,8,2,One year,No,No,Yes,Yes,Male,0,Yes,No,0
CUST1074,51,39.16,6224.35,4,3,4,Month-to-month,Fiber optic,Yes,Yes,Yes,Male,0,No,No,0
CUST1075,53,111.82,2806.47,1,1,4,One year,Fiber optic,No,Yes,No,Female,0,No,No,0
CUST1076,36,30.18,5058.58,1,7,1,Two year,DSL,Yes,Yes,Yes,Male,0,Yes,No,0
CUST1077,26,70.6,1616.93,1,1,1,One year,Fiber optic,Yes,Yes,No,Female,0,No,Yes,0
CUST1078,29,42.09,1253.57,1,4,1,Month-to-month,DSL,Yes,Yes,No,Female,0,No,No,0
CUST1079,21,23.89,7510.71,2,5,4,Month-to-month,DSL,No,No,Yes,Female,0,No,No,1
CUST1080,11,23.6,7349.41,1,7,4,Month-to-month,No,No,Yes,No,Male,0,Yes,Yes,1
CUST1081,40,37.52,7111.0,1,0,0,Month-to-month,No,No,No,No,Male,0,No,Yes,1
CUST1082,11,106.68,5040.92,2,0,3,One year,DSL,No,No,No,Male,0,Yes,No,1
CUST1083,36,48.25,6485.32,2,3,3,Two year,DSL,No,Yes,Yes,Male,0,No,No,0
CUST1084,59,115.05,645.39,4,4,0,One year,DSL,No,Yes,Yes,Female,1,No,No,0
CUST1085,39,78.16,2744.83,3,8,3,Two year,Fiber optic,No,Yes,Yes,Female,0,Yes,No,0
CUST1086,54,63.66,2578.25,1,6,4,Month-to-month,DSL,No,No,No,Female,1,Yes,No,1
CUST1087,55,78.01,5121.6,1,6,3,Two year,DSL,Yes,Yes,No,Male,0,Yes,Yes,0
CUST1088,24,71.67,2912.07,1,7,4,One year,DSL,No,Yes,No,Male,0,Yes,No,0
CUST1089,22,95.88,1273.2,4,4,0,Month-to-month,Fiber optic,No,Yes,Yes,Male,0,No,Yes,1
CUST1090,69,48.25,4812.09,1,4,1,One year,Fiber optic,Yes,No,Yes,Female,0,Yes,No,0
CUST1091,56,55.31,6533.63,3,0,0,Month-to-month,Fiber optic,No,Yes,No,Female,0,Yes,No,0
CUST1092,33,109.41,3118.78,2,8,3,One year,Fiber optic,Yes,Yes,No,Male,1,No,No,1
CUST1093,36,114.65,1144.92,4,5,4,Month-to-month,No,No,No,No,Female,0,No,No,1
CUST1094,20,109.26,1653.84,2,8,3,Month-to-month,No,No,No,No,Female,0,No,No,0
CUST1095,62,61.94,1976.12,1,2,3,One year,DSL,Yes,No,No,Male,0,Yes,No,1
CUST1096,26,98.04,2469.19,1,4,1,One year,DSL,Yes,Yes,No,Male,1,Yes,Yes,0
CUST1097,66,67.63,5178.08,1,1,3,Month-to-month,Fiber optic,No,Yes,No,Female,0,No,Yes,1
CUST1098,40,69.75,4847.47,3,9,1,Month-to-month,DSL,Yes,No,Yes,Male,0,No,No,1
CUST1099,17,40.47,5599.03,3,4,4,Month-to-month,Fiber optic,No,Yes,No,Female,0,No,No,0
CUST1100,1,79.11,2963.77,4,7,4,One year,Fiber optic,No,No,No,Male,0,Yes,No,1
CUST1101,61,38.61,6609.58,2,1,1,Two year,Fiber optic,No,No,Yes,Female,0,No,Yes,0
CUST1102,43,53.16,1712.29,1,7,0,Two year,DSL,No,No,Yes,Male,0,Yes,No,1
CUST1103,42,105.5,3805.42,1,3,4,Month-to-month,Fiber optic,No,No,Yes,Male,0,Yes,No,1
CUST1104,25,40.71,6427.42,1,9,0,One year,No,No,No,Yes,Male,0,No,No,0
CUST1105,39,27.12,1523.25,1,9,4,Month-to-month,DSL,Yes,Yes,Yes,Female,0,Yes,No,1
CUST1106,35,26.9,967.92,3,0,4,One year,Fiber optic,Yes,Yes,Yes,Female,0,Yes,No,0
CUST1107,3,114.08,7081.1,2,4,2,Month-to-month,DSL,Yes,Yes,Yes,Male,1,Yes,No,0
CUST1108,44,70.69,2809.14,2,0,3,Month-to-month,DSL,No,Yes,Yes,Female,1,Yes,Yes,0
CUST1109,51,60.94,5502.57,4,6,3,One year,Fiber optic,Yes,No,No,Female,0,Yes,Yes,0
CUST1110,12,101.09,300.25,3,7,0,Month-to-month,DSL,No,Yes,Yes,Male,0,Yes,Yes,1
CUST1111,19,103.58,5551.37,1,2,3,One year,DSL,Yes,No,Yes,Male,0,No,No,0
CUST1112,44,53.22,2597.2,2,2,0,Two year,DSL,No,No,Yes,Male,0,Yes,Yes,0
CUST1113,59,89.36,540.35,2,6,4,Month-to-month,Fiber optic,No,Yes,Yes,Female,0,No,No,1
CUST1114,49,97.11,4917.52,3,3,2,Month-to-month,Fiber optic,No,Yes,Yes,Male,0,Yes,No,1
CUST1115,61,85.47,2002.35,4,2,2,Two year,DSL,No,No,No,Female,0,No,No,1
CUST1116,17,35.16,3155.78,4,7,4,One year,Fiber optic,No,Yes,No,Female,0,No,No,0
CUST1117,57,107.59,736.59,1,2,1,Month-to-month,DSL,Yes,Yes,Yes,Female,0,No,Yes,0
CUST1118,55,73.91,1262.59,4,6,1,Month-to-month,Fiber optic,No,Yes,No,Male,0,Yes,Yes,0
CUST1119,47,48.25,2454.02,2,1,3,One year,Fiber optic,Yes,Yes,Yes,Male,0,Yes,Yes,0
CUST1120,12,62.52,809.1,4,0,0,One year,Fiber optic,No,No,No,Female,0,Yes,No,1
CUST1121,62,23.76,7295.53,1,5,2,Month-to-month,No,No,No,No,Female,0,Yes,No,1
CUST1122,8,32.79,147.77,2,7,3,Month-to-month,No,No,Yes,Yes,Male,0,Yes,Yes,1
CUST1123,21,96.55,3922.5,4,0,4,Two year,DSL,Yes,No,No,Male,0,Yes,No,0
CUST1124,70,20.0,1073.65,4,9,2,One year,No,No,No,No,Male,0,No,No,0
CUST1125,25,61.66,2530.66,3,8,0,Two year,DSL,Yes,Yes,No,Male,0,Yes,No,0
CUST1126,12,72.25,7415.87,1,2,0,One year,No,No,Yes,No,Male,0,Yes,Yes,0
CUST1127,15,25.46,1377.39,4,2,1,Two year,DSL,Yes,No,No,Male,0,Yes,No,0
CUST1128,59,117.31,7730.08,3,3,3,Month-to-month,Fiber optic,Yes,No,Yes,Male,0,No,No,1
CUST1129,26,42.61,1725.78,2,0,4,One year,DSL,Yes,No,No,Male,0,No,No,0
CUST1130,26,50.42,5958.37,3,8,2,Month-to-month,DSL,No,Yes,No,Male,0,No,No,1
CUST1131,47,50.39,4418.75,3,2,0,One year,Fiber optic,No,No,No,Female,0,No,No,1
CUST1132,32,43.04,7087.38,4,9,2,Month-to-month,No,Yes,No,No,Male,1,Yes,Yes,1
CUST1133,10,20.15,4476.55,4,3,4,Month-to-month,Fiber optic,No,Yes,Yes,Male,0,Yes,No,0
CUST1134,16,92.93,4323.02,4,0,2,Two year,Fiber optic,No,No,Yes,Female,0,No,No,1
CUST1135,71,116.68,1644.12,3,3,3,Two year,Fiber optic,No,Yes,Yes,Male,1,No,No,1
CUST1136,17,42.43,1413.21,2,0,1,Month-to-month,DSL,Yes,Yes,Yes,Male,0,Yes,No,0
CUST1137,23,86.3,7340.26,1,4,2,One year,DSL,Yes,No,Yes,Female,0,No,No,0
CUST1138,26,94.19,2689.92,3,4,1,Month-to-month,DSL,No,Yes,No,Male,0,No,No,0
CUST1139,7,104.84,3039.45,4,6,4,Month-to-month,Fiber optic,Yes,Yes,No,Female,0,No,No,1
CUST1140,14,62.26,6102.61,1,7,1,Two year,DSL,No,No,No,Female,0,No,No,0
CUST1141,7,50.29,2776.71,2,3,2,Month-to-month,DSL,No,Yes,Yes,Male,0,Yes,No,0
CUST1142,9,52.53,7621.29,1,6,2,Two year,DSL,Yes,No,No,Female,0,No,No,0
CUST1143,48,91.26,5929.63,4,3,0,Month-to-month,DSL,Yes,Yes,No,Female,0,Yes,No,1
CUST1144,59,101.68,4819.69,3,2,2,One year,No,No,Yes,No,Female,0,No,No,0
CUST1145,39,38.16,7059.07,3,5,1,One year,DSL,No,No,Yes,Female,0,No,Yes,0
CUST1146,18,57.09,491.89,4,3,0,Month-to-month,Fiber optic,No,No,Yes,Male,0,Yes,No,1
CUST1147,59,110.19,2130.8,3,2,2,Month-to-month,Fiber optic,Yes,No,No,Female,1,Yes,No,0
CUST1148,17,100.67,3773.79,4,8,2,Two year,Fiber optic,Yes,Yes,Yes,Female,0,No,No,0
CUST1149,14,118.49,1893.13,3,4,4,One year,DSL,No,No,No,Male,0,No,No,1
CUST1150,31,95.42,5976.85,3,6,0,Month-to-month,DSL,No,Yes,No,Female,0,No,No,0
CUST1151,24,59.32,7361.74,3,5,4,Month-to-month,DSL,Yes,No,No,Male,0,Yes,No,0
CUST1152,60,79.06,3447.78,2,9,4,Month-to-month,Fiber optic,No,Yes,No,Female,0,No,No,0
CUST1153,45,86.1,2802.85,2,4,4,Month-to-month,DSL,Yes,No,No,Male,0,No,No,1
CUST1154,3,27.85,7696.25,4,6,3,Month-to-month,Fiber optic,Yes,Yes,No,Female,0,Yes,Yes,0
CUST1155,37,74.45,3614.33,2,5,4,Month-to-month,Fiber optic,No,No,Yes,Male,1,No,No,1
CUST1156,43,90.93,3963.48,4,9,1,Two year,Fiber optic,No,Yes,Yes,Female,1,No,No,1
CUST1157,40,36.73,2878.03,1,1,2,One year,Fiber optic,Yes,Yes,Yes,Male,0,No,Yes,0
CUST1158,55,98.06,7285.43,1,2,3,Two year,Fiber optic,No,Yes,Yes,Male,0,Yes,No,1
CUST1159,39,78.38,4594.75,2,1,4,One year,No,Yes,Yes,Yes,Male,0,No,No,0
CUST1160,15,115.22,6121.18,1,2,2,Two year,DSL,Yes,No,Yes,Male,0,No,No,0
CUST1161,4,24.24,6513.27,1,0,0,One year,Fiber optic,Yes,Yes,No,Male,0,No,No,0
CUST1162,25,46.53,2800.61,3,7,0,One year,Fiber optic,No,No,Yes,Female,1,No,No,0
CUST1163,13,80.16,3526.19,3,5,2,Two year,Fiber optic,No,Yes,Yes,Female,0,Yes,No,0
CUST1164,33,49.66,6802.93,4,1,1,One year,DSL,No,No,No,Male,0,No,No,0
CUST1165,16,91.44,2969.72,1,7,2,Month-to-month,Fiber optic,Yes,Yes,No,Male,0,No,No,0
CUST1166,42,95.9,6372.09,4,5,2,One year,DSL,Yes,Yes,No,Female,1,No,No,0
CUST1167,66,30.25,7533.84,4,6,3,Two year,DSL,Yes,No,No,Female,0,No,No,0
CUST1168,55,71.39,5023.36,1,0,0,One year,DSL,Yes,No,Yes,Male,1,Yes,Yes,0
CUST1169,42,70.89,5958.86,2,6,0,One year,DSL,No,Yes,Yes,Female,1,No,Yes,0
CUST1170,34,56.93,6460.27,1,2,4,One year,Fiber optic,No,No,Yes,Male,0,No,Yes,0
CUST1171,30,113.29,6775.81,3,7,2,Two year,No,No,No,Yes,Male,0,Yes,No,0
CUST1172,13,102.75,3220.92,1,5,2,Month-to-month,DSL,Yes,No,Yes,Male,0,No,No,0
CUST1173,13,89.72,504.98,2,3,1,One year,No,Yes,Yes,No,Female,0,Yes,Yes,0
CUST1174,18,91.43,3274.82,4,7,0,Month-to-month,No,No,No,Yes,Male,0,No,Yes,1
CUST1175,32,66.17,5422.67,4,8,1,One year,No,Yes,Yes,Yes,Female,0,Yes,No,0
CUST1176,39,112.1,3657.77,3,9,3,One year,No,No,No,Yes,Female,0,Yes,No,0
CUST1177,46,89.46,6016.81,3,1,4,Month-to-month,Fiber optic,Yes,No,No,Female,0,No,Yes,0
CUST1178,29,92.9,2920.16,3,5,1,Month-to-month,DSL,Yes,Yes,Yes,Female,0,Yes,Yes,1
CUST1179,62,106.17,5114.48,4,4,0,One year,Fiber optic,Yes,No,Yes,Male,0,Yes,Yes,1
CUST1180,62,47.41,1572.72,3,4,3,Month-to-month,Fiber optic,Yes,No,Yes,Male,0,No,No,0
CUST1181,57,100.71,6020.02,1,9,2,Month-to-month,No,Yes,No,Yes,Female,0,No,Yes,1
CUST1182,16,39.52,4411.0,4,2,3,Two year,No,No,No,Yes,Male,0,No,No,1
CUST1183,56,54.53,1712.11,2,7,1,Month-to-month,Fiber optic,No,No,Yes,Female,0,No,No,1
CUST1184,10,53.56,2406.1,4,7,0,Month-to-month,DSL,No,No,Yes,Male,0,No,No,0
CUST1185,30,117.85,6014.01,1,4,1,Two year,DSL,Yes,No,No,Male,1,No,Yes,0
CUST1186,25,105.65,3912.55,1,7,2,Month-to-month,DSL,No,Yes,Yes,Male,0,No,No,1
CUST1187,5,90.12,1806.65,3,9,2,Month-to-month,Fiber optic,No,Yes,No,Male,0,No,No,1
CUST1188,65,92.71,7741.44,4,7,0,One year,Fiber optic,Yes,Yes,Yes,Male,0,No,No,0
CUST1189,49,76.21,5749.49,4,2,4,One year,No,Yes,Yes,Yes,Male,0,Yes,Yes,0
CUST1190,3,114.71,7661.37,4,1,3,Two year,Fiber optic,No,Yes,Yes,Female,1,Yes,No,1
CUST1191,45,69.63,3474.13,2,8,3,Two year,No,No,No,Yes,Male,0,Yes,No,1
CUST1192,14,58.05,3853.29,3,1,2,One year,Fiber optic,No,Yes,Yes,Male,0,Yes,Yes,0
CUST1193,30,36.3,7193.85,1,8,1,Month-to-month,No,No,Yes,Yes,Male,0,Yes,No,1
CUST1194,68,98.62,4247.89,1,3,1,Month-to-month,DSL,No,No,No,Female,0,Yes,No,0
CUST1195,18,93.44,5687.5,3,1,4,Month-to-month,No,Yes,Yes,No,Male,0,Yes,No,0
CUST1196,62,58.44,2092.17,1,9,1,Month-to-month,Fiber optic,No,No,No,Male,0,No,Yes,1
CUST1197,37,22.52,3629.14,1,0,3,One year,DSL,No,No,Yes,Male,0,Yes,Yes,1
CUST1198,25,103.9,1075.25,3,3,1,One year,DSL,No,Yes,No,Female,0,Yes,No,0
CUST1199,48,21.14,1727.24,1,8,4,Month-to-month,No,No,Yes,Yes,Male,0,Yes,No,0
CUST1200,65,90.37,107.45,4,8,3,Two year,DSL,No,No,No,Female,0,Yes,No,1
CUST1201,53,117.03,410.19,2,3,1,Month-to-month,Fiber optic,No,No,Yes,Female,0,Yes,No,1
CUST1202,15,63.77,7820.54,3,8,3,Month-to-month,DSL,Yes,Yes,Yes,Male,0,No,No,0
CUST1203,49,43.5,2014.59,2,5,2,One year,Fiber optic,Yes,No,No,Male,0,Yes,No,0
CUST1204,68,90.49,5340.15,1,0,2,Month-to-month,No,Yes,Yes,No,Female,0,Yes,Yes,1
CUST1205,12,101.71,6728.89,1,9,2,Month-to-month,Fiber optic,No,Yes,Yes,Female,1,No,No,1
CUST1206,59,74.64,4450.22,4,5,1,Month-to-month,Fiber optic,No,Yes,Yes,Male,0,Yes,No,0
CUST1207,37,116.7,1309.84,3,8,4,Month-to-month,No,Yes,Yes,Yes,Male,1,No,No,0
CUST1208,61,25.17,5852.12,1,1,3,One year,Fiber optic,No,No,No,Female,0,No,Yes,0
CUST1209,43,70.48,4841.99,3,5,0,Two year,No,No,No,Yes,Female,0,No,Yes,0
CUST1210,70,91.85,5876.88,3,1,2,Month-to-month,Fiber optic,No,Yes,No,Female,0,Yes,Yes,1
CUST1211,39,106.26,6181.0,3,3,2,Month-to-month,DSL,Yes,Yes,Yes,Female,0,Yes,No,0
CUST1212,56,37.93,7805.74,3,7,0,One year,Fiber optic,Yes,No,Yes,Male,0,No,No,0
CUST1213,63,100.0,4631.15,3,6,0,Two year,Fiber optic,Yes,No,No,Female,0,Yes,Yes,0
CUST1214,46,75.27,2798.96,2,8,1,Month-to-month,DSL,No,No,Yes,Male,0,Yes,Yes,0
CUST1215,11,59.66,5222.87,4,6,3,Month-to-month,DSL,Yes,No,Yes,Female,1,No,Yes,1
CUST1216,62,33.17,640.68,3,0,2,One year,DSL,Yes,No,Yes,Female,0,No,No,0
CUST1217,25,106.53,7189.44,2,1,4,One year,Fiber optic,Yes,Yes,No,Male,0,Yes,Yes,1
CUST1218,71,35.73,1043.11,1,5,1,Month-to-month,No,No,Yes,No,Male,0,No,No,1
CUST1219,52,50.98,2689.96,3,6,1,One year,DSL,Yes,Yes,No,Male,0,No,No,0
CUST1220,4,49.0,6544.39,1,2,4,Month-to-month,Fiber optic,Yes,Yes,No,Male,0,Yes,No,0
CUST1221,59,107.14,4818.77,3,8,4,Month-to-month,No,No,No,No,Female,0,Yes,No,1
CUST1222,20,87.27,3209.72,2,6,4,Month-to-month,DSL,Yes,No,Yes,Male,0,No,No,1
CUST1223,63,99.67,3840.14,2,5,0,Two year,Fiber optic,No,Yes,Yes,Male,1,Yes,No,0
CUST1224,54,45.05,6850.92,2,5,2,Month-to-month,No,No,Yes,No,Male,0,Yes,No,1
CUST1225,57,82.49,2786.03,4,0,0,Month-to-month,No,Yes,No,No,Female,0,Yes,No,1
CUST1226,41,77.17,6970.23,1,4,2,Month-to-month,DSL,Yes,Yes,Yes,Female,0,Yes,No,0
CUST1227,3,103.28,796.26,4,9,0,Two year,DSL,Yes,Yes,Yes,Male,0,Yes,No,0
CUST1228,6,110.61,6236.71,3,2,3,Month-to-month,DSL,No,No,Yes,Female,1,Yes,No,1
CUST1229,5,21.22,6795.63,1,6,2,Month-to-month,Fiber optic,Yes,No,Yes,Female,0,No,No,1
CUST1230,5,87.4,1536.36,2,9,1,Month-to-month,Fiber optic,Yes,No,Yes,Male,0,No,No,1
CUST1231,54,25.18,3499.74,1,2,2,One year,Fiber optic,Yes,Yes,No,Female,0,No,No,0
CUST1232,47,74.89,1407.45,2,4,2,Month-to-month,DSL,No,No,Yes,Male,0,No,Yes,0
CUST1233,49,48.76,5682.17,4,6,2,Month-to-month,DSL,No,No,No,Male,0,No,No,0
CUST1234,9,50.68,4329.25,4,2,3,Month-to-month,Fiber optic,No,Yes,No,Male,0,Yes,No,1
CUST1235,20,55.3,5119.05,2,9,0,Two year,Fiber optic,Yes,No,No,Female,0,Yes,No,1
CUST1236,61,82.13,1652.25,2,1,1,One year,Fiber optic,Yes,Yes,Yes,Male,0,No,No,0
CUST1237,35,53.4,1772.79,3,5,0,One year,Fiber optic,No,Yes,Yes,Female,0,Yes,Yes,0
CUST1238,50,93.27,427.83,4,7,0,Two year,DSL,Yes,Yes,Yes,Female,0,No,No,0
CUST1239,62,60.45,2644.33,4,3,4,Two year,DSL,Yes,Yes,Yes,Female,0,Yes,No,0
CUST1240,17,26.84,4521.98,3,8,3,Month-to-month,DSL,No,No,Yes,Female,0,No,Yes,1
CUST1241,3,98.38,6877.69,4,7,4,Two year,DSL,No,Yes,No,Male,0,Yes,No,0
CUST1242,32,48.58,5368.73,2,6,3,Month-to-month,DSL,No,No,Yes,Male,0,No,Yes,0
CUST1243,13,63.28,3539.63,1,6,0,Month-to-month,DSL,Yes,No,No,Female,1,Yes,Yes,0
CUST1244,68,88.54,7629.65,1,2,0,Two year,DSL,Yes,No,No,Male,0,No,Yes,1
CUST1245,14,53.25,5782.04,4,5,3,Month-to-month,DSL,Yes,No,No,Female,0,Yes,No,0
CUST1246,11,25.66,7448.31,3,4,0,Month-to-month,Fiber optic,No,No,No,Female,0,Yes,No,1
CUST1247,56,57.39,4267.94,2,0,0,Month-to-month,DSL,No,Yes,Yes,Male,1,No,Yes,1
CUST1248,67,114.44,2145.34,1,2,1,One year,Fiber optic,Yes,No,No,Female,0,No,No,1
CUST1249,29,84.17,517.33,2,0,4,Month-to-month,Fiber optic,No,Yes,Yes,Male,1,No,Yes,1
CUST1250,9,87.15,5836.07,4,3,4,One year,Fiber optic,No,Yes,No,Female,0,No,No,0
CUST1251,67,83.23,1058.29,4,9,4,Two year,No,Yes,Yes,Yes,Female,0,No,Yes,1
CUST1252,25,39.9,2491.92,1,2,2,One year,DSL,No,No,Yes,Female,0,No,Yes,0
CUST1253,42,61.83,4306.52,4,3,1,Month-to-month,Fiber optic,Yes,No,Yes,Female,0,No,Yes,1
CUST1254,9,95.09,4558.89,3,8,4,Two year,No,No,No,Yes,Male,0,No,No,1
CUST1255,40,30.14,4844.61,4,2,4,Month-to-month,No,Yes,No,Yes,Female,0,Yes,No,0
CUST1256,25,47.79,1413.42,4,5,1,Month-to-month,DSL,No,Yes,Yes,Female,0,Yes,No,1
CUST1257,5,47.63,3099.93,4,5,0,Month-to-month,DSL,Yes,No,No,Male,0,Yes,Yes,1
CUST1258,11,63.2,4975.83,2,6,4,One year,DSL,No,No,Yes,Female,0,Yes,No,1
CUST1259,59,118.04,7761.57,2,8,0,Month-to-month,Fiber optic,No,Yes,Yes,Female,1,No,No,1
CUST1260,38,26.75,5848.29,1,6,4,Month-to-month,Fiber optic,No,Yes,Yes,Female,0,Yes,Yes,1
CUST1261,5,71.87,7388.57,1,0,3,Month-to-month,DSL,No,Yes,Yes,Female,0,Yes,Yes,0
CUST1262,48,37.94,6121.48,1,7,2,Month-to-month,Fiber optic,No,Yes,Yes,Female,0,No,Yes,1
CUST1263,18,117.07,4774.56,4,4,4,One year,Fiber optic,Yes,Yes,No,Female,0,Yes,No,0
CUST1264,70,31.33,1616.98,2,8,3,Two year,Fiber optic,Yes,Yes,Yes,Male,1,No,No,1
CUST1265,37,60.36,5366.82,3,9,1,One year,No,Yes,Yes,Yes,Female,0,Yes,No,0
CUST1266,60,93.79,5024.7,4,4,3,Month-to-month,Fiber optic,No,No,Yes,Male,0,Yes,Yes,1
CUST1267,48,90.46,4859.51,4,4,1,Month-to-month,DSL,Yes,No,Yes,Female,1,No,No,1
CUST1268,28,62.27,3969.31,4,1,4,Two year,Fiber optic,No,Yes,Yes,Male,0,No,No,0
CUST1269,69,54.65,4276.39,3,2,1,Month-to-month,DSL,No,Yes,No,Male,0,Yes,Yes,1
CUST1270,40,59.76,2742.1,1,9,3,Two year,Fiber optic,Yes,No,Yes,Male,0,Yes,No,1
CUST1271,45,46.43,4202.57,3,8,2,Month-to-month,No,Yes,Yes,Yes,Male,1,Yes,No,1
CUST1272,62,40.53,1660.69,1,6,0,Two year,No,No,Yes,No,Female,1,No,Yes,0
CUST1273,58,68.3,6460.88,3,0,0,Month-to-month,Fiber optic,No,Yes,Yes,Female,0,No,No,0
CUST1274,67,46.85,1567.64,2,2,2,Month-to-month,DSL,Yes,Yes,No,Female,0,No,No,1
CUST1275,56,48.75,771.23,4,1,0,One year,DSL,Yes,Yes,Yes,Male,0,No,No,0
CUST1276,40,85.68,3546.34,4,0,4,One year,Fiber optic,No,No,Yes,Male,0,No,No,1
CUST1277,40,116.85,5300.63,4,8,4,Month-to-month,DSL,No,Yes,No,Male,0,No,Yes,1
CUST1278,33,80.36,3557.96,1,7,3,One year,Fiber optic,Yes,Yes,Yes,Male,0,Yes,No,0
CUST1279,6,27.7,2286.36,3,4,3,One year,DSL,No,Yes,No,Male,1,No,No,0
CUST1280,19,27.56,4509.55,2,1,1,Month-to-month,DSL,No,No,Yes,Male,0,No,No,1
CUST1281,40,115.14,2841.32,3,0,3,Month-to-month,DSL,Yes,No,No,Male,0,Yes,No,1
CUST1282,59,49.73,7469.65,4,6,4,Month-to-month,No,Yes,Yes,No,Female,0,Yes,No,0
CUST1283,59,29.21,7388.9,2,1,3,Month-to-month,Fiber optic,No,Yes,No,Male,0,No,Yes,1
CUST1284,48,79.9,4068.74,2,0,0,One year,DSL,No,Yes,No,Female,1,No,Yes,0
CUST1285,41,82.36,2690.28,4,1,1,Month-to-month,DSL,Yes,Yes,No,Female,0,No,Yes,0
CUST1286,13,84.85,5923.35,3,6,1,Month-to-month,Fiber optic,No,No,Yes,Male,1,No,Yes,1
CUST1287,45,46.74,390.03,4,6,4,Month-to-month,DSL,Yes,No,Yes,Male,0,Yes,Yes,1
CUST1288,53,21.51,3850.68,3,9,3,Month-to-month,Fiber optic,No,Yes,Yes,Male,0,Yes,No,0
CUST1289,42,116.5,2756.95,2,5,0,Month-to-month,No,Yes,Yes,Yes,Male,0,Yes,No,1
CUST1290,63,45.09,7372.23,2,4,3,Month-to-month,Fiber optic,No,No,No,Female,0,No,No,0
CUST1291,27,87.6,194.82,4,2,2,Month-to-month,Fiber optic,No,No,Yes,Male,0,Yes,No,1
CUST1292,38,90.66,4467.24,2,2,3,Two year,Fiber optic,No,Yes,Yes,Female,0,No,No,0
CUST1293,60,81.0,5951.24,1,8,4,Month-to-month,No,Yes,Yes,No,Male,0,Yes,Yes,0
CUST1294,7,51.29,3931.64,2,3,3,One year,No,Yes,Yes,Yes,Female,0,No,No,0
CUST1295,5,47.11,774.68,1,8,1,Month-to-month,Fiber optic,Yes,No,Yes,Female,0,No,No,0
CUST1296,45,79.77,7782.44,2,3,0,Month-to-month,DSL,No,No,Yes,Female,0,Yes,Yes,0
CUST1297,58,106.61,4192.28,4,1,4,Month-to-month,Fiber optic,No,No,Yes,Female,0,Yes,No,1
CUST1298,31,114.67,4952.07,4,3,2,Month-to-month,DSL,Yes,No,No,Female,0,No,Yes,0
CUST1299,23,30.59,1969.22,1,5,0,Two year,Fiber optic,Yes,Yes,Yes,Male,1,Yes,Yes,0
CUST1300,42,35.48,3919.63,4,5,0,Two year,Fiber optic,No,No,Yes,Male,0,No,Yes,0
CUST1301,10,114.47,3490.28,2,4,1,One year,DSL,No,No,No,Male,0,No,No,1
CUST1302,32,93.65,691.68,2,0,1,One year,DSL,No,No,Yes,Female,0,Yes,No,1
CUST1303,53,108.3,938.67,4,2,1,Month-to-month,Fiber optic,No,Yes,No,Male,0,Yes,No,1
CUST1304,30,40.26,6716.03,2,4,4,Month-to-month,No,Yes,No,No,Female,0,No,No,1
CUST1305,39,78.76,1994.58,3,5,3,Two year,Fiber optic,Yes,No,Yes,Female,1,No,Yes,0
CUST1306,31,90.11,1640.17,3,0,0,One year,Fiber optic,No,No,Yes,Male,0,No,No,1
CUST1307,2,88.01,4088.8,2,8,3,One year,DSL,No,Yes,Yes,Female,0,No,No,1
CUST1308,12,60.82,6173.1,4,2,3,Month-to-month,Fiber optic,No,No,No,Male,0,No,Yes,1
CUST1309,39,21.54,589.38,1,9,1,Month-to-month,Fiber optic,Yes,Yes,Yes,Female,1,No,No,1
CUST1310,66,78.29,4656.78,4,2,3,Two year,Fiber optic,Yes,Yes,Yes,Male,0,Yes,Yes,0
CUST1311,13,45.31,1041.76,1,1,0,Month-to-month,DSL,No,No,No,Female,0,Yes,Yes,0
CUST1312,46,65.03,388.04,4,7,0,Month-to-month,Fiber optic,No,Yes,Yes,Male,0,Yes,No,1
CUST1313,27,115.76,516.68,2,2,2,Month-to-month,DSL,No,No,Yes,Male,0,No,No,1
CUST1314,17,59.9,6689.9,3,5,4,Two year,DSL,No,Yes,No,Female,0,No,No,1
CUST1315,60,103.98,1031.98,4,1,3,Month-to-month,No,No,Yes,Yes,Female,0,Yes,No,1
CUST1316,64,38.85,456.7,1,6,4,Two year,DSL,No,No,No,Female,0,Yes,No,1
CUST1317,35,87.25,3559.41,3,3,4,Month-to-month,DSL,Yes,No,No,Male,0,Yes,No,0
CUST1318,70,117.7,6767.55,1,8,4,Two year,Fiber optic,Yes,Yes,Yes,Male,0,No,No,1
CUST1319,30,30.19,2173.03,2,9,4,One year,No,Yes,Yes,No,Female,0,No,No,0
CUST1320,71,20.83,3431.53,3,8,0,Month-to-month,Fiber optic,No,Yes,Yes,Male,0,No,No,1
CUST1321,63,63.36,415.39,1,6,3,One year,Fiber optic,No,Yes,No,Male,0,Yes,No,0
CUST1322,28,29.26,3647.72,4,7,2,Month-to-month,No,No,No,Yes,Female,0,Yes,No,0
CUST1323,60,94.84,4663.14,2,2,4,Month-to-month,DSL,Yes,Yes,Yes,Male,0,Yes,No,0
CUST1324,37,111.45,4610.17,2,4,2,Two year,Fiber optic,No,Yes,Yes,Male,0,No,No,0
CUST1325,22,63.4,2726.17,2,1,0,Month-to-month,Fiber optic,Yes,No,Yes,Male,1,Yes,No,0
CUST1326,68,45.87,2592.71,4,9,0,Month-to-month,No,No,Yes,No,Female,1,Yes,Yes,1
CUST1327,20,63.44,942.33,4,6,1,Month-to-month,DSL,No,No,No,Male,0,No,No,0
CUST1328,68,92.34,2997.71,3,7,4,Month-to-month,DSL,No,No,No,Female,0,No,No,1
CUST1329,64,20.91,886.01,4,8,1,Two year,Fiber optic,Yes,No,Yes,Male,0,Yes,No,0
CUST1330,17,78.95,6156.11,3,6,2,Month-to-month,Fiber optic,Yes,Yes,Yes,Male,1,No,No,1
CUST1331,12,81.33,7733.57,2,9,3,Two year,Fiber optic,Yes,No,No,Male,0,Yes,Yes,1
CUST1332,22,83.77,7763.59,3,9,1,Two year,Fiber optic,No,No,Yes,Male,0,No,No,0
CUST1333,17,44.2,6934.06,1,7,0,Month-to-month,DSL,Yes,No,No,Male,0,No,Yes,1
CUST1334,10,91.41,4846.26,2,8,4,Month-to-month,Fiber optic,No,Yes,No,Female,1,No,No,1
CUST1335,65,29.14,5636.84,2,5,2,Two year,Fiber optic,No,Yes,Yes,Male,0,No,No,0
CUST1336,22,39.93,2353.13,3,9,0,Month-to-month,No,Yes,Yes,No,Male,0,No,No,0
CUST1337,50,107.75,5083.09,2,1,3,Month-to-month,DSL,Yes,Yes,No,Male,0,No,No,0
CUST1338,14,93.87,3699.63,4,1,4,Month-to-month,No,No,No,No,Male,0,Yes,No,0
CUST1339,64,21.37,3907.94,1,3,3,One year,Fiber optic,No,No,Yes,Female,0,Yes,Yes,0
CUST1340,47,44.84,6086.43,3,8,3,One year,DSL,No,No,Yes,Male,1,Yes,Yes,0
CUST1341,29,41.44,2327.16,3,6,4,Month-to-month,Fiber optic,No,Yes,Yes,Male,1,No,No,1
CUST1342,36,47.08,2612.51,2,1,4,Month-to-month,DSL,Yes,No,Yes,Male,0,No,Yes,1
CUST1343,52,44.76,7404.67,4,7,3,Two year,No,Yes,Yes,Yes,Male,0,Yes,Yes,0
CUST1344,7,26.25,544.17,2,6,2,One year,No,Yes,Yes,No,Female,0,Yes,No,1
CUST1345,29,65.89,3936.51,2,8,4,One year,DSL,No,Yes,No,Female,0,Yes,No,1
CUST1346,11,93.27,7311.13,3,7,0,One year,DSL,No,No,Yes,Male,1,No,No,1
CUST1347,33,80.67,4921.87,2,2,1,Month-to-month,Fiber optic,No,No,Yes,Male,0,Yes,Yes,0
CUST1348,6,87.29,4416.62,1,0,2,One year,Fiber optic,Yes,Yes,No,Male,0,Yes,Yes,1
CUST1349,32,28.11,2072.98,2,1,4,Month-to-month,Fiber optic,No,No,Yes,Male,1,Yes,No,0
CUST1350,51,115.15,2811.88,2,1,4,Month-to-month,DSL,No,Yes,No,Male,0,Yes,No,0
CUST1351,58,103.85,6831.18,3,3,2,One year,Fiber optic,Yes,No,No,Female,0,No,No,0
CUST1352,26,100.51,4517.82,2,5,1,Month-to-month,DSL,Yes,Yes,No,Female,1,Yes,Yes,0
CUST1353,46,102.3,4166.46,4,3,3,Two year,No,No,Yes,No,Male,0,Yes,Yes,1
CUST1354,29,113.27,886.68,3,8,0,Month-to-month,No,Yes,Yes,No,Male,0,No,Yes,0
CUST1355,4,74.43,226.62,2,3,4,Two year,Fiber optic,No,No,Yes,Male,0,No,No,0
CUST1356,13,40.03,7713.11,1,5,1,Two year,No,Yes,No,Yes,Female,0,No,Yes,0
CUST1357,39,81.68,3078.19,1,5,0,Month-to-month,DSL,No,No,Yes,Male,0,No,No,0
CUST1358,15,94.29,4865.38,3,9,2,One year,DSL,Yes,No,Yes,Male,0,No,Yes,0
CUST1359,29,93.79,729.75,3,9,4,Month-to-month,Fiber optic,Yes,No,No,Female,0,Yes,No,1
CUST1360,29,72.14,5496.6,2,0,3,Two year,Fiber optic,Yes,Yes,Yes,Female,0,Yes,Yes,1
CUST1361,32,26.85,7467.28,4,7,2,Month-to-month,Fiber optic,Yes,No,No,Male,0,Yes,No,0
CUST1362,2,57.11,4647.76,2,2,4,One year,No,No,Yes,Yes,Male,0,No,Yes,0
CUST1363,47,112.08,1096.31,1,5,1,Month-to-month,No,No,No,Yes,Male,1,Yes,No,0
CUST1364,22,78.44,4695.6,4,2,0,Month-to-month,Fiber optic,Yes,No,No,Male,0,No,No,0
CUST1365,27,73.83,6154.14,4,1,0,Month-to-month,Fiber optic,No,No,Yes,Female,0,No,Yes,1
CUST1366,67,46.89,3310.69,4,4,4,Month-to-month,DSL,Yes,Yes,No,Female,0,Yes,No,1
CUST1367,56,56.84,7050.72,2,0,2,One year,DSL,Yes,No,No,Male,0,No,No,0
CUST1368,21,109.53,5224.6,1,8,3,One year,Fiber optic,No,Yes,Yes,Female,0,Yes,No,1
CUST1369,47,86.65,7204.07,3,6,1,One year,Fiber optic,No,No,Yes,Male,0,No,No,1
CUST1370,59,98.74,5025.69,2,2,4,Month-to-month,Fiber optic,No,Yes,Yes,Female,0,Yes,No,1
CUST1371,6,65.43,1137.17,3,3,1,Month-to-month,DSL,No,Yes,No,Male,0,No,Yes,1
CUST1372,19,83.02,2546.56,4,5,0,Month-to-month,Fiber optic,No,Yes,No,Male,1,No,Yes,0
CUST1373,57,44.84,1694.18,4,2,3,Two year,DSL,No,Yes,Yes,Female,0,No,No,0
CUST1374,69,90.55,7279.73,2,6,1,Two year,Fiber optic,No,No,No,Female,1,Yes,No,0
CUST1375,3,62.76,6107.16,1,5,4,Month-to-month,DSL,Yes,No,Yes,Female,0,No,Yes,0
CUST1376,1,64.25,5443.55,4,8,3,Month-to-month,DSL,No,Yes,No,Female,0,Yes,No,1
CUST1377,58,84.93,2477.63,3,4,2,Month-to-month,DSL,Yes,No,No,Female,0,No,Yes,1
CUST1378,38,113.63,1553.95,3,3,4,One year,DSL,No,Yes,No,Male,0,Yes,No,0
CUST1379,15,26.4,6075.96,2,2,1,One year,No,No,No,No,Male,1,No,No,0
CUST1380,34,102.47,3845.85,3,9,3,One year,DSL,Yes,No,Yes,Female,0,Yes,No,1
CUST1381,61,49.24,1883.74,1,0,4,Month-to-month,DSL,Yes,No,No,Male,0,No,Yes,1
CUST1382,35,64.39,4971.31,4,2,3,One year,Fiber optic,Yes,Yes,Yes,Male,0,No,No,0
CUST1383,64,22.19,418.64,3,2,3,One year,Fiber optic,Yes,No,No,Male,0,No,No,0
CUST1384,25,50.1,2676.75,3,6,3,Month-to-month,DSL,No,Yes,Yes,Male,0,Yes,No,0
CUST1385,24,70.26,3801.6,4,6,1,Month-to-month,DSL,No,No,No,Female,0,No,Yes,0
CUST1386,12,25.62,1268.87,2,0,4,Month-to-month,No,Yes,Yes,No,Male,0,No,No,0
CUST1387,18,69.11,7878.77,3,2,0,Month-to-month,Fiber optic,Yes,No,No,Male,0,No,No,0
CUST1388,15,112.71,1751.87,2,7,0,Two year,Fiber optic,No,Yes,Yes,Male,1,Yes,No,1
CUST1389,27,30.54,1129.79,2,8,1,Month-to-month,Fiber optic,No,Yes,No,Male,0,No,No,0
CUST1390,60,96.44,1707.93,3,6,1,Two year,DSL,Yes,Yes,No,Female,0,Yes,No,0
CUST1391,46,60.97,6175.58,1,6,3,One year,DSL,No,No,No,Male,0,Yes,Yes,0
CUST1392,17,85.52,3461.49,2,7,4,Month-to-month,Fiber optic,No,Yes,Yes,Male,1,No,No,1
CUST1393,53,46.02,4566.79,3,5,4,One year,No,Yes,No,Yes,Male,0,No,No,0
CUST1394,8,35.95,265.97,2,2,2,Month-to-month,DSL,Yes,Yes,Yes,Female,0,Yes,No,1
CUST1395,27,36.05,372.01,4,0,2,Month-to-month,No,Yes,Yes,Yes,Female,0,Yes,No,0
CUST1396,46,27.05,3622.02,1,6,0,Month-to-month,DSL,Yes,Yes,Yes,Male,0,No,Yes,1
CUST1397,50,38.56,6551.58,1,0,2,Month-to-month,DSL,No,No,Yes,Male,0,Yes,No,0
CUST1398,71,86.42,7093.39,4,0,2,Month-to-month,DSL,Yes,No,Yes,Female,0,Yes,No,0
CUST1399,3,108.17,784.98,4,8,0,Month-to-month,DSL,No,No,Yes,Male,0,No,No,1
CUST1400,64,101.41,4353.07,2,9,0,Month-to-month,No,No,No,Yes,Female,0,No,No,0
CUST1401,44,88.51,7314.51,4,6,2,Month-to-month,Fiber optic,No,No,No,Male,0,Yes,No,1
CUST1402,53,31.04,3164.98,1,3,4,Two year,DSL,No,No,Yes,Male,0,Yes,No,0
CUST1403,24,48.92,6653.57,4,5,2,Month-to-month,No,Yes,No,Yes,Female,1,No,No,0
CUST1404,60,50.98,1156.2,3,0,3,One year,No,No,Yes,Yes,Male,1,Yes,No,0
CUST1405,3,45.0,7489.62,3,6,3,Month-to-month,Fiber optic,Yes,Yes,No,Male,0,Yes,No,0
CUST1406,20,71.5,6036.24,2,5,3,One year,No,No,No,No,Male,0,No,No,0
CUST1407,46,73.56,7536.54,1,3,1,Month-to-month,DSL,Yes,No,Yes,Female,0,Yes,Yes,0
CUST1408,15,55.69,5445.28,3,6,3,Two year,No,No,No,Yes,Female,0,Yes,No,0
CUST1409,25,55.38,2970.89,4,2,4,Month-to-month,Fiber optic,No,No,No,Male,0,Yes,No,1
CUST1410,71,102.86,7511.63,3,0,1,Two year,No,Yes,No,Yes,Male,1,Yes,No,0
CUST1411,17,98.93,2276.98,3,3,1,Month-to-month,Fiber optic,Yes,Yes,Yes,Male,0,No,No,1
CUST1412,9,50.78,2724.16,2,2,3,Month-to-month,DSL,Yes,No,Yes,Male,0,Yes,Yes,1
CUST1413,38,111.38,5636.39,4,0,2,One year,Fiber optic,Yes,No,Yes,Female,0,Yes,No,1
CUST1414,48,115.28,6146.0,4,1,0,Month-to-month,DSL,No,No,No,Female,0,No,Yes,1
CUST1415,60,52.67,7442.29,4,4,2,Month-to-month,DSL,No,Yes,Yes,Female,0,Yes,Yes,0
CUST1416,63,55.44,1717.94,2,7,2,Month-to-month,DSL,No,Yes,No,Male,1,Yes,No,1
CUST1417,2,70.56,6404.18,4,0,1,One year,No,No,Yes,No,Male,0,No,No,1
CUST1418,11,114.11,5934.51,4,3,1,Two year,DSL,No,Yes,Yes,Female,0,Yes,No,0
CUST1419,64,107.63,603.98,3,3,1,Month-to-month,Fiber optic,Yes,No,Yes,Male,1,Yes,Yes,1
CUST1420,21,30.26,3159.06,3,4,4,Two year,Fiber optic,Yes,Yes,Yes,Male,0,Yes,No,0
CUST1421,18,59.27,2333.85,4,6,4,Month-to-month,No,No,Yes,Yes,Female,0,Yes,No,1
CUST1422,64,75.34,2505.47,1,7,0,Month-to-month,DSL,Yes,Yes,Yes,Male,0,Yes,Yes,1
CUST1423,38,70.31,7865.28,1,5,1,Two year,Fiber optic,No,Yes,No,Female,0,Yes,No,0
CUST1424,32,39.39,5177.94,4,0,3,Two year,No,No,Yes,Yes,Male,0,Yes,Yes,0
CUST1425,11,105.88,5769.64,1,6,1,One year,Fiber optic,Yes,No,No,Male,0,No,No,1
CUST1426,45,87.69,7815.28,2,2,4,Month-to-month,Fiber optic,No,Yes,Yes,Male,0,No,No,1
CUST1427,33,103.79,3079.89,3,5,1,Month-to-month,Fiber optic,Yes,Yes,No,Male,0,No,No,1
CUST1428,41,105.88,6434.54,2,7,4,Month-to-month,No,No,Yes,No,Male,0,Yes,No,1
CUST1429,8,94.84,3532.79,3,6,1,Month-to-month,Fiber optic,Yes,No,Yes,Female,0,No,No,1
CUST1430,11,63.92,6969.32,1,9,3,Month-to-month,DSL,No,No,Yes,Female,0,No,No,0
CUST1431,51,81.05,1527.19,1,5,0,Two year,No,No,No,Yes,Male,0,No,No,1
CUST1432,41,36.04,7586.72,4,8,3,Two year,Fiber optic,Yes,No,Yes,Male,0,No,No,0
CUST1433,17,87.36,1828.3,1,8,4,Month-to-month,Fiber optic,No,No,Yes,Female,0,Yes,No,1
CUST1434,46,37.93,2677.14,1,0,2,Month-to-month,No,No,No,Yes,Female,0,Yes,No,1
CUST1435,32,89.39,6073.92,4,0,3,Two year,DSL,Yes,No,Yes,Male,1,Yes,Yes,0
CUST1436,54,42.96,3210.67,4,0,1,Month-to-month,Fiber optic,Yes,No,No,Female,1,No,Yes,0
CUST1437,20,31.76,4904.87,3,7,0,One year,Fiber optic,Yes,Yes,Yes,Female,1,Yes,No,0
CUST1438,33,36.53,3612.13,1,9,1,Month-to-month,No,No,Yes,Yes,Female,0,No,Yes,1
CUST1439,40,20.2,5964.72,3,6,1,Month-to-month,DSL,Yes,No,Yes,Male,0,Yes,No,0
CUST1440,32,91.87,1903.82,3,2,3,Two year,Fiber optic,Yes,Yes,Yes,Female,0,Yes,No,1
CUST1441,2,93.24,561.82,2,1,0,Month-to-month,No,Yes,No,Yes,Female,0,No,No,1
CUST1442,33,71.49,2469.44,1,3,2,Month-to-month,DSL,No,Yes,No,Female,0,No,No,0
CUST1443,30,36.14,3847.04,1,2,1,Month-to-month,DSL,Yes,Yes,Yes,Female,0,Yes,No,0
CUST1444,33,28.36,1427.36,2,6,0,Two year,No,No,No,Yes,Male,0,Yes,Yes,1
CUST1445,26,21.91,2902.9,3,9,2,Two year,DSL,No,Yes,Yes,Female,0,Yes,No,0
CUST1446,22,36.57,3259.87,1,7,1,Month-to-month,No,Yes,No,Yes,Female,0,No,No,0
CUST1447,66,109.09,553.4,3,5,0,Month-to-month,DSL,No,No,Yes,Female,0,No,Yes,1
CUST1448,38,44.15,4708.13,2,2,3,One year,Fiber optic,No,Yes,No,Male,0,No,Yes,0
CUST1449,46,55.43,7086.31,4,5,1,Month-to-month,Fiber optic,No,No,Yes,Male,0,No,Yes,1
CUST1450,15,30.53,1298.77,3,1,1,One year,Fiber optic,No,Yes,Yes,Male,1,Yes,Yes,0
CUST1451,44,42.24,4822.68,1,6,0,Month-to-month,Fiber optic,No,Yes,No,Female,0,No,Yes,0
CUST1452,49,71.92,5351.44,4,9,1,Month-to-month,Fiber optic,Yes,No,Yes,Female,0,No,No,1
CUST1453,61,80.78,3412.74,3,6,2,One year,No,Yes,No,Yes,Female,1,No,No,0
CUST1454,67,44.54,5638.67,3,3,1,Month-to-month,DSL,Yes,No,No,Male,0,Yes,No,0
CUST1455,6,25.77,3344.78,4,7,4,Two year,Fiber optic,No,No,Yes,Female,0,Yes,Yes,0
CUST1456,9,59.1,4086.63,4,3,2,Month-to-month,DSL,Yes,No,No,Female,0,No,No,1
CUST1457,6,43.42,158.09,4,6,0,Month-to-month,Fiber optic,No,Yes,Yes,Male,0,No,No,1
CUST1458,32,41.96,5564.59,1,3,2,Two year,DSL,No,No,Yes,Female,0,Yes,No,0
CUST1459,41,115.99,5324.61,1,4,4,Month-to-month,DSL,No,Yes,Yes,Female,0,Yes,No,1
CUST1460,8,81.63,403.37,3,6,4,One year,Fiber optic,No,No,Yes,Male,0,No,No,1
CUST1461,50,75.69,3009.18,3,9,1,Month-to-month,DSL,Yes,Yes,Yes,Male,0,Yes,No,0
CUST1462,62,61.58,7834.35,2,2,1,One year,DSL,No,Yes,Yes,Male,0,No,No,1
CUST1463,62,62.89,3423.82,1,9,3,One year,Fiber optic,Yes,Yes,No,Male,0,Yes,Yes,0
CUST1464,7,74.09,4065.37,3,4,2,Month-to-month,Fiber optic,Yes,Yes,No,Male,0,No,No,1
CUST1465,4,89.64,7288.45,4,2,3,Two year,No,No,Yes,Yes,Female,0,No,No,1
CUST1466,6,90.21,5766.37,4,4,4,One year,Fiber optic,Yes,No,Yes,Male,1,No,Yes,1
CUST1467,58,37.17,4698.35,1,2,1,Month-to-month,DSL,Yes,Yes,No,Female,0,No,No,1
CUST1468,22,70.01,6402.66,4,9,1,One year,Fiber optic,Yes,No,No,Female,1,Yes,No,1
CUST1469,26,61.2,6928.49,2,6,1,One year,DSL,No,Yes,Yes,Male,0,Yes,No,0
CUST1470,3,107.05,3709.42,3,0,0,Month-to-month,Fiber optic,No,No,No,Male,0,No,Yes,1
CUST1471,41,83.14,3853.36,3,8,4,Month-to-month,No,No,Yes,Yes,Female,0,Yes,Yes,0
CUST1472,60,73.25,3149.8,3,8,1,Month-to-month,Fiber optic,Yes,Yes,Yes,Female,0,No,No,0
CUST1473,14,31.54,7736.98,1,4,4,Month-to-month,Fiber optic,Yes,No,Yes,Female,0,Yes,No,1
CUST1474,12,80.56,5607.61,4,8,1,One year,DSL,No,No,No,Male,0,No,No,0
CUST1475,12,31.72,757.46,2,9,2,Month-to-month,Fiber optic,No,Yes,No,Female,0,Yes,No,0
CUST1476,13,53.72,6917.38,1,5,4,Two year,No,Yes,Yes,No,Male,1,Yes,No,0
CUST1477,25,34.28,3896.42,3,4,3,Month-to-month,DSL,No,No,Yes,Female,0,Yes,No,1
CUST1478,45,89.21,643.16,2,2,0,Month-to-month,DSL,No,Yes,No,Female,0,Yes,No,0
CUST1479,19,40.63,4442.77,3,7,3,One year,Fiber optic,Yes,Yes,Yes,Female,0,No,No,0
CUST1480,55,59.19,3395.6,3,3,4,Month-to-month,Fiber optic,Yes,No,Yes,Male,0,No,No,1
CUST1481,45,109.57,7034.22,1,9,1,Month-to-month,Fiber optic,No,Yes,Yes,Male,1,Yes,Yes,1
CUST1482,8,40.43,1711.56,3,2,4,Month-to-month,No,No,Yes,Yes,Female,0,Yes,No,1
CUST1483,53,70.78,6629.07,2,5,0,Month-to-month,DSL,No,No,No,Female,0,Yes,No,1
CUST1484,55,61.93,4505.74,3,7,4,Month-to-month,Fiber optic,No,Yes,Yes,Female,0,Yes,No,0
CUST1485,32,21.81,531.42,4,8,1,Two year,Fiber optic,Yes,No,No,Male,0,No,No,0
CUST1486,51,99.28,7777.58,3,5,3,Month-to-month,DSL,No,No,Yes,Male,0,Yes,No,0
CUST1487,44,26.9,4149.66,1,4,2,Two year,Fiber optic,No,Yes,Yes,Male,0,Yes,No,0
CUST1488,70,67.43,2397.93,2,1,3,One year,DSL,Yes,Yes,No,Male,0,Yes,No,0
CUST1489,18,76.07,3808.31,1,1,1,Month-to-month,DSL,Yes,No,Yes,Male,0,Yes,No,1
CUST1490,22,82.84,6877.08,4,8,1,Month-to-month,DSL,Yes,No,No,Female,0,Yes,Yes,0
CUST1491,37,88.86,2508.73,3,1,0,Two year,No,Yes,Yes,No,Female,0,Yes,Yes,0
CUST1492,56,45.33,1622.14,1,1,4,Two year,Fiber optic,Yes,No,Yes,Female,0,Yes,No,0
CUST1493,59,21.0,1119.66,1,2,4,Month-to-month,Fiber optic,Yes,Yes,No,Male,0,Yes,No,1
CUST1494,3,92.34,2453.09,1,2,3,Month-to-month,DSL,Yes,No,Yes,Female,0,No,No,1
CUST1495,28,73.57,6262.38,1,3,2,Month-to-month,Fiber optic,No,No,No,Male,0,Yes,No,0
CUST1496,35,103.61,3825.85,4,6,2,Month-to-month,Fiber optic,No,No,Yes,Male,0,Yes,Yes,1
CUST1497,61,102.14,1897.1,4,8,0,One year,No,Yes,Yes,Yes,Female,0,Yes,No,0
CUST1498,54,104.33,1412.86,3,1,1,Two year,Fiber optic,No,No,Yes,Female,1,Yes,No,0
CUST1499,63,68.51,2728.56,3,3,0,Month-to-month,Fiber optic,No,No,Yes,Male,0,No,Yes,0
CUST1500,7,53.36,7525.4,2,8,4,One year,DSL,Yes,No,No,Male,0,Yes,Yes,1
CUST1501,49,99.16,2809.91,4,1,1,One year,Fiber optic,Yes,No,No,Female,0,No,No,1
CUST1502,31,65.13,7906.18,1,9,0,Month-to-month,Fiber optic,Yes,Yes,No,Male,0,No,No,0
CUST1503,58,38.34,3933.32,1,0,3,Month-to-month,No,Yes,No,Yes,Male,1,No,Yes,0
CUST1504,61,105.5,1515.39,2,9,4,One year,DSL,Yes,Yes,No,Male,1,No,No,1
CUST1505,24,108.26,7140.01,1,7,2,Two year,DSL,No,No,Yes,Female,0,Yes,No,0
CUST1506,20,66.63,3736.81,2,8,0,One year,Fiber optic,No,No,Yes,Male,0,No,No,0
CUST1507,37,27.57,5706.4,3,6,4,Month-to-month,DSL,Yes,Yes,Yes,Male,0,No,No,1
CUST1508,4,58.78,7871.32,4,7,4,Month-to-month,DSL,Yes,Yes,Yes,Male,0,Yes,No,1
CUST1509,20,100.35,496.39,2,3,2,Month-to-month,No,No,No,No,Male,0,No,Yes,1
CUST1510,60,110.18,863.89,1,3,2,One year,Fiber optic,No,No,Yes,Male,0,No,Yes,0
CUST1511,24,40.35,5791.61,2,1,2,One year,No,No,No,Yes,Male,0,No,No,1
CUST1512,50,26.7,2326.42,3,7,0,Month-to-month,No,Yes,Yes,No,Male,1,No,No,1
CUST1513,49,107.74,1555.98,1,1,2,Two year,DSL,Yes,No,No,Female,1,Yes,No,0
CUST1514,51,58.94,410.96,3,8,3,One year,Fiber optic,No,Yes,No,Female,1,No,No,1
CUST1515,36,74.18,272.59,3,3,4,One year,DSL,Yes,No,Yes,Female,0,Yes,No,0
CUST1516,66,116.81,6218.44,2,0,2,Two year,No,No,Yes,No,Male,0,Yes,Yes,1
CUST1517,34,26.66,1162.02,3,3,4,Month-to-month,Fiber optic,Yes,Yes,Yes,Female,0,Yes,No,0
CUST1518,36,84.83,3794.99,1,2,1,Two year,Fiber optic,Yes,Yes,Yes,Female,0,No,Yes,0
CUST1519,6,27.41,4886.58,3,5,1,Month-to-month,DSL,No,No,No,Male,0,No,No,1
CUST1520,39,57.55,3483.98,3,6,2,Month-to-month,Fiber optic,No,No,No,Female,0,Yes,Yes,0
CUST1521,42,100.38,314.14,2,7,4,Two year,DSL,Yes,Yes,No,Male,0,Yes,Yes,0
CUST1522,58,63.35,6289.66,3,1,1,Two year,Fiber optic,No,Yes,Yes,Male,0,Yes,Yes,0
CUST1523,12,119.72,183.05,4,5,2,Month-to-month,Fiber optic,Yes,Yes,No,Male,0,Yes,No,0
CUST1524,3,75.91,6118.93,2,5,4,One year,No,No,No,No,Female,0,Yes,Yes,0
CUST1525,18,52.12,7157.11,2,9,2,One year,DSL,No,No,Yes,Male,0,Yes,No,0
CUST1526,40,42.01,3519.44,1,4,4,Two year,Fiber optic,Yes,No,Yes,Female,0,No,No,0
CUST1527,21,55.05,4330.79,1,9,1,Month-to-month,No,Yes,Yes,No,Male,0,No,No,0
CUST1528,15,57.25,3868.17,1,9,2,Two year,DSL,Yes,No,Yes,Male,1,No,No,0
CUST1529,26,26.87,3174.75,1,6,1,Month-to-month,No,No,No,No,Female,0,Yes,No,0
CUST1530,8,56.96,7110.65,4,2,2,Month-to-month,DSL,No,No,Yes,Male,0,No,No,1
CUST1531,42,66.42,7162.07,2,3,0,Month-to-month,Fiber optic,Yes,Yes,No,Female,0,Yes,No,1
CUST1532,44,92.27,2752.95,3,9,1,Month-to-month,Fiber optic,No,No,No,Male,0,Yes,No,1
CUST1533,14,85.67,4959.05,1,8,1,Two year,Fiber optic,Yes,No,Yes,Male,0,No,No,0
CUST1534,2,90.88,7422.57,1,3,3,Month-to-month,No,Yes,No,No,Male,1,Yes,No,0
CUST1535,37,20.84,7700.26,1,2,1,Two year,DSL,Yes,No,Yes,Male,1,No,No,0
CUST1536,69,41.77,4120.78,3,1,4,Month-to-month,DSL,Yes,No,Yes,Male,0,No,No,1
CUST1537,38,86.17,3677.32,1,4,2,One year,Fiber optic,Yes,Yes,Yes,Male,0,No,No,1
CUST1538,41,68.4,2301.69,3,3,0,Two year,No,No,Yes,Yes,Male,0,Yes,No,0
CUST1539,62,20.53,7675.09,2,7,4,One year,DSL,No,Yes,No,Male,0,Yes,Yes,0
CUST1540,60,100.45,1228.23,2,6,4,One year,No,Yes,Yes,No,Female,0,Yes,Yes,1
CUST1541,14,97.28,4680.65,2,5,4,One year,Fiber optic,No,No,Yes,Female,0,No,No,0
CUST1542,2,74.84,2332.15,4,1,4,Two year,DSL,Yes,No,Yes,Female,0,Yes,No,0
CUST1543,70,26.65,2304.17,3,2,0,Two year,Fiber optic,No,Yes,Yes,Male,0,No,Yes,0
CUST1544,17,96.65,3299.25,1,9,3,Month-to-month,DSL,No,Yes,No,Female,0,Yes,No,0
CUST1545,28,78.37,7990.46,1,8,1,Two year,Fiber optic,Yes,Yes,No,Female,0,No,No,0
CUST1546,66,98.2,534.23,1,8,4,Month-to-month,DSL,No,No,No,Male,0,No,No,0
CUST1547,35,95.17,4670.48,1,4,1,Month-to-month,Fiber optic,Yes,No,No,Female,0,Yes,No,1
CUST1548,5,100.3,752.32,4,2,1,Two year,Fiber optic,No,No,Yes,Male,0,Yes,No,1
CUST1549,65,71.8,1320.71,1,1,4,Month-to-month,Fiber optic,Yes,Yes,Yes,Female,0,No,No,1
CUST1550,40,34.03,3572.55,4,7,3,Two year,Fiber optic,Yes,Yes,No,Female,0,No,No,1
CUST1551,56,87.12,4132.64,3,5,1,Month-to-month,Fiber optic,Yes,Yes,No,Female,0,Yes,No,1
CUST1552,36,82.05,2144.46,2,9,2,Month-to-month,DSL,Yes,No,No,Female,0,No,No,1
CUST1553,45,94.23,2600.01,1,6,1,Month-to-month,Fiber optic,Yes,No,No,Female,0,Yes,No,1
CUST1554,23,36.99,787.04,2,0,4,Month-to-month,No,Yes,Yes,No,Male,0,Yes,No,1
CUST1555,47,39.5,2495.44,3,0,0,One year,No,No,Yes,No,Female,0,No,Yes,0
CUST1556,31,109.04,7735.81,3,9,1,Month-to-month,DSL,Yes,No,No,Male,0,Yes,Yes,0
CUST1557,11,95.0,7563.19,1,1,3,Month-to-month,DSL,No,No,No,Female,0,No,No,1
CUST1558,10,110.82,2745.54,3,9,2,Month-to-month,No,Yes,Yes,Yes,Male,0,Yes,No,1
CUST1559,67,95.87,4609.75,2,2,2,Month-to-month,Fiber optic,No,Yes,Yes,Female,0,No,No,1
CUST1560,14,79.72,7285.8,1,0,0,One year,Fiber optic,Yes,No,Yes,Female,1,Yes,No,1
CUST1561,10,85.41,148.85,4,4,0,Month-to-month,Fiber optic,Yes,Yes,No,Female,0,Yes,No,1
CUST1562,1,108.91,6504.4,1,2,1,One year,DSL,No,Yes,Yes,Female,0,No,Yes,1
CUST1563,5,77.88,7592.12,2,0,4,Two year,Fiber optic,Yes,No,Yes,Female,0,Yes,No,1
CUST1564,20,83.24,821.47,1,7,3,One year,No,Yes,Yes,Yes,Male,0,No,No,0
CUST1565,8,35.65,1375.44,1,5,2,Two year,Fiber optic,Yes,No,No,Female,0,No,No,0
CUST1566,43,67.39,7689.9,2,8,0,Month-to-month,DSL,Yes,Yes,Yes,Female,0,No,Yes,1
CUST1567,1,91.64,4346.57,1,2,3,Month-to-month,DSL,No,No,Yes,Male,0,No,No,0
CUST1568,57,47.09,212.15,1,8,4,Two year,DSL,Yes,Yes,Yes,Female,0,No,No,1
CUST1569,64,40.23,2135.29,2,8,2,One year,Fiber optic,No,Yes,No,Female,0,Yes,No,0
CUST1570,28,51.38,3654.56,3,0,2,One year,DSL,Yes,Yes,Yes,Female,0,Yes,No,0
CUST1571,37,44.15,5573.98,2,2,4,One year,DSL,Yes,No,Yes,Female,1,Yes,Yes,0
CUST1572,47,41.49,5891.97,1,5,2,Month-to-month,No,Yes,Yes,No,Female,0,Yes,No,1
CUST1573,37,62.49,7963.83,4,7,4,Month-to-month,DSL,Yes,Yes,Yes,Male,0,Yes,No,1
CUST1574,49,110.78,2371.34,4,3,2,One year,DSL,No,No,Yes,Female,1,Yes,No,1
CUST1575,44,70.71,4351.94,2,4,1,One year,DSL,Yes,Yes,No,Male,0,Yes,No,0
CUST1576,56,38.79,4313.26,4,8,4,Month-to-month,DSL,Yes,No,Yes,Female,0,No,No,0
CUST1577,28,27.7,3304.6,1,5,3,Two year,Fiber optic,Yes,No,No,Female,1,No,No,0
CUST1578,6,89.62,1436.38,1,6,1,Month-to-month,No,No,No,Yes,Male,0,No,No,1
CUST1579,61,58.28,7821.91,2,6,3,Month-to-month,No,No,Yes,Yes,Female,0,Yes,Yes,1
CUST1580,20,102.18,6841.21,1,3,2,Two year,Fiber optic,No,No,No,Female,0,No,No,0
CUST1581,2,85.95,4036.83,3,3,3,One year,Fiber optic,No,Yes,No,Male,0,Yes,No,1
CUST1582,37,99.62,4865.64,1,3,1,Month-to-month,Fiber optic,Yes,No,Yes,Female,0,Yes,Yes,1
CUST1583,20,47.19,1895.36,2,4,4,Month-to-month,DSL,Yes,Yes,Yes,Female,0,Yes,Yes,0
CUST1584,26,89.24,4395.92,3,4,0,Month-to-month,DSL,No,No,No,Male,1,No,Yes,1
CUST1585,29,46.41,5590.26,3,7,3,One year,No,Yes,No,No,Male,1,No,No,1
CUST1586,1,113.91,4169.82,4,8,0,Month-to-month,DSL,Yes,Yes,Yes,Female,1,No,No,1
CUST1587,35,83.64,7923.25,1,1,3,Two year,DSL,No,No,No,Female,0,Yes,Yes,0
CUST1588,70,52.45,4929.6,2,6,3,Two year,Fiber optic,Yes,Yes,Yes,Female,1,Yes,Yes,0
CUST1589,59,46.95,3030.69,4,0,4,Two year,Fiber optic,No,No,Yes,Male,0,Yes,No,1
CUST1590,69,39.09,6200.0,4,0,2,Month-to-month,DSL,No,Yes,Yes,Male,0,Yes,Yes,0
CUST1591,33,89.46,1446.65,1,3,1,One year,DSL,No,No,Yes,Female,0,No,No,0
CUST1592,51,41.87,3137.67,1,9,1,Month-to-month,Fiber optic,No,No,Yes,Female,0,No,No,0
CUST1593,12,79.53,2840.98,2,6,1,Month-to-month,Fiber optic,No,Yes,Yes,Female,0,No,No,0
CUST1594,20,46.46,3511.28,4,1,2,Month-to-month,DSL,No,No,Yes,Male,0,No,No,0
CUST1595,53,86.2,6276.06,2,1,0,Month-to-month,Fiber optic,Yes,Yes,Yes,Male,0,Yes,No,0
CUST1596,43,101.49,3924.97,4,0,1,Two year,Fiber optic,Yes,Yes,Yes,Male,0,Yes,Yes,1
CUST1597,50,97.8,6372.71,4,9,0,Month-to-month,No,Yes,No,Yes,Female,0,No,No,1
CUST1598,29,96.09,4654.26,4,1,2,Month-to-month,DSL,No,No,No,Female,1,Yes,No,1
CUST1599,57,38.77,2802.35,1,6,2,Two year,DSL,No,No,Yes,Female,0,Yes,Yes,1
CUST1600,39,28.84,6498.83,4,8,4,Month-to-month,Fiber optic,No,Yes,No,Male,0,No,No,1
CUST1601,56,89.89,1982.49,4,5,1,One year,Fiber optic,Yes,Yes,Yes,Female,0,No,No,0
CUST1602,43,56.83,1872.63,4,9,4,Month-to-month,DSL,Yes,No,Yes,Male,0,Yes,Yes,1
CUST1603,50,63.23,4085.57,3,1,1,Month-to-month,Fiber optic,No,Yes,Yes,Female,1,No,No,1
CUST1604,23,23.11,2160.71,1,9,2,Two year,DSL,No,No,No,Male,0,No,No,0
CUST1605,44,45.96,171.79,3,9,2,Month-to-month,DSL,No,No,Yes,Female,0,No,No,0
CUST1606,38,23.37,5221.55,1,8,3,One year,Fiber optic,No,No,Yes,Female,0,No,No,0
CUST1607,23,107.92,4137.64,2,6,3,Month-to-month,DSL,No,Yes,No,Male,1,No,No,1
CUST1608,45,44.34,3619.59,3,0,2,Month-to-month,No,Yes,Yes,No,Female,0,No,No,0
CUST1609,52,75.73,7739.05,2,8,2,Month-to-month,Fiber optic,No,No,No,Male,0,No,Yes,1
CUST1610,50,23.9,4612.47,4,1,0,Month-to-month,Fiber optic,No,Yes,Yes,Female,0,No,No,1
CUST1611,8,86.68,6921.11,2,3,0,Month-to-month,Fiber optic,No,No,Yes,Female,0,No,No,1
CUST1612,1,52.3,1201.66,2,8,4,One year,Fiber optic,No,No,No,Female,1,Yes,No,0
CUST1613,8,109.79,4596.73,2,3,3,Month-to-month,DSL,Yes,Yes,Yes,Male,1,No,No,1
CUST1614,29,108.81,6957.04,2,2,3,Month-to-month,No,No,No,No,Female,1,No,No,0
CUST1615,5,52.53,4706.54,1,0,2,Month-to-month,No,No,No,No,Male,1,No,No,0
CUST1616,47,110.1,5772.31,3,6,2,Two year,DSL,No,No,No,Female,0,Yes,No,1
CUST1617,34,119.62,3039.14,1,5,4,Two year,DSL,Yes,No,Yes,Female,0,No,Yes,0
CUST1618,65,102.54,830.35,1,9,3,One year,DSL,No,No,Yes,Male,1,No,No,1
CUST1619,55,104.49,3717.41,1,3,0,Two year,Fiber optic,Yes,Yes,No,Female,0,Yes,No,0
CUST1620,43,44.9,3216.39,2,5,1,Month-to-month,Fiber optic,No,Yes,Yes,Female,0,Yes,No,0
CUST1621,30,77.67,6949.78,1,5,4,Month-to-month,No,No,No,Yes,Male,0,No,No,0
CUST1622,17,26.73,2027.56,3,3,1,One year,Fiber optic,No,Yes,Yes,Male,1,Yes,No,0
CUST1623,26,29.49,7737.2,1,5,0,One year,Fiber optic,No,No,Yes,Female,0,Yes,No,0
CUST1624,8,119.89,7669.29,4,9,0,Month-to-month,Fiber optic,No,No,Yes,Male,1,Yes,Yes,1
CUST1625,47,52.66,2056.29,2,7,1,Month-to-month,Fiber optic,No,No,No,Male,0,Yes,Yes,1
CUST1626,46,94.82,2849.61,4,2,4,Two year,Fiber optic,No,No,Yes,Female,0,Yes,Yes,1
CUST1627,68,100.67,7174.89,3,3,1,Two year,Fiber optic,No,Yes,Yes,Male,0,No,No,1
CUST1628,33,105.8,7736.32,3,9,4,Month-to-month,Fiber optic,No,Yes,Yes,Male,0,Yes,Yes,1
CUST1629,1,119.76,3603.17,3,0,4,One year,Fiber optic,Yes,No,Yes,Female,0,No,No,0
CUST1630,19,44.15,2635.88,3,3,2,Month-to-month,Fiber optic,Yes,Yes,No,Male,0,No,No,0
CUST1631,31,24.04,4256.14,1,9,3,Month-to-month,Fiber optic,Yes,No,No,Male,0,No,No,0
CUST1632,14,61.12,5533.38,2,9,3,Month-to-month,Fiber optic,Yes,Yes,Yes,Female,0,Yes,No,0
CUST1633,53,33.01,2260.45,3,8,0,Month-to-month,Fiber optic,No,No,No,Female,0,No,Yes,1
CUST1634,48,22.24,5918.14,4,7,2,Month-to-month,Fiber optic,No,No,Yes,Male,0,Yes,No,0
CUST1635,69,56.04,508.09,3,3,3,Two year,Fiber optic,Yes,No,No,Female,0,No,Yes,0
CUST1636,62,98.37,489.43,2,6,4,Month-to-month,Fiber optic,Yes,Yes,Yes,Male,0,No,No,1
CUST1637,66,76.62,3151.67,4,9,4,One year,DSL,Yes,Yes,Yes,Male,0,No,Yes,0
CUST1638,64,51.28,2892.44,4,2,1,Month-to-month,DSL,Yes,No,Yes,Male,0,Yes,No,1
CUST1639,70,85.43,2593.5,4,8,1,Month-to-month,Fiber optic,No,Yes,No,Male,0,No,No,0
CUST1640,63,43.2,3979.06,1,9,4,Two year,Fiber optic,Yes,Yes,Yes,Female,0,Yes,No,0
CUST1641,33,21.44,2633.8,3,3,4,One year,No,No,Yes,No,Female,0,Yes,No,0
CUST1642,41,96.44,1618.84,1,1,1,Two year,Fiber optic,No,Yes,Yes,Male,0,Yes,Yes,0
CUST1643,48,82.37,2544.81,4,9,3,Two year,Fiber optic,No,Yes,No,Female,0,No,No,1
CUST1644,13,96.23,7801.74,1,4,0,Month-to-month,DSL,Yes,Yes,Yes,Male,0,No,No,1
CUST1645,31,23.89,3347.8,1,1,1,Month-to-month,DSL,Yes,Yes,No,Male,0,No,No,1
CUST1646,68,103.71,3613.23,1,9,3,Two year,Fiber optic,No,Yes,Yes,Female,0,No,No,1
CUST1647,4,81.95,4654.71,3,5,3,Two year,DSL,Yes,Yes,Yes,Female,0,Yes,Yes,1
CUST1648,19,76.34,7868.39,4,9,3,One year,Fiber optic,Yes,Yes,No,Male,0,No,No,0
CUST1649,70,82.46,2008.65,4,0,2,One year,Fiber optic,No,Yes,No,Female,0,Yes,No,1
CUST1650,13,106.44,5482.13,3,5,2,One year,Fiber optic,No,Yes,No,Male,1,Yes,No,0
CUST1651,23,78.69,5756.28,1,3,3,Month-to-month,No,Yes,Yes,Yes,Female,1,No,No,0
CUST1652,1,78.1,4897.86,1,2,4,One year,Fiber optic,No,No,Yes,Female,1,No,No,1
CUST1653,54,119.07,799.77,2,1,2,Two year,DSL,Yes,No,Yes,Male,0,Yes,Yes,0
CUST1654,71,95.67,5447.29,2,6,1,One year,No,Yes,Yes,Yes,Female,0,Yes,Yes,0
CUST1655,15,64.23,606.35,2,8,2,Month-to-month,No,No,Yes,Yes,Female,0,No,No,0
CUST1656,65,90.74,4809.53,3,2,4,Month-to-month,DSL,No,Yes,Yes,Male,0,No,No,1
CUST1657,71,58.92,5942.69,4,5,0,Month-to-month,DSL,Yes,No,No,Male,0,No,No,1
CUST1658,15,42.89,1766.66,2,8,2,Month-to-month,DSL,No,No,No,Male,0,Yes,No,0
CUST1659,21,79.69,6748.81,4,1,3,Two year,DSL,Yes,Yes,Yes,Male,0,Yes,No,0
CUST1660,19,112.82,339.8,4,6,3,Month-to-month,No,No,Yes,Yes,Male,1,No,No,0
CUST1661,60,112.91,6766.12,4,4,3,Month-to-month,Fiber optic,Yes,Yes,Yes,Male,0,Yes,No,0
CUST1662,33,54.19,3736.6,3,4,0,Month-to-month,Fiber optic,No,Yes,No,Female,0,Yes,Yes,1
CUST1663,49,72.77,1818.94,3,6,4,One year,No,Yes,Yes,Yes,Male,0,Yes,No,1
CUST1664,35,41.16,1156.85,3,8,1,Month-to-month,Fiber optic,Yes,No,No,Male,0,Yes,No,0
CUST1665,44,119.56,7631.13,3,3,4,Month-to-month,DSL,No,Yes,Yes,Male,0,No,Yes,0
CUST1666,11,118.11,674.06,2,8,0,Month-to-month,No,Yes,No,Yes,Female,0,Yes,No,1
CUST1667,66,84.95,1672.84,1,9,3,Month-to-month,No,Yes,Yes,No,Male,0,No,No,1
CUST1668,46,100.44,2847.8,1,8,4,Month-to-month,No,Yes,Yes,No,Male,0,No,No,1
CUST1669,9,91.51,4999.86,1,3,1,Month-to-month,Fiber optic,Yes,No,Yes,Female,0,Yes,No,1
CUST1670,3,79.32,4403.93,2,2,3,Two year,Fiber optic,Yes,No,Yes,Female,0,No,Yes,1
CUST1671,26,25.33,1092.58,1,1,1,Month-to-month,DSL,No,Yes,No,Male,0,No,Yes,0
CUST1672,48,65.48,2388.85,2,8,2,Month-to-month,Fiber optic,Yes,No,Yes,Female,0,No,Yes,0
CUST1673,66,87.48,1986.14,2,1,1,One year,No,Yes,Yes,No,Female,0,Yes,No,0
CUST1674,70,87.75,1786.99,2,5,3,Month-to-month,DSL,Yes,No,No,Male,0,No,Yes,1
CUST1675,28,57.31,3348.04,1,4,2,One year,Fiber optic,No,No,No,Male,0,Yes,No,0
CUST1676,26,114.17,5661.85,4,4,3,Month-to-month,Fiber optic,No,Yes,Yes,Male,0,No,No,0
CUST1677,25,36.74,1817.88,1,3,3,One year,DSL,Yes,Yes,Yes,Female,1,No,Yes,0
CUST1678,12,70.04,2996.76,1,5,2,One year,Fiber optic,Yes,No,No,Male,1,No,No,0
CUST1679,5,89.09,3188.25,3,4,1,Two year,DSL,No,Yes,Yes,Female,1,No,No,0
CUST1680,48,89.71,7814.01,2,3,0,Month-to-month,Fiber optic,No,No,Yes,Male,0,Yes,No,1
CUST1681,37,84.86,7641.86,4,8,0,Month-to-month,DSL,Yes,No,No,Female,0,No,No,1
CUST1682,44,47.53,6421.09,3,5,0,Month-to-month,No,No,Yes,Yes,Male,0,No,No,0
CUST1683,15,35.62,2009.11,4,9,0,Two year,DSL,Yes,No,No,Female,0,No,No,0
CUST1684,43,83.59,637.49,4,9,4,Two year,DSL,Yes,Yes,No,Male,1,Yes,No,0
CUST1685,48,79.93,2603.54,2,9,0,Month-to-month,DSL,Yes,Yes,No,Male,0,Yes,Yes,0
CUST1686,70,37.94,2207.68,1,2,2,Month-to-month,No,No,No,No,Male,1,No,No,0
CUST1687,46,90.51,4096.81,2,9,0,Month-to-month,Fiber optic,Yes,Yes,Yes,Female,0,No,No,1
CUST1688,43,65.52,6244.05,2,5,3,Month-to-month,Fiber optic,Yes,No,Yes,Female,0,No,No,0
CUST1689,21,86.78,6880.75,3,0,0,Month-to-month,Fiber optic,No,No,No,Male,1,No,Yes,1
CUST1690,23,103.74,6774.43,2,4,1,Month-to-month,Fiber optic,Yes,Yes,Yes,Female,0,Yes,No,1
CUST1691,47,36.97,2941.44,1,9,2,One year,DSL,Yes,Yes,No,Male,1,Yes,No,0
CUST1692,15,21.91,5529.15,4,5,2,Two year,Fiber optic,Yes,No,No,Female,0,Yes,Yes,0
CUST1693,25,97.91,2571.39,2,7,4,Two year,DSL,No,Yes,Yes,Male,0,No,No,1
CUST1694,36,80.97,581.15,4,8,3,Month-to-month,No,No,No,No,Female,0,No,Yes,1
CUST1695,51,89.96,5642.37,2,2,2,One year,Fiber optic,Yes,No,Yes,Female,1,No,Yes,0
CUST1696,15,103.82,177.64,4,1,1,Two year,Fiber optic,No,No,Yes,Female,0,No,No,0
CUST1697,68,100.28,3332.54,2,3,0,Month-to-month,DSL,Yes,No,No,Female,0,Yes,No,1
CUST1698,21,116.09,2702.1,3,7,2,One year,Fiber optic,Yes,No,No,Female,0,Yes,No,1
CUST1699,13,73.59,5577.68,4,7,1,Month-to-month,DSL,No,Yes,Yes,Male,0,Yes,No,1
CUST1700,19,68.85,6153.34,2,2,0,Month-to-month,DSL,No,No,Yes,Female,0,No,No,0
CUST1701,34,60.19,2502.35,2,3,4,Month-to-month,DSL,Yes,No,Yes,Female,0,No,No,0
CUST1702,68,35.37,6511.85,3,2,2,Month-to-month,Fiber optic,No,No,Yes,Female,0,No,No,1
CUST1703,52,77.26,2421.94,3,9,2,One year,Fiber optic,No,No,Yes,Female,0,No,Yes,0
CUST1704,27,47.7,3625.98,3,1,1,Month-to-month,DSL,No,No,Yes,Male,0,No,No,1
CUST1705,29,112.13,5843.45,4,3,3,Month-to-month,DSL,Yes,No,No,Female,0,Yes,Yes,0
CUST1706,28,78.32,5574.07,4,5,4,Month-to-month,Fiber optic,Yes,Yes,No,Female,1,No,No,1
CUST1707,35,79.28,7900.21,3,4,3,Two year,Fiber optic,No,Yes,Yes,Male,0,No,Yes,1
CUST1708,8,55.49,1878.77,1,2,2,Month-to-month,DSL,Yes,No,Yes,Male,1,Yes,Yes,1
CUST1709,16,25.2,5332.31,1,1,3,One year,DSL,Yes,No,No,Female,0,Yes,No,0
CUST1710,36,23.17,4916.49,2,8,0,One year,No,No,No,No,Male,0,No,No,0
CUST1711,30,62.33,7329.28,1,0,4,Month-to-month,No,Yes,Yes,No,Female,1,Yes,No,1
CUST1712,18,28.46,1335.26,2,8,3,Month-to-month,No,No,No,Yes,Female,0,No,No,1
CUST1713,2,80.68,6039.21,4,0,0,One year,No,Yes,No,Yes,Male,0,No,Yes,1
CUST1714,49,108.1,4589.32,4,6,1,Month-to-month,DSL,Yes,No,Yes,Female,1,Yes,No,1
CUST1715,4,108.29,2269.86,1,5,3,Month-to-month,DSL,No,No,No,Male,0,No,No,1
CUST1716,7,85.9,3848.04,4,6,4,One year,DSL,Yes,No,Yes,Male,1,No,No,1
CUST1717,39,41.12,2736.84,3,2,0,Month-to-month,DSL,No,No,Yes,Female,0,No,No,0
CUST1718,13,106.3,4676.58,3,2,3,Month-to-month,No,Yes,Yes,Yes,Female,0,Yes,No,1
CUST1719,31,108.61,7123.1,1,0,1,Month-to-month,Fiber optic,Yes,No,Yes,Male,0,Yes,No,0
CUST1720,71,39.67,4597.51,1,3,3,Month-to-month,Fiber optic,Yes,No,No,Female,0,Yes,No,1
CUST1721,63,93.74,5090.61,2,1,0,One year,DSL,No,No,Yes,Male,0,Yes,No,0
CUST1722,56,48.65,4198.11,4,9,3,One year,No,Yes,No,No,Male,0,No,No,0
CUST1723,42,100.26,504.21,2,7,4,One year,No,Yes,No,Yes,Male,0,Yes,No,1
CUST1724,61,119.72,1939.58,2,2,2,One year,DSL,No,No,Yes,Male,0,No,No,0
CUST1725,42,23.0,3986.81,3,6,0,Month-to-month,No,No,No,Yes,Female,0,Yes,No,0
CUST1726,56,109.74,2550.86,3,6,0,Month-to-month,DSL,Yes,No,Yes,Female,1,Yes,No,1
CUST1727,36,82.26,1535.93,3,8,0,Month-to-month,DSL,No,No,Yes,Female,0,No,Yes,0
CUST1728,68,117.34,4082.65,3,5,0,Month-to-month,Fiber optic,No,Yes,No,Female,0,Yes,No,1
CUST1729,7,66.5,2650.2,2,0,3,Two year,Fiber optic,No,Yes,No,Female,1,Yes,Yes,1
CUST1730,54,104.74,2139.05,3,7,4,Two year,DSL,No,Yes,Yes,Female,0,No,Yes,0
CUST1731,1,26.24,3765.48,4,0,1,Month-to-month,DSL,Yes,No,Yes,Male,1,Yes,Yes,0
CUST1732,44,53.53,1152.95,3,2,4,Month-to-month,No,No,Yes,No,Female,0,No,Yes,1
CUST1733,45,26.7,7429.19,3,4,0,Month-to-month,Fiber optic,Yes,Yes,Yes,Male,0,Yes,No,0
CUST1734,47,117.53,6954.85,3,7,3,Month-to-month,Fiber optic,Yes,Yes,Yes,Male,0,No,No,0
CUST1735,13,101.7,5690.2,1,8,3,Month-to-month,DSL,Yes,Yes,Yes,Male,0,Yes,No,1
CUST1736,22,105.25,939.09,4,6,0,Month-to-month,DSL,No,No,No,Female,1,No,No,0
CUST1737,21,113.8,6229.43,4,8,3,Two year,DSL,No,Yes,Yes,Male,0,Yes,Yes,0
CUST1738,9,28.51,6482.86,2,2,0,One year,DSL,Yes,Yes,Yes,Female,0,No,No,0
CUST1739,26,58.56,6165.34,2,4,4,Month-to-month,DSL,Yes,No,Yes,Male,0,Yes,No,1
CUST1740,9,27.1,1000.33,3,9,2,Month-to-month,DSL,No,Yes,Yes,Female,0,Yes,Yes,0
CUST1741,15,41.08,5186.87,1,7,3,Month-to-month,Fiber optic,No,No,Yes,Female,0,Yes,Yes,1
CUST1742,10,42.94,6691.17,2,0,0,Two year,DSL,Yes,Yes,No,Female,0,No,No,0
CUST1743,42,66.91,4661.09,2,7,0,Two year,No,No,Yes,No,Female,1,No,Yes,0
CUST1744,24,46.86,5206.62,3,6,3,Two year,DSL,No,Yes,Yes,Female,1,Yes,No,0
CUST1745,49,30.1,3721.07,3,0,1,Month-to-month,Fiber optic,Yes,No,Yes,Male,0,Yes,Yes,1
CUST1746,26,36.75,4276.79,2,9,0,One year,DSL,No,Yes,No,Female,0,Yes,Yes,0
CUST1747,37,34.73,371.58,2,9,3,Month-to-month,Fiber optic,No,Yes,No,Female,0,Yes,Yes,1
CUST1748,68,117.31,5147.81,4,5,0,One year,DSL,Yes,No,Yes,Male,0,Yes,No,0
CUST1749,50,95.93,743.43,1,0,1,Month-to-month,No,No,Yes,Yes,Female,0,Yes,Yes,1
CUST1750,24,116.78,3536.62,4,1,2,Month-to-month,Fiber optic,Yes,Yes,Yes,Female,0,Yes,Yes,0
CUST1751,19,63.97,2411.98,2,4,1,One year,Fiber optic,No,Yes,Yes,Female,0,Yes,No,0
CUST1752,60,47.84,4408.88,4,1,4,Month-to-month,DSL,Yes,Yes,Yes,Female,1,Yes,No,1
CUST1753,39,99.83,1153.99,4,9,3,Month-to-month,Fiber optic,No,Yes,No,Female,0,Yes,No,0
CUST1754,18,52.63,5563.98,2,0,1,Month-to-month,Fiber optic,Yes,No,Yes,Male,0,No,No,1
CUST1755,19,49.94,6380.59,3,5,2,Month-to-month,DSL,No,No,No,Female,0,No,No,1
CUST1756,36,43.25,1390.5,2,7,0,Month-to-month,Fiber optic,No,No,No,Male,0,Yes,Yes,1
CUST1757,55,32.97,924.07,3,7,3,Month-to-month,No,No,Yes,No,Female,0,Yes,No,0
CUST1758,69,45.65,1249.57,2,7,1,Month-to-month,Fiber optic,Yes,Yes,Yes,Male,0,Yes,No,1
CUST1759,47,55.53,7029.31,2,5,2,Month-to-month,No,No,Yes,Yes,Male,0,No,No,0
CUST1760,49,87.4,4272.7,2,2,1,Two year,No,Yes,Yes,No,Male,1,No,No,0
CUST1761,33,26.26,3791.36,1,0,4,Month-to-month,No,No,Yes,No,Female,1,Yes,Yes,1
CUST1762,21,41.05,943.02,3,1,3,Month-to-month,Fiber optic,No,No,No,Female,0,Yes,No,0
CUST1763,22,100.9,5231.49,1,4,0,Month-to-month,Fiber optic,No,No,Yes,Male,0,Yes,No,1
CUST1764,48,34.69,6957.2,2,9,2,Two year,Fiber optic,No,No,Yes,Female,0,No,No,0
CUST1765,37,54.26,6642.67,4,4,1,One year,Fiber optic,No,Yes,No,Female,1,No,No,0
CUST1766,15,106.47,5045.83,1,9,3,Month-to-month,No,No,No,Yes,Male,1,No,No,1
CUST1767,35,35.49,694.7,3,0,1,One year,DSL,Yes,No,Yes,Female,0,No,Yes,0
CUST1768,71,28.27,987.94,2,0,3,One year,Fiber optic,Yes,No,Yes,Male,0,Yes,No,1
CUST1769,32,68.45,489.54,1,8,4,One year,DSL,No,No,Yes,Female,0,Yes,No,0
CUST1770,11,50.24,2134.09,4,1,1,One year,DSL,No,Yes,Yes,Male,0,Yes,Yes,1
CUST1771,10,76.34,1171.73,1,6,4,Two year,DSL,No,Yes,Yes,Female,0,Yes,No,0
CUST1772,57,100.38,2154.38,3,9,2,Two year,Fiber optic,No,No,Yes,Female,0,Yes,No,1
CUST1773,25,33.71,3141.96,1,3,4,One year,DSL,No,No,No,Male,0,No,No,0
CUST1774,2,78.07,7549.56,4,6,3,Month-to-month,Fiber optic,Yes,No,Yes,Male,0,Yes,Yes,0
CUST1775,64,70.55,4921.97,4,7,2,One year,Fiber optic,No,No,Yes,Female,1,Yes,No,1
CUST1776,35,34.41,6696.29,3,4,1,Two year,DSL,No,No,No,Male,0,No,Yes,0
CUST1777,7,82.4,5711.78,4,0,1,Month-to-month,DSL,Yes,No,Yes,Male,0,Yes,No,1
CUST1778,18,47.36,988.77,2,3,3,Two year,Fiber optic,Yes,No,Yes,Male,0,Yes,No,0
CUST1779,67,68.78,5913.77,4,9,0,Month-to-month,Fiber optic,Yes,No,No,Male,0,Yes,No,0
CUST1780,42,28.23,2273.28,2,2,0,Month-to-month,No,No,No,No,Male,0,No,Yes,1
CUST1781,39,65.96,5148.95,1,9,1,Two year,No,No,Yes,Yes,Female,0,Yes,No,0
CUST1782,41,50.65,2793.6,2,4,3,Month-to-month,No,No,No,Yes,Male,1,No,No,0
CUST1783,24,102.24,7981.61,2,9,0,Month-to-month,Fiber optic,No,Yes,No,Male,0,No,No,1
CUST1784,60,25.7,2182.06,1,9,4,Month-to-month,No,No,Yes,Yes,Male,0,No,No,1
CUST1785,46,61.86,2305.13,4,5,1,Month-to-month,No,Yes,No,No,Male,0,No,No,0
CUST1786,19,65.84,7452.31,2,1,4,Month-to-month,No,No,No,No,Female,0,Yes,No,0
CUST1787,68,92.5,294.69,4,6,3,Month-to-month,DSL,No,Yes,No,Male,1,No,No,1
CUST1788,42,77.43,5603.84,1,2,4,Month-to-month,No,No,Yes,Yes,Female,0,Yes,No,0
CUST1789,32,86.72,5830.08,3,0,0,Two year,Fiber optic,Yes,No,Yes,Female,0,No,No,0
CUST1790,39,97.7,6707.39,4,9,0,Two year,Fiber optic,No,Yes,No,Male,0,Yes,No,0
CUST1791,36,106.22,7798.07,4,2,2,Month-to-month,DSL,No,No,Yes,Male,0,Yes,No,1
CUST1792,36,51.39,7807.26,3,8,1,One year,Fiber optic,No,No,Yes,Female,1,Yes,No,0
CUST1793,3,73.8,615.69,3,9,3,Month-to-month,DSL,No,Yes,No,Female,0,Yes,Yes,1
CUST1794,8,104.01,6592.53,1,5,1,Month-to-month,DSL,Yes,No,Yes,Female,0,Yes,No,1
CUST1795,70,118.95,5205.85,4,5,4,Month-to-month,DSL,Yes,Yes,Yes,Male,0,Yes,Yes,0
CUST1796,41,108.95,5214.0,4,3,3,Two year,No,Yes,No,No,Female,0,Yes,No,0
CUST1797,68,57.15,1113.96,1,7,3,Two year,DSL,No,No,Yes,Male,0,Yes,No,0
CUST1798,13,39.52,5236.48,4,4,0,Month-to-month,DSL,Yes,Yes,Yes,Female,0,Yes,No,0
CUST1799,49,68.94,7861.61,2,6,4,Month-to-month,DSL,Yes,Yes,Yes,Female,0,Yes,No,1
CUST1800,60,94.16,7303.37,2,8,0,Month-to-month,Fiber optic,No,No,No,Male,0,No,Yes,0
CUST1801,2,69.26,3569.13,2,4,0,Month-to-month,DSL,No,No,Yes,Male,0,Yes,No,1
CUST1802,60,68.32,415.59,4,4,2,One year,DSL,Yes,Yes,Yes,Female,0,Yes,No,0
CUST1803,5,103.82,2962.12,2,3,0,Month-to-month,Fiber optic,Yes,No,No,Male,0,Yes,No,1
CUST1804,44,56.14,6628.48,2,5,1,One year,Fiber optic,Yes,Yes,No,Male,0,No,No,0
CUST1805,27,105.98,5641.84,1,1,3,Month-to-month,DSL,Yes,Yes,Yes,Female,0,No,No,1
CUST1806,32,60.68,3728.81,1,2,0,Two year,DSL,No,Yes,No,Male,1,Yes,No,0
CUST1807,21,52.82,535.3,3,0,1,One year,DSL,No,No,Yes,Male,0,Yes,No,0
CUST1808,8,65.4,3472.47,3,1,4,Month-to-month,No,Yes,Yes,No,Female,1,No,No,0
CUST1809,50,96.24,3805.3,3,1,3,One year,Fiber optic,Yes,No,Yes,Female,0,Yes,No,1
CUST1810,67,32.6,7435.59,3,7,4,Two year,Fiber optic,Yes,Yes,Yes,Male,0,Yes,Yes,0
CUST1811,44,39.64,5164.58,1,7,1,Month-to-month,DSL,No,No,No,Male,0,No,No,0
CUST1812,58,115.14,2562.06,1,1,4,Month-to-month,Fiber optic,No,No,Yes,Male,1,No,No,1
CUST1813,3,37.55,4250.01,1,5,4,Two year,DSL,No,Yes,Yes,Female,0,Yes,No,0
CUST1814,70,76.77,621.84,2,4,4,Month-to-month,DSL,Yes,Yes,Yes,Female,0,Yes,No,1
CUST1815,2,77.93,7783.29,2,2,0,Month-to-month,Fiber optic,No,Yes,No,Male,1,Yes,No,1
CUST1816,44,68.96,2944.47,3,4,0,Month-to-month,Fiber optic,Yes,No,Yes,Male,1,No,No,0
CUST1817,2,84.47,3875.15,2,4,0,Two year,DSL,Yes,No,Yes,Male,0,Yes,Yes,0
CUST1818,35,42.98,2906.74,4,4,3,One year,Fiber optic,No,No,Yes,Female,1,Yes,No,0
CUST1819,30,75.27,5491.84,1,2,1,Two year,No,Yes,Yes,Yes,Female,0,No,Yes,0
CUST1820,8,57.22,5331.63,3,2,0,Month-to-month,Fiber optic,No,Yes,Yes,Male,0,Yes,Yes,1
CUST1821,22,86.17,5751.05,3,3,4,Month-to-month,Fiber optic,No,Yes,Yes,Male,0,Yes,No,1
CUST1822,44,34.12,2218.33,4,6,4,One year,No,Yes,Yes,Yes,Male,0,Yes,No,0
CUST1823,58,77.09,2593.78,2,1,4,One year,No,Yes,Yes,Yes,Male,0,Yes,No,0
CUST1824,36,38.53,1089.48,3,9,4,Month-to-month,Fiber optic,No,No,No,Female,0,No,No,0
CUST1825,69,47.86,5278.53,2,3,2,Month-to-month,Fiber optic,No,Yes,No,Male,0,No,No,1
CUST1826,31,41.87,414.4,2,3,3,Month-to-month,DSL,No,No,No,Male,0,No,No,0
CUST1827,47,38.28,4821.69,4,0,1,One year,Fiber optic,No,Yes,Yes,Female,1,Yes,Yes,0
CUST1828,55,102.57,6970.6,3,9,1,Two year,DSL,No,Yes,No,Male,0,Yes,No,0
CUST1829,62,48.57,7137.57,2,7,0,One year,DSL,No,Yes,Yes,Male,1,Yes,No,1
CUST1830,30,112.71,3647.4,2,0,2,Two year,Fiber optic,No,Yes,No,Male,1,Yes,No,0
CUST1831,55,116.99,3728.5,4,7,1,Month-to-month,DSL,Yes,Yes,Yes,Male,1,No,Yes,0
CUST1832,16,77.13,708.06,4,6,3,Two year,Fiber optic,No,No,Yes,Male,0,Yes,No,0
CUST1833,12,34.3,5399.04,2,8,4,Two year,Fiber optic,Yes,Yes,Yes,Male,0,Yes,No,1
CUST1834,17,57.45,6587.95,4,7,0,Month-to-month,Fiber optic,Yes,No,Yes,Female,0,Yes,No,0
CUST1835,16,99.77,2032.77,2,4,3,Two year,DSL,No,No,No,Male,0,No,No,1
CUST1836,12,56.74,3428.28,3,7,1,Month-to-month,DSL,No,No,No,Female,0,Yes,No,1
CUST1837,8,28.7,6726.83,1,9,2,Two year,Fiber optic,No,No,No,Female,0,Yes,Yes,1
CUST1838,3,75.68,7029.25,4,2,0,Two year,No,No,Yes,No,Female,0,Yes,No,0
CUST1839,16,104.51,2021.12,1,9,1,One year,DSL,No,Yes,Yes,Female,1,Yes,No,0
CUST1840,30,99.59,4449.51,2,6,0,One year,DSL,Yes,Yes,Yes,Male,1,Yes,Yes,0
CUST1841,23,37.51,1620.7,2,3,1,Month-to-month,No,Yes,Yes,No,Male,0,No,No,0
CUST1842,5,87.28,904.84,2,4,4,Month-to-month,DSL,No,Yes,Yes,Male,0,Yes,No,1
CUST1843,65,42.05,7297.85,1,8,2,Month-to-month,No,No,No,No,Male,0,Yes,No,1
CUST1844,30,41.82,6582.01,2,6,4,One year,Fiber optic,No,Yes,Yes,Female,1,Yes,Yes,0
CUST1845,21,107.41,6104.28,4,3,1,One year,Fiber optic,No,Yes,Yes,Female,0,Yes,Yes,0
CUST1846,70,44.97,485.25,3,5,3,Two year,DSL,Yes,No,No,Female,0,Yes,Yes,0
CUST1847,22,46.32,6765.46,3,9,4,Month-to-month,DSL,Yes,Yes,Yes,Male,0,No,No,1
CUST1848,32,20.07,3560.55,4,6,3,Two year,DSL,Yes,Yes,Yes,Female,0,Yes,No,0
CUST1849,33,107.07,2804.92,3,9,1,Two year,No,No,No,Yes,Male,1,No,Yes,1
CUST1850,16,99.26,4417.16,1,8,2,One year,Fiber optic,No,Yes,No,Female,0,No,No,1
CUST1851,38,82.73,821.69,2,3,3,Month-to-month,Fiber optic,No,No,Yes,Male,0,Yes,Yes,1
CUST1852,14,95.03,6077.51,2,9,1,Month-to-month,Fiber optic,Yes,No,Yes,Female,1,Yes,Yes,1
CUST1853,36,35.2,4701.24,2,2,3,Month-to-month,DSL,Yes,Yes,Yes,Female,1,No,No,0
CUST1854,23,65.83,1574.06,1,7,4,One year,Fiber optic,Yes,No,Yes,Male,1,Yes,Yes,0
CUST1855,66,55.12,1587.03,1,0,1,One year,Fiber optic,No,Yes,Yes,Female,0,No,Yes,0
CUST1856,2,29.38,1555.56,1,8,4,Two year,Fiber optic,Yes,Yes,Yes,Female,0,No,No,1
CUST1857,65,68.61,550.32,4,0,0,Month-to-month,DSL,No,Yes,No,Male,0,Yes,No,0
CUST1858,67,112.07,4743.61,1,1,1,Month-to-month,Fiber optic,Yes,No,No,Female,0,Yes,No,0
CUST1859,52,24.01,6738.75,3,7,3,One year,No,No,No,Yes,Female,0,No,No,0
CUST1860,62,49.15,238.24,4,8,0,Two year,Fiber optic,No,No,No,Female,0,Yes,No,0
CUST1861,23,40.75,487.14,4,6,4,Two year,DSL,No,No,Yes,Female,0,No,No,1
CUST1862,26,43.81,4624.89,4,2,4,Two year,Fiber optic,No,No,Yes,Male,1,No,No,0
CUST1863,68,110.84,6574.02,1,6,3,Month-to-month,DSL,Yes,No,Yes,Male,0,Yes,No,1
CUST1864,55,66.81,2681.24,4,5,0,One year,Fiber optic,Yes,No,Yes,Female,1,No,No,0
CUST1865,6,66.63,2861.95,1,1,2,Two year,No,Yes,No,Yes,Male,0,No,No,0
CUST1866,35,96.06,4811.14,1,2,3,Month-to-month,Fiber optic,No,No,Yes,Female,0,No,No,1
CUST1867,22,35.45,2266.28,4,9,4,Month-to-month,Fiber optic,Yes,No,No,Male,0,No,No,0
CUST1868,43,68.73,310.21,2,9,1,Month-to-month,Fiber optic,No,No,Yes,Female,0,No,No,0
CUST1869,15,63.0,5908.31,2,4,0,Month-to-month,DSL,Yes,Yes,No,Female,0,No,No,1
CUST1870,60,79.69,5042.63,4,9,2,One year,DSL,Yes,No,Yes,Male,1,Yes,Yes,0
CUST1871,12,119.96,4687.97,2,3,1,Month-to-month,No,No,Yes,Yes,Female,0,No,No,0
CUST1872,49,96.94,5959.3,3,1,0,Month-to-month,Fiber optic,No,Yes,Yes,Female,1,No,No,1
CUST1873,42,59.79,5434.32,3,3,3,Month-to-month,DSL,No,Yes,Yes,Female,0,Yes,Yes,1
CUST1874,38,102.76,1726.47,1,7,3,One year,DSL,Yes,Yes,No,Female,1,Yes,No,1
CUST1875,45,37.07,2884.6,2,4,0,Month-to-month,Fiber optic,No,No,No,Male,0,Yes,No,1
CUST1876,35,23.05,1096.27,3,4,2,One year,Fiber optic,Yes,Yes,Yes,Male,0,No,No,0
CUST1877,30,40.44,1125.87,4,9,0,Month-to-month,No,Yes,Yes,No,Male,0,Yes,No,1
CUST1878,30,54.04,5441.95,2,2,1,Month-to-month,DSL,Yes,Yes,No,Male,0,No,No,0
CUST1879,6,71.06,6882.94,3,7,1,Month-to-month,No,No,No,No,Female,1,No,No,0
CUST1880,67,81.51,7705.59,3,5,3,Month-to-month,Fiber optic,Yes,Yes,Yes,Female,0,No,Yes,1
CUST1881,7,111.06,5063.94,4,1,0,Month-to-month,Fiber optic,No,Yes,No,Female,0,No,No,0
CUST1882,52,70.99,1554.4,1,1,3,Month-to-month,Fiber optic,No,No,Yes,Female,0,Yes,No,1
CUST1883,14,70.13,934.64,4,8,2,Two year,DSL,Yes,No,No,Male,0,No,No,0
CUST1884,15,25.02,6521.52,1,6,1,One year,No,Yes,No,Yes,Male,0,No,No,1
CUST1885,21,23.49,4672.18,3,9,4,Month-to-month,DSL,Yes,No,Yes,Male,0,No,No,1
CUST1886,35,75.12,4984.45,1,8,4,Month-to-month,DSL,Yes,No,Yes,Female,0,No,No,1
CUST1887,66,63.82,6273.55,3,5,0,Two year,No,No,No,Yes,Female,0,No,No,0
CUST1888,2,103.92,5655.89,3,4,0,One year,Fiber optic,No,No,No,Female,0,No,Yes,0
CUST1889,35,36.07,6692.22,2,0,4,Month-to-month,No,No,No,Yes,Female,0,Yes,Yes,1
CUST1890,20,22.5,544.09,1,5,0,One year,Fiber optic,No,No,Yes,Male,1,Yes,No,0
CUST1891,10,64.9,6005.41,1,5,1,One year,Fiber optic,No,Yes,No,Male,1,No,Yes,1
CUST1892,25,43.75,6821.74,1,2,2,One year,No,No,No,Yes,Male,0,No,No,0
CUST1893,66,24.96,2360.47,4,2,2,Month-to-month,DSL,No,Yes,Yes,Female,0,No,No,0
CUST1894,25,92.46,5159.53,2,2,3,Month-to-month,No,No,Yes,Yes,Male,0,No,No,1
CUST1895,54,31.16,2581.88,2,2,1,Month-to-month,DSL,No,No,Yes,Female,0,No,No,1
CUST1896,33,80.83,7667.97,2,6,0,Two year,No,Yes,No,Yes,Male,0,Yes,No,0
CUST1897,36,48.1,364.05,4,9,0,One year,DSL,Yes,No,Yes,Male,1,No,No,0
CUST1898,14,37.35,4680.36,1,1,3,Month-to-month,Fiber optic,No,No,No,Female,0,Yes,Yes,1
CUST1899,65,57.98,1415.38,1,9,3,Two year,No,No,Yes,No,Female,0,Yes,No,0
CUST1900,54,100.14,5726.54,1,9,0,Two year,Fiber optic,Yes,Yes,Yes,Female,0,Yes,Yes,0
CUST1901,52,59.21,1489.53,2,1,0,Two year,Fiber optic,Yes,No,Yes,Male,0,Yes,Yes,0
CUST1902,3,95.08,1959.53,2,2,1,Two year,No,Yes,Yes,Yes,Male,0,Yes,No,0
CUST1903,41,32.55,4005.53,3,9,3,Two year,Fiber optic,No,No,No,Male,0,No,No,0
CUST1904,6,97.28,7327.2,4,6,1,Month-to-month,No,Yes,Yes,Yes,Male,0,No,Yes,0
CUST1905,25,43.69,1772.54,4,2,0,Two year,Fiber optic,Yes,Yes,No,Female,0,No,No,0
CUST1906,13,87.74,1239.5,2,6,4,Two year,DSL,Yes,No,Yes,Male,1,No,No,0
CUST1907,8,76.58,6095.92,3,8,4,Month-to-month,DSL,Yes,No,No,Female,0,Yes,Yes,0
CUST1908,21,112.91,4054.89,1,9,0,Month-to-month,DSL,Yes,Yes,Yes,Male,0,Yes,No,1
CUST1909,68,58.73,7303.1,2,3,3,Two year,DSL,No,No,No,Female,0,No,No,1
CUST1910,25,26.62,1258.26,4,6,4,Month-to-month,Fiber optic,Yes,Yes,Yes,Female,1,Yes,No,0
CUST1911,68,21.92,5202.83,4,8,3,Two year,DSL,No,No,No,Male,1,No,No,1
CUST1912,45,102.69,1939.75,4,7,4,Month-to-month,DSL,Yes,No,Yes,Male,0,Yes,Yes,1
CUST1913,60,72.47,1338.41,1,7,3,Month-to-month,DSL,Yes,No,Yes,Female,0,Yes,Yes,1
CUST1914,12,97.52,5499.09,4,8,4,Month-to-month,No,Yes,No,Yes,Male,0,Yes,Yes,1
CUST1915,32,43.44,4790.11,1,4,3,Month-to-month,Fiber optic,Yes,No,No,Female,0,Yes,No,0
CUST1916,13,54.51,6063.14,1,4,1,One year,Fiber optic,Yes,No,No,Male,0,No,Yes,0
CUST1917,31,23.01,2544.75,1,2,3,One year,No,No,No,Yes,Male,0,Yes,Yes,0
CUST1918,20,116.15,3638.98,2,4,1,Month-to-month,DSL,No,Yes,Yes,Male,0,No,Yes,1
CUST1919,18,86.79,3303.23,1,7,1,Month-to-month,No,No,No,Yes,Male,0,No,No,0
CUST1920,60,113.32,7874.31,3,4,0,Month-to-month,Fiber optic,No,Yes,No,Male,0,Yes,Yes,0
CUST1921,63,46.55,2408.77,4,3,1,Month-to-month,DSL,No,No,No,Female,0,No,No,0
CUST1922,6,81.15,2429.06,2,7,2,One year,Fiber optic,No,Yes,No,Male,0,No,No,1
CUST1923,32,87.85,2900.93,4,6,1,Month-to-month,Fiber optic,No,No,Yes,Female,0,No,No,1
CUST1924,43,51.75,4560.29,1,5,3,Month-to-month,Fiber optic,Yes,No,No,Female,0,No,Yes,0
CUST1925,2,104.81,2093.35,2,4,1,Month-to-month,No,No,Yes,No,Female,0,Yes,Yes,1
CUST1926,60,114.72,7330.79,3,4,3,Month-to-month,DSL,Yes,No,No,Male,0,Yes,No,1
CUST1927,23,108.49,2198.92,1,9,3,Month-to-month,DSL,Yes,No,Yes,Female,0,Yes,No,1
CUST1928,31,93.91,7176.94,4,1,2,Month-to-month,DSL,No,No,No,Female,0,Yes,No,0
CUST1929,5,47.75,917.45,3,3,1,Two year,DSL,Yes,No,Yes,Female,0,No,Yes,0
CUST1930,34,48.16,5286.85,1,7,1,Two year,DSL,Yes,No,Yes,Female,0,No,Yes,0
CUST1931,10,116.34,7265.19,3,7,4,Two year,No,No,Yes,Yes,Female,0,Yes,No,0
CUST1932,2,21.03,1433.12,1,0,4,Month-to-month,DSL,Yes,No,Yes,Female,1,Yes,No,0
CUST1933,11,91.6,7749.78,2,1,0,Month-to-month,Fiber optic,No,Yes,Yes,Male,0,No,No,0
CUST1934,50,90.62,3677.78,1,4,3,Month-to-month,Fiber optic,Yes,Yes,Yes,Female,0,Yes,No,1
CUST1935,31,82.27,7571.15,2,8,2,One year,No,No,Yes,Yes,Female,0,No,No,0
CUST1936,56,119.01,5446.88,1,9,4,Two year,No,Yes,Yes,No,Male,1,Yes,No,0
CUST1937,9,51.19,2482.54,1,6,1,Month-to-month,Fiber optic,No,Yes,Yes,Female,1,No,No,1
CUST1938,21,54.0,1587.59,4,9,0,Month-to-month,No,Yes,Yes,Yes,Male,0,No,No,1
CUST1939,28,27.89,2499.51,3,4,2,One year,Fiber optic,No,Yes,Yes,Male,0,Yes,No,0
CUST1940,62,64.28,834.84,3,0,1,Two year,No,Yes,Yes,No,Female,0,Yes,No,0
CUST1941,7,46.1,1236.56,3,5,1,Two year,Fiber optic,Yes,No,No,Female,1,Yes,No,1
CUST1942,16,54.34,926.82,1,7,3,One year,DSL,No,Yes,Yes,Male,0,No,No,0
CUST1943,4,103.46,3441.25,1,6,3,Two year,Fiber optic,Yes,No,No,Male,1,Yes,Yes,1
CUST1944,4,113.55,6385.07,1,1,4,Month-to-month,Fiber optic,No,Yes,Yes,Male,0,Yes,No,1
CUST1945,40,38.57,1216.93,2,4,4,Two year,Fiber optic,Yes,Yes,No,Male,0,Yes,No,0
CUST1946,17,57.25,1129.53,2,3,1,Two year,DSL,Yes,No,Yes,Female,1,Yes,No,0
CUST1947,52,112.86,5183.09,4,8,1,Two year,Fiber optic,No,Yes,Yes,Male,0,Yes,Yes,0
CUST1948,52,26.18,1657.75,1,9,4,Month-to-month,No,Yes,No,Yes,Male,1,No,No,1
CUST1949,36,29.24,871.12,3,0,4,Month-to-month,DSL,No,Yes,Yes,Male,0,Yes,Yes,1
CUST1950,38,36.28,1418.1,3,5,1,Month-to-month,Fiber optic,Yes,No,Yes,Female,1,Yes,No,1
CUST1951,50,79.52,7397.48,4,2,2,Month-to-month,Fiber optic,Yes,No,No,Male,0,Yes,No,0
CUST1952,63,35.05,6589.62,3,8,1,Two year,No,Yes,Yes,No,Male,0,Yes,Yes,1
CUST1953,63,116.81,2897.11,4,4,2,Month-to-month,No,Yes,Yes,Yes,Female,0,No,Yes,0
CUST1954,62,64.67,5280.98,1,5,2,Month-to-month,Fiber optic,No,Yes,Yes,Female,0,No,No,1
CUST1955,7,70.15,4344.48,3,8,1,One year,Fiber optic,No,Yes,Yes,Male,0,Yes,Yes,0
CUST1956,27,44.67,5449.28,1,8,0,Month-to-month,DSL,Yes,No,Yes,Male,1,Yes,No,0
CUST1957,14,67.1,5493.1,2,7,4,Month-to-month,Fiber optic,Yes,No,No,Male,0,Yes,No,0
CUST1958,71,86.19,5067.0,3,8,3,Month-to-month,Fiber optic,No,No,Yes,Female,0,No,Yes,1
CUST1959,5,95.12,2202.2,2,3,1,One year,No,Yes,No,No,Female,1,No,No,1
CUST1960,55,95.39,408.15,3,5,2,Month-to-month,Fiber optic,No,No,Yes,Male,0,Yes,Yes,1
CUST1961,2,77.79,3698.98,1,4,1,Two year,DSL,Yes,No,Yes,Male,0,No,No,0
CUST1962,62,110.44,7138.69,4,4,4,Month-to-month,Fiber optic,Yes,No,Yes,Male,0,No,No,1
CUST1963,21,101.74,4599.03,1,3,2,Two year,DSL,No,Yes,Yes,Female,1,No,No,0
CUST1964,21,95.7,6675.89,1,1,3,Month-to-month,DSL,Yes,Yes,Yes,Male,0,No,No,0
CUST1965,10,25.56,7933.83,1,5,3,Month-to-month,DSL,No,Yes,No,Male,0,No,No,0
CUST1966,58,20.69,1392.57,3,8,3,Month-to-month,DSL,No,Yes,Yes,Female,1,No,Yes,1
CUST1967,39,41.24,5565.04,4,0,0,Month-to-month,No,No,Yes,Yes,Male,0,Yes,No,0
CUST1968,5,86.35,5426.92,2,6,2,Month-to-month,DSL,No,Yes,No,Female,0,No,No,1
CUST1969,65,61.12,7841.65,1,5,2,Month-to-month,DSL,No,Yes,Yes,Female,0,Yes,No,0
CUST1970,13,60.24,7886.25,3,2,0,Month-to-month,No,No,Yes,No,Male,1,No,Yes,0
CUST1971,53,108.46,5524.76,2,0,2,One year,Fiber optic,Yes,No,Yes,Female,0,Yes,No,0
CUST1972,45,109.56,2024.56,1,3,0,Month-to-month,DSL,No,Yes,Yes,Female,0,No,Yes,1
CUST1973,32,110.92,6408.59,2,8,1,Month-to-month,DSL,No,Yes,No,Male,0,Yes,No,1
CUST1974,36,51.39,945.53,1,1,4,One year,DSL,Yes,Yes,No,Female,0,Yes,No,0
CUST1975,60,89.11,6267.52,2,2,3,Two year,DSL,No,No,Yes,Female,0,No,No,1
CUST1976,11,47.16,7290.55,2,1,0,Month-to-month,DSL,Yes,Yes,Yes,Male,0,Yes,Yes,0
CUST1977,63,39.06,3124.38,4,1,0,Month-to-month,Fiber optic,No,No,No,Male,0,Yes,No,1
CUST1978,21,38.46,5082.02,4,9,0,Two year,DSL,No,No,Yes,Male,0,No,Yes,0
CUST1979,52,54.21,3498.13,1,7,1,Month-to-month,Fiber optic,No,Yes,Yes,Male,0,Yes,No,0
CUST1980,55,63.0,3558.34,3,2,0,Two year,No,Yes,No,No,Male,0,No,Yes,0
CUST1981,26,103.09,2551.93,4,6,4,Month-to-month,Fiber optic,Yes,Yes,No,Female,0,Yes,No,1
CUST1982,68,31.99,6120.82,2,7,4,Two year,No,No,Yes,No,Female,0,Yes,No,0
CUST1983,34,93.49,7495.79,4,2,3,Month-to-month,Fiber optic,No,Yes,No,Female,0,No,No,1
CUST1984,52,73.15,7531.93,4,1,1,Two year,Fiber optic,Yes,No,No,Female,0,Yes,Yes,0
CUST1985,52,48.79,1480.77,1,7,4,Month-to-month,Fiber optic,Yes,Yes,No,Female,0,Yes,No,0
CUST1986,29,69.28,7010.47,4,2,2,One year,DSL,Yes,Yes,No,Male,0,No,No,0
CUST1987,38,49.99,5925.71,4,6,2,Month-to-month,DSL,No,Yes,Yes,Male,0,No,No,1
CUST1988,42,79.61,2097.42,2,0,2,Month-to-month,Fiber optic,Yes,No,Yes,Male,0,No,Yes,0
CUST1989,21,63.38,631.55,4,5,0,One year,Fiber optic,Yes,No,No,Male,0,Yes,No,0
CUST1990,42,36.44,2217.18,2,8,0,Month-to-month,Fiber optic,Yes,No,No,Female,0,Yes,No,1
CUST1991,13,31.66,7306.45,4,2,2,Two year,No,Yes,No,Yes,Male,0,No,No,0
CUST1992,64,74.67,5102.11,4,6,3,Month-to-month,Fiber optic,Yes,Yes,Yes,Male,1,Yes,No,1
CUST1993,17,110.24,5796.33,3,5,3,Two year,Fiber optic,Yes,Yes,No,Female,0,Yes,No,0
CUST1994,9,54.4,2131.5,4,7,0,Month-to-month,Fiber optic,Yes,No,Yes,Female,0,Yes,No,1
CUST1995,41,93.3,5783.17,2,2,2,Two year,No,No,Yes,Yes,Male,0,Yes,Yes,1
CUST1996,1,85.87,322.16,2,2,3,Two year,No,Yes,No,No,Female,0,Yes,No,1
CUST1997,2,113.16,3065.04,1,3,0,Month-to-month,No,No,Yes,No,Female,0,No,No,0
CUST1998,60,102.1,5051.35,1,2,2,Two year,DSL,No,Yes,No,Male,0,No,Yes,1
CUST1999,48,76.66,1254.16,3,8,1,Two year,Fiber optic,Yes,No,No,Female,0,Yes,No,0
