order_id,customer_id,product_id,order_date,quantity,unit_price,discount,status,channel,region,revenue
ORD000000,CUST0103,PROD0021,2022-01-01 00:00:00.000000000,1,118.53,0.0,Completed,Web,South,118.53
ORD000001,CUST0436,PROD0147,2022-01-01 03:29:59.639927985,1,27.05,0.0,Completed,Web,South,27.05
ORD000002,CUST0349,PROD0053,2022-01-01 06:59:59.279855971,4,210.53,0.1,Completed,Mobile,North,757.91
ORD000003,CUST0271,PROD0019,2022-01-01 10:29:58.919783956,4,151.7,0.1,Completed,In-Store,North,546.12
ORD000004,CUST0107,PROD0057,2022-01-01 13:59:58.559711942,2,406.4,0.15,Completed,Web,West,690.88
ORD000005,CUST0072,PROD0025,2022-01-01 17:29:58.199639927,9,402.18,0.1,Completed,In-Store,West,3257.66
ORD000006,CUST0189,PROD0031,2022-01-01 20:59:57.839567913,14,233.94,0.05,Completed,Mobile,South,3111.4
ORD000007,CUST0021,PROD0081,2022-01-02 00:29:57.479495899,9,307.19,0.1,Completed,Web,West,2488.24
ORD000008,CUST0103,PROD0183,2022-01-02 03:59:57.119423884,13,306.09,0.1,Completed,Web,North,3581.25
ORD000009,CUST0122,PROD0023,2022-01-02 07:29:56.759351870,13,415.31,0.05,Completed,Web,East,5129.08
ORD000010,CUST0467,PROD0032,2022-01-02 10:59:56.399279855,2,218.25,0.05,Completed,Web,International,414.67
ORD000011,CUST0215,PROD0190,2022-01-02 14:29:56.039207841,14,144.97,0.1,Completed,Web,West,1826.62
ORD000012,CUST0331,PROD0074,2022-01-02 17:59:55.679135827,9,139.87,0.05,Completed,Web,South,1195.89
ORD000013,CUST0459,PROD0010,2022-01-02 21:29:55.319063812,6,272.73,0.1,Completed,In-Store,West,1472.74
ORD000014,CUST0088,PROD0054,2022-01-03 00:59:54.958991798,8,230.08,0.1,Completed,Mobile,South,1656.58
ORD000015,CUST0373,PROD0052,2022-01-03 04:29:54.598919783,10,225.66,0.1,Completed,Mobile,West,2030.94
ORD000016,CUST0100,PROD0148,2022-01-03 07:59:54.238847769,13,54.66,0.1,Completed,Web,East,639.52
ORD000017,CUST0360,PROD0160,2022-01-03 11:29:53.878775755,13,362.12,0.05,Completed,Web,West,4472.18
ORD000018,CUST0152,PROD0114,2022-01-03 14:59:53.518703740,4,114.73,0.1,Completed,Web,North,413.03
ORD000019,CUST0131,PROD0014,2022-01-03 18:29:53.158631726,2,106.51,0.05,Completed,In-Store,East,202.37
ORD000020,CUST0150,PROD0178,2022-01-03 21:59:52.798559711,2,212.25,0.0,Completed,Web,East,424.5
ORD000021,CUST0309,PROD0156,2022-01-04 01:29:52.438487697,9,121.61,0.0,Returned,Web,East,1094.49
ORD000022,CUST0258,PROD0110,2022-01-04 04:59:52.078415683,1,296.09,0.05,Completed,Mobile,West,281.29
ORD000023,CUST0344,PROD0053,2022-01-04 08:29:51.718343668,12,192.02,0.05,Completed,Mobile,International,2189.03
ORD000024,CUST0492,PROD0152,2022-01-04 11:59:51.358271654,7,229.97,0.2,Completed,Mobile,West,1287.83
ORD000025,CUST0414,PROD0079,2022-01-04 15:29:50.998199639,11,273.21,0.0,Completed,Web,North,3005.31
ORD000026,CUST0294,PROD0022,2022-01-04 18:59:50.638127625,14,109.73,0.0,Completed,Web,West,1536.22
ORD000027,CUST0386,PROD0030,2022-01-04 22:29:50.278055611,3,86.32,0.0,Completed,Mobile,North,258.96
ORD000028,CUST0192,PROD0191,2022-01-05 01:59:49.917983596,3,441.41,0.0,Pending,Mobile,East,1324.23
ORD000029,CUST0444,PROD0004,2022-01-05 05:29:49.557911582,2,222.52,0.1,Completed,Web,International,400.54
ORD000030,CUST0277,PROD0059,2022-01-05 08:59:49.197839567,14,211.93,0.0,Returned,Web,North,2967.02
ORD000031,CUST0161,PROD0008,2022-01-05 12:29:48.837767553,10,27.45,0.1,Completed,Mobile,West,247.05
ORD000032,CUST0460,PROD0012,2022-01-05 15:59:48.477695539,6,254.01,0.1,Completed,In-Store,West,1371.65
ORD000033,CUST0314,PROD0119,2022-01-05 19:29:48.117623524,13,281.54,0.05,Completed,Mobile,East,3477.02
ORD000034,CUST0022,PROD0159,2022-01-05 22:59:47.757551510,10,283.83,0.15,Completed,In-Store,South,2412.55
ORD000035,CUST0253,PROD0034,2022-01-06 02:29:47.397479495,2,356.45,0.05,Completed,Mobile,South,677.26
ORD000036,CUST0236,PROD0082,2022-01-06 05:59:47.037407481,10,96.97,0.0,Pending,Web,International,969.7
ORD000037,CUST0345,PROD0098,2022-01-06 09:29:46.677335467,4,133.59,0.15,Pending,Web,North,454.21
ORD000038,CUST0049,PROD0127,2022-01-06 12:59:46.317263452,10,407.26,0.15,Pending,Mobile,East,3461.71
ORD000039,CUST0475,PROD0075,2022-01-06 16:29:45.957191438,9,474.11,0.0,Completed,Web,North,4266.99
ORD000040,CUST0059,PROD0105,2022-01-06 19:59:45.597119423,9,76.61,0.0,Pending,Mobile,North,689.49
ORD000041,CUST0170,PROD0049,2022-01-06 23:29:45.237047409,6,253.85,0.0,Completed,Mobile,West,1523.1
ORD000042,CUST0476,PROD0079,2022-01-07 02:59:44.876975395,13,114.95,0.0,Completed,In-Store,South,1494.35
ORD000043,CUST0188,PROD0185,2022-01-07 06:29:44.516903380,4,39.44,0.2,Completed,Mobile,International,126.21
ORD000044,CUST0464,PROD0093,2022-01-07 09:59:44.156831366,7,169.5,0.05,Completed,Web,East,1127.18
ORD000045,CUST0271,PROD0154,2022-01-07 13:29:43.796759351,14,80.41,0.0,Pending,Web,East,1125.74
ORD000046,CUST0190,PROD0018,2022-01-07 16:59:43.436687337,1,357.87,0.15,Returned,Web,North,304.19
ORD000047,CUST0446,PROD0096,2022-01-07 20:29:43.076615323,12,271.53,0.05,Completed,In-Store,International,3095.44
ORD000048,CUST0175,PROD0038,2022-01-07 23:59:42.716543308,4,80.48,0.0,Completed,Web,North,321.92
ORD000049,CUST0446,PROD0087,2022-01-08 03:29:42.356471294,5,14.53,0.2,Completed,In-Store,East,58.12
ORD000050,CUST0051,PROD0088,2022-01-08 06:59:41.996399279,8,406.0,0.15,Completed,In-Store,South,2760.8
ORD000051,CUST0364,PROD0050,2022-01-08 10:29:41.636327265,12,96.34,0.15,Completed,Mobile,South,982.67
ORD000052,CUST0055,PROD0008,2022-01-08 13:59:41.276255251,2,307.05,0.05,Completed,Web,East,583.4
ORD000053,CUST0244,PROD0169,2022-01-08 17:29:40.916183236,12,175.09,0.1,Completed,Web,West,1890.97
ORD000054,CUST0320,PROD0134,2022-01-08 20:59:40.556111222,5,296.89,0.0,Completed,Web,North,1484.45
ORD000055,CUST0131,PROD0069,2022-01-09 00:29:40.196039207,6,164.67,0.05,Completed,Web,East,938.62
ORD000056,CUST0485,PROD0172,2022-01-09 03:59:39.835967193,5,52.6,0.2,Completed,Web,West,210.4
ORD000057,CUST0307,PROD0121,2022-01-09 07:29:39.475895179,13,119.25,0.0,Completed,Web,South,1550.25
ORD000058,CUST0135,PROD0064,2022-01-09 10:59:39.115823164,9,102.15,0.1,Completed,Mobile,North,827.42
ORD000059,CUST0021,PROD0157,2022-01-09 14:29:38.755751150,10,219.73,0.05,Completed,Web,South,2087.43
ORD000060,CUST0329,PROD0156,2022-01-09 17:59:38.395679135,1,332.56,0.0,Completed,Web,North,332.56
ORD000061,CUST0167,PROD0139,2022-01-09 21:29:38.035607121,14,139.26,0.1,Completed,Mobile,North,1754.68
ORD000062,CUST0274,PROD0121,2022-01-10 00:59:37.675535107,3,15.91,0.0,Completed,In-Store,South,47.73
ORD000063,CUST0388,PROD0065,2022-01-10 04:29:37.315463092,14,264.28,0.1,Completed,Mobile,East,3329.93
ORD000064,CUST0089,PROD0107,2022-01-10 07:59:36.955391078,2,306.82,0.0,Completed,Web,North,613.64
ORD000065,CUST0316,PROD0147,2022-01-10 11:29:36.595319063,12,481.81,0.2,Completed,Mobile,East,4625.38
ORD000066,CUST0014,PROD0137,2022-01-10 14:59:36.235247049,13,298.84,0.0,Completed,Mobile,International,3884.92
ORD000067,CUST0242,PROD0155,2022-01-10 18:29:35.875175035,3,240.87,0.0,Completed,In-Store,International,722.61
ORD000068,CUST0265,PROD0162,2022-01-10 21:59:35.515103020,10,290.97,0.0,Completed,Web,West,2909.7
ORD000069,CUST0346,PROD0172,2022-01-11 01:29:35.155031006,9,464.67,0.2,Completed,In-Store,South,3345.62
ORD000070,CUST0053,PROD0196,2022-01-11 04:59:34.794958991,13,415.91,0.1,Completed,Web,North,4866.15
ORD000071,CUST0386,PROD0100,2022-01-11 08:29:34.434886977,14,168.26,0.1,Completed,In-Store,West,2120.08
ORD000072,CUST0340,PROD0082,2022-01-11 11:59:34.074814963,9,126.25,0.05,Completed,Web,North,1079.44
ORD000073,CUST0092,PROD0143,2022-01-11 15:29:33.714742948,10,138.69,0.05,Completed,In-Store,North,1317.56
ORD000074,CUST0367,PROD0051,2022-01-11 18:59:33.354670934,2,257.17,0.0,Completed,In-Store,East,514.34
ORD000075,CUST0444,PROD0141,2022-01-11 22:29:32.994598919,14,374.58,0.05,Completed,Web,North,4981.91
ORD000076,CUST0455,PROD0083,2022-01-12 01:59:32.634526905,3,256.58,0.0,Completed,In-Store,West,769.74
ORD000077,CUST0428,PROD0177,2022-01-12 05:29:32.274454891,14,43.22,0.2,Pending,Web,West,484.06
ORD000078,CUST0264,PROD0198,2022-01-12 08:59:31.914382876,4,364.55,0.1,Completed,Web,West,1312.38
ORD000079,CUST0431,PROD0112,2022-01-12 12:29:31.554310862,9,404.93,0.05,Completed,Web,West,3462.15
ORD000080,CUST0035,PROD0056,2022-01-12 15:59:31.194238847,3,151.85,0.0,Completed,In-Store,North,455.55
ORD000081,CUST0206,PROD0179,2022-01-12 19:29:30.834166833,13,335.42,0.1,Pending,Web,West,3924.41
ORD000082,CUST0081,PROD0165,2022-01-12 22:59:30.474094819,7,219.03,0.0,Completed,Mobile,South,1533.21
ORD000083,CUST0420,PROD0145,2022-01-13 02:29:30.114022804,12,445.67,0.0,Completed,Mobile,West,5348.04
ORD000084,CUST0050,PROD0186,2022-01-13 05:59:29.753950790,3,424.16,0.0,Completed,In-Store,North,1272.48
ORD000085,CUST0360,PROD0157,2022-01-13 09:29:29.393878775,7,267.46,0.05,Completed,Mobile,West,1778.61
ORD000086,CUST0388,PROD0161,2022-01-13 12:59:29.033806761,7,348.84,0.1,Completed,Web,International,2197.69
ORD000087,CUST0002,PROD0060,2022-01-13 16:29:28.673734747,9,442.84,0.0,Completed,Web,North,3985.56
ORD000088,CUST0390,PROD0120,2022-01-13 19:59:28.313662732,2,252.9,0.0,Returned,Web,North,505.8
ORD000089,CUST0054,PROD0183,2022-01-13 23:29:27.953590718,13,163.49,0.05,Returned,Mobile,North,2019.1
ORD000090,CUST0106,PROD0138,2022-01-14 02:59:27.593518703,6,379.3,0.1,Completed,Web,South,2048.22
ORD000091,CUST0260,PROD0175,2022-01-14 06:29:27.233446689,9,117.83,0.0,Pending,Web,South,1060.47
ORD000092,CUST0310,PROD0023,2022-01-14 09:59:26.873374675,12,200.38,0.0,Completed,In-Store,West,2404.56
ORD000093,CUST0477,PROD0149,2022-01-14 13:29:26.513302660,12,434.21,0.2,Completed,Web,East,4168.42
ORD000094,CUST0191,PROD0013,2022-01-14 16:59:26.153230646,2,364.97,0.2,Completed,Mobile,East,583.95
ORD000095,CUST0402,PROD0101,2022-01-14 20:29:25.793158631,2,207.87,0.2,Completed,Web,West,332.59
ORD000096,CUST0218,PROD0161,2022-01-14 23:59:25.433086617,13,115.22,0.15,Completed,Web,South,1273.18
ORD000097,CUST0044,PROD0024,2022-01-15 03:29:25.073014603,14,184.42,0.0,Completed,Web,South,2581.88
ORD000098,CUST0162,PROD0108,2022-01-15 06:59:24.712942588,5,149.21,0.0,Completed,Web,West,746.05
ORD000099,CUST0202,PROD0011,2022-01-15 10:29:24.352870574,10,96.28,0.0,Completed,In-Store,West,962.8
ORD000100,CUST0446,PROD0017,2022-01-15 13:59:23.992798559,10,374.23,0.0,Completed,Web,North,3742.3
ORD000101,CUST0484,PROD0196,2022-01-15 17:29:23.632726545,12,133.51,0.2,Completed,Web,North,1281.7
ORD000102,CUST0270,PROD0175,2022-01-15 20:59:23.272654531,10,232.54,0.1,Returned,Mobile,North,2092.86
ORD000103,CUST0351,PROD0025,2022-01-16 00:29:22.912582516,8,199.07,0.1,Completed,Mobile,South,1433.3
ORD000104,CUST0304,PROD0094,2022-01-16 03:59:22.552510502,11,491.22,0.0,Returned,Mobile,South,5403.42
ORD000105,CUST0271,PROD0021,2022-01-16 07:29:22.192438487,9,201.64,0.2,Completed,In-Store,West,1451.81
ORD000106,CUST0456,PROD0084,2022-01-16 10:59:21.832366473,2,49.19,0.15,Completed,Mobile,West,83.62
ORD000107,CUST0462,PROD0140,2022-01-16 14:29:21.472294459,5,54.01,0.0,Returned,Web,North,270.05
ORD000108,CUST0215,PROD0037,2022-01-16 17:59:21.112222444,14,299.47,0.15,Completed,Mobile,East,3563.69
ORD000109,CUST0252,PROD0042,2022-01-16 21:29:20.752150430,7,303.69,0.0,Completed,Mobile,South,2125.83
ORD000110,CUST0190,PROD0145,2022-01-17 00:59:20.392078415,6,215.19,0.0,Completed,Web,East,1291.14
ORD000111,CUST0296,PROD0101,2022-01-17 04:29:20.032006401,6,221.6,0.1,Completed,Web,East,1196.64
ORD000112,CUST0213,PROD0048,2022-01-17 07:59:19.671934387,7,36.43,0.1,Pending,Web,International,229.51
ORD000113,CUST0208,PROD0103,2022-01-17 11:29:19.311862372,3,263.11,0.0,Completed,Web,North,789.33
ORD000114,CUST0237,PROD0028,2022-01-17 14:59:18.951790358,13,257.32,0.0,Returned,Web,North,3345.16
ORD000115,CUST0338,PROD0041,2022-01-17 18:29:18.591718343,3,83.28,0.2,Completed,Web,East,199.87
ORD000116,CUST0367,PROD0099,2022-01-17 21:59:18.231646329,10,60.88,0.1,Completed,In-Store,South,547.92
ORD000117,CUST0053,PROD0047,2022-01-18 01:29:17.871574315,9,70.55,0.1,Completed,In-Store,North,571.45
ORD000118,CUST0280,PROD0146,2022-01-18 04:59:17.511502300,14,59.5,0.0,Completed,Mobile,North,833.0
ORD000119,CUST0410,PROD0105,2022-01-18 08:29:17.151430286,8,308.76,0.0,Completed,Mobile,East,2470.08
ORD000120,CUST0217,PROD0124,2022-01-18 11:59:16.791358271,5,106.28,0.0,Completed,Web,South,531.4
ORD000121,CUST0252,PROD0199,2022-01-18 15:29:16.431286257,6,133.2,0.0,Completed,In-Store,International,799.2
ORD000122,CUST0188,PROD0013,2022-01-18 18:59:16.071214243,11,95.05,0.0,Completed,Mobile,South,1045.55
ORD000123,CUST0380,PROD0141,2022-01-18 22:29:15.711142228,12,479.34,0.0,Completed,Web,North,5752.08
ORD000124,CUST0493,PROD0100,2022-01-19 01:59:15.351070214,10,428.76,0.05,Completed,Web,East,4073.22
ORD000125,CUST0041,PROD0031,2022-01-19 05:29:14.990998199,1,122.94,0.0,Completed,Web,North,122.94
ORD000126,CUST0157,PROD0130,2022-01-19 08:59:14.630926185,10,170.51,0.15,Completed,Web,East,1449.33
ORD000127,CUST0015,PROD0016,2022-01-19 12:29:14.270854171,12,112.85,0.0,Completed,Web,East,1354.2
ORD000128,CUST0301,PROD0137,2022-01-19 15:59:13.910782156,1,251.02,0.05,Completed,Web,East,238.47
ORD000129,CUST0065,PROD0073,2022-01-19 19:29:13.550710142,4,19.61,0.0,Completed,Web,West,78.44
ORD000130,CUST0345,PROD0166,2022-01-19 22:59:13.190638127,2,338.97,0.05,Completed,Web,North,644.04
ORD000131,CUST0327,PROD0054,2022-01-20 02:29:12.830566113,11,266.35,0.0,Completed,In-Store,International,2929.85
ORD000132,CUST0009,PROD0184,2022-01-20 05:59:12.470494099,7,450.33,0.2,Completed,Web,West,2521.85
ORD000133,CUST0344,PROD0100,2022-01-20 09:29:12.110422084,2,90.55,0.1,Returned,Web,South,162.99
ORD000134,CUST0129,PROD0109,2022-01-20 12:59:11.750350070,10,404.01,0.05,Completed,Mobile,North,3838.1
ORD000135,CUST0492,PROD0087,2022-01-20 16:29:11.390278055,2,398.06,0.0,Completed,In-Store,South,796.12
ORD000136,CUST0136,PROD0173,2022-01-20 19:59:11.030206041,5,72.32,0.05,Completed,Web,South,343.52
ORD000137,CUST0472,PROD0162,2022-01-20 23:29:10.670134027,4,205.29,0.1,Completed,In-Store,East,739.04
ORD000138,CUST0063,PROD0137,2022-01-21 02:59:10.310062012,8,93.37,0.0,Completed,Web,North,746.96
ORD000139,CUST0139,PROD0008,2022-01-21 06:29:09.949989998,4,134.81,0.05,Completed,Web,International,512.28
ORD000140,CUST0499,PROD0007,2022-01-21 09:59:09.589917983,14,138.99,0.15,Completed,Web,North,1653.98
ORD000141,CUST0081,PROD0036,2022-01-21 13:29:09.229845969,12,282.56,0.1,Completed,Mobile,South,3051.65
ORD000142,CUST0392,PROD0018,2022-01-21 16:59:08.869773954,6,211.59,0.15,Completed,Web,North,1079.11
ORD000143,CUST0163,PROD0003,2022-01-21 20:29:08.509701940,5,474.39,0.15,Completed,Mobile,South,2016.16
ORD000144,CUST0419,PROD0028,2022-01-21 23:59:08.149629926,11,71.92,0.2,Completed,Web,West,632.9
ORD000145,CUST0289,PROD0070,2022-01-22 03:29:07.789557911,14,487.11,0.05,Completed,Mobile,East,6478.56
ORD000146,CUST0379,PROD0172,2022-01-22 06:59:07.429485897,2,123.01,0.05,Completed,Web,North,233.72
ORD000147,CUST0261,PROD0149,2022-01-22 10:29:07.069413882,11,388.71,0.1,Completed,Web,International,3848.23
ORD000148,CUST0490,PROD0028,2022-01-22 13:59:06.709341868,13,176.1,0.1,Completed,Mobile,West,2060.37
ORD000149,CUST0231,PROD0054,2022-01-22 17:29:06.349269854,12,80.11,0.2,Completed,Mobile,West,769.06
ORD000150,CUST0041,PROD0182,2022-01-22 20:59:05.989197839,14,430.37,0.0,Completed,Web,West,6025.18
ORD000151,CUST0028,PROD0065,2022-01-23 00:29:05.629125825,8,161.34,0.0,Completed,Mobile,East,1290.72
ORD000152,CUST0135,PROD0100,2022-01-23 03:59:05.269053810,2,332.84,0.0,Completed,Mobile,East,665.68
ORD000153,CUST0201,PROD0021,2022-01-23 07:29:04.908981796,9,287.56,0.0,Returned,Web,South,2588.04
ORD000154,CUST0328,PROD0013,2022-01-23 10:59:04.548909782,9,241.16,0.0,Completed,In-Store,North,2170.44
ORD000155,CUST0268,PROD0057,2022-01-23 14:29:04.188837767,3,252.95,0.1,Completed,Mobile,East,682.96
ORD000156,CUST0418,PROD0049,2022-01-23 17:59:03.828765753,4,368.8,0.0,Returned,Web,International,1475.2
ORD000157,CUST0033,PROD0118,2022-01-23 21:29:03.468693738,8,53.01,0.1,Pending,Web,East,381.67
ORD000158,CUST0048,PROD0054,2022-01-24 00:59:03.108621724,9,337.41,0.1,Completed,Mobile,International,2733.02
ORD000159,CUST0407,PROD0138,2022-01-24 04:29:02.748549710,3,448.95,0.0,Completed,Web,South,1346.85
ORD000160,CUST0062,PROD0053,2022-01-24 07:59:02.388477695,5,38.32,0.0,Completed,Web,West,191.6
ORD000161,CUST0216,PROD0044,2022-01-24 11:29:02.028405681,11,78.92,0.1,Completed,Web,East,781.31
ORD000162,CUST0293,PROD0047,2022-01-24 14:59:01.668333666,8,361.15,0.1,Pending,Mobile,West,2600.28
ORD000163,CUST0099,PROD0053,2022-01-24 18:29:01.308261652,3,224.27,0.15,Completed,Web,East,571.89
ORD000164,CUST0172,PROD0074,2022-01-24 21:59:00.948189638,7,207.74,0.15,Completed,Mobile,North,1236.05
ORD000165,CUST0360,PROD0046,2022-01-25 01:29:00.588117623,11,77.11,0.2,Completed,Web,North,678.57
ORD000166,CUST0214,PROD0013,2022-01-25 04:59:00.228045609,8,258.32,0.05,Returned,Web,International,1963.23
ORD000167,CUST0475,PROD0165,2022-01-25 08:28:59.867973594,10,72.01,0.2,Completed,Mobile,North,576.08
ORD000168,CUST0035,PROD0102,2022-01-25 11:58:59.507901580,11,243.54,0.15,Pending,Mobile,East,2277.1
ORD000169,CUST0449,PROD0024,2022-01-25 15:28:59.147829566,14,384.17,0.15,Completed,Web,South,4571.62
ORD000170,CUST0227,PROD0002,2022-01-25 18:58:58.787757551,3,136.55,0.0,Completed,Web,South,409.65
ORD000171,CUST0101,PROD0081,2022-01-25 22:28:58.427685537,2,245.59,0.2,Completed,Web,West,392.94
ORD000172,CUST0431,PROD0100,2022-01-26 01:58:58.067613522,10,496.09,0.05,Completed,Mobile,West,4712.85
ORD000173,CUST0462,PROD0142,2022-01-26 05:28:57.707541508,13,346.46,0.1,Completed,Web,International,4053.58
ORD000174,CUST0131,PROD0138,2022-01-26 08:58:57.347469494,7,422.26,0.0,Completed,Mobile,South,2955.82
ORD000175,CUST0257,PROD0163,2022-01-26 12:28:56.987397479,12,213.28,0.0,Pending,Mobile,East,2559.36
ORD000176,CUST0005,PROD0153,2022-01-26 15:58:56.627325465,9,386.25,0.0,Completed,Web,International,3476.25
ORD000177,CUST0218,PROD0131,2022-01-26 19:28:56.267253450,1,29.85,0.0,Completed,Web,International,29.85
ORD000178,CUST0255,PROD0111,2022-01-26 22:58:55.907181436,3,70.23,0.0,Completed,Web,International,210.69
ORD000179,CUST0398,PROD0102,2022-01-27 02:28:55.547109422,5,109.5,0.15,Completed,Web,West,465.38
ORD000180,CUST0359,PROD0017,2022-01-27 05:58:55.187037407,3,206.96,0.0,Returned,Mobile,North,620.88
ORD000181,CUST0283,PROD0012,2022-01-27 09:28:54.826965393,1,424.41,0.0,Completed,Mobile,North,424.41
ORD000182,CUST0393,PROD0182,2022-01-27 12:58:54.466893379,7,179.67,0.0,Completed,Mobile,West,1257.69
ORD000183,CUST0207,PROD0116,2022-01-27 16:28:54.106821364,7,330.76,0.05,Completed,Web,West,2199.55
ORD000184,CUST0015,PROD0024,2022-01-27 19:58:53.746749350,10,357.56,0.0,Completed,In-Store,West,3575.6
ORD000185,CUST0346,PROD0029,2022-01-27 23:28:53.386677335,12,297.23,0.0,Completed,Web,South,3566.76
ORD000186,CUST0042,PROD0171,2022-01-28 02:58:53.026605321,8,185.05,0.05,Completed,Web,East,1406.38
ORD000187,CUST0380,PROD0153,2022-01-28 06:28:52.666533307,5,292.76,0.1,Completed,Mobile,South,1317.42
ORD000188,CUST0461,PROD0122,2022-01-28 09:58:52.306461292,10,177.71,0.0,Completed,Mobile,East,1777.1
ORD000189,CUST0179,PROD0188,2022-01-28 13:28:51.946389278,12,51.1,0.0,Returned,Web,South,613.2
ORD000190,CUST0063,PROD0090,2022-01-28 16:58:51.586317263,5,496.47,0.0,Completed,Mobile,International,2482.35
ORD000191,CUST0352,PROD0065,2022-01-28 20:28:51.226245249,5,72.32,0.2,Completed,In-Store,North,289.28
ORD000192,CUST0231,PROD0084,2022-01-28 23:58:50.866173235,1,45.45,0.0,Returned,Mobile,East,45.45
ORD000193,CUST0241,PROD0119,2022-01-29 03:28:50.506101220,10,440.48,0.05,Completed,Web,South,4184.56
ORD000194,CUST0052,PROD0156,2022-01-29 06:58:50.146029206,5,157.9,0.0,Completed,Mobile,West,789.5
ORD000195,CUST0096,PROD0016,2022-01-29 10:28:49.785957191,6,328.65,0.05,Completed,Mobile,East,1873.3
ORD000196,CUST0388,PROD0175,2022-01-29 13:58:49.425885177,13,171.21,0.0,Completed,Mobile,International,2225.73
ORD000197,CUST0222,PROD0104,2022-01-29 17:28:49.065813162,12,201.81,0.0,Completed,Mobile,North,2421.72
ORD000198,CUST0485,PROD0092,2022-01-29 20:58:48.705741148,1,138.44,0.05,Completed,In-Store,North,131.52
ORD000199,CUST0407,PROD0186,2022-01-30 00:28:48.345669134,11,178.09,0.0,Returned,Web,West,1958.99
ORD000200,CUST0231,PROD0027,2022-01-30 03:58:47.985597119,7,211.24,0.0,Completed,Web,South,1478.68
ORD000201,CUST0237,PROD0181,2022-01-30 07:28:47.625525105,1,363.0,0.1,Completed,Web,North,326.7
ORD000202,CUST0143,PROD0170,2022-01-30 10:58:47.265453090,11,260.65,0.2,Returned,Web,East,2293.72
ORD000203,CUST0171,PROD0187,2022-01-30 14:28:46.905381076,2,472.35,0.0,Completed,Web,West,944.7
ORD000204,CUST0029,PROD0175,2022-01-30 17:58:46.545309062,2,30.52,0.1,Returned,Mobile,North,54.94
ORD000205,CUST0036,PROD0162,2022-01-30 21:28:46.185237047,5,256.5,0.2,Completed,Web,South,1026.0
ORD000206,CUST0013,PROD0165,2022-01-31 00:58:45.825165033,14,296.27,0.15,Completed,Mobile,West,3525.61
ORD000207,CUST0160,PROD0134,2022-01-31 04:28:45.465093018,10,460.9,0.05,Returned,Mobile,East,4378.55
ORD000208,CUST0327,PROD0135,2022-01-31 07:58:45.105021004,13,34.09,0.1,Completed,Web,North,398.85
ORD000209,CUST0187,PROD0153,2022-01-31 11:28:44.744948990,7,291.01,0.0,Returned,In-Store,South,2037.07
ORD000210,CUST0243,PROD0033,2022-01-31 14:58:44.384876975,1,428.28,0.05,Returned,Web,East,406.87
ORD000211,CUST0086,PROD0055,2022-01-31 18:28:44.024804961,10,128.54,0.0,Returned,Mobile,North,1285.4
ORD000212,CUST0284,PROD0186,2022-01-31 21:58:43.664732946,1,439.38,0.0,Completed,Mobile,West,439.38
ORD000213,CUST0066,PROD0007,2022-02-01 01:28:43.304660932,1,19.33,0.05,Completed,Web,West,18.36
ORD000214,CUST0170,PROD0057,2022-02-01 04:58:42.944588918,6,368.9,0.0,Completed,Web,East,2213.4
ORD000215,CUST0045,PROD0126,2022-02-01 08:28:42.584516903,2,467.23,0.1,Completed,Web,International,841.01
ORD000216,CUST0062,PROD0012,2022-02-01 11:58:42.224444889,1,332.03,0.05,Completed,Mobile,South,315.43
ORD000217,CUST0441,PROD0016,2022-02-01 15:28:41.864372874,6,225.12,0.05,Pending,Mobile,North,1283.18
ORD000218,CUST0134,PROD0043,2022-02-01 18:58:41.504300860,14,31.99,0.0,Completed,Web,West,447.86
ORD000219,CUST0284,PROD0117,2022-02-01 22:28:41.144228846,2,460.86,0.0,Pending,Mobile,East,921.72
ORD000220,CUST0028,PROD0135,2022-02-02 01:58:40.784156831,6,240.45,0.05,Completed,Web,South,1370.56
ORD000221,CUST0108,PROD0111,2022-02-02 05:28:40.424084817,10,24.21,0.2,Completed,Web,South,193.68
ORD000222,CUST0044,PROD0051,2022-02-02 08:58:40.064012802,8,348.01,0.0,Completed,In-Store,South,2784.08
ORD000223,CUST0340,PROD0160,2022-02-02 12:28:39.703940788,2,246.1,0.0,Completed,Web,South,492.2
ORD000224,CUST0286,PROD0075,2022-02-02 15:58:39.343868774,11,70.93,0.15,Completed,In-Store,West,663.2
ORD000225,CUST0446,PROD0008,2022-02-02 19:28:38.983796759,9,114.99,0.0,Completed,Mobile,West,1034.91
ORD000226,CUST0331,PROD0045,2022-02-02 22:58:38.623724745,8,41.6,0.15,Pending,In-Store,South,282.88
ORD000227,CUST0128,PROD0059,2022-02-03 02:28:38.263652730,12,291.4,0.05,Completed,Web,South,3321.96
ORD000228,CUST0348,PROD0132,2022-02-03 05:58:37.903580716,10,314.79,0.05,Completed,Web,South,2990.5
ORD000229,CUST0473,PROD0104,2022-02-03 09:28:37.543508702,1,257.81,0.0,Completed,Web,South,257.81
ORD000230,CUST0231,PROD0195,2022-02-03 12:58:37.183436687,7,410.38,0.0,Completed,Mobile,North,2872.66
ORD000231,CUST0190,PROD0157,2022-02-03 16:28:36.823364673,14,431.89,0.0,Completed,Mobile,South,6046.46
ORD000232,CUST0225,PROD0157,2022-02-03 19:58:36.463292658,13,311.66,0.15,Completed,Web,South,3443.84
ORD000233,CUST0385,PROD0098,2022-02-03 23:28:36.103220644,10,16.25,0.1,Completed,Mobile,East,146.25
ORD000234,CUST0377,PROD0156,2022-02-04 02:58:35.743148630,6,350.66,0.1,Completed,Web,West,1893.56
ORD000235,CUST0283,PROD0079,2022-02-04 06:28:35.383076615,14,214.82,0.1,Completed,Web,South,2706.73
ORD000236,CUST0446,PROD0124,2022-02-04 09:58:35.023004601,6,287.12,0.0,Completed,Web,International,1722.72
ORD000237,CUST0121,PROD0172,2022-02-04 13:28:34.662932586,6,328.05,0.1,Completed,Web,West,1771.47
ORD000238,CUST0116,PROD0004,2022-02-04 16:58:34.302860572,6,181.62,0.05,Completed,Web,International,1035.23
ORD000239,CUST0461,PROD0090,2022-02-04 20:28:33.942788558,10,459.38,0.1,Completed,Web,International,4134.42
ORD000240,CUST0233,PROD0104,2022-02-04 23:58:33.582716543,7,75.65,0.0,Completed,In-Store,East,529.55
ORD000241,CUST0259,PROD0137,2022-02-05 03:28:33.222644529,12,339.04,0.1,Completed,Mobile,East,3661.63
ORD000242,CUST0359,PROD0119,2022-02-05 06:58:32.862572514,3,12.14,0.15,Completed,Web,North,30.96
ORD000243,CUST0198,PROD0133,2022-02-05 10:28:32.502500500,14,463.08,0.05,Returned,Mobile,West,6158.96
ORD000244,CUST0456,PROD0056,2022-02-05 13:58:32.142428486,6,65.13,0.0,Returned,Mobile,East,390.78
ORD000245,CUST0411,PROD0096,2022-02-05 17:28:31.782356471,3,56.49,0.05,Completed,Web,East,161.0
ORD000246,CUST0137,PROD0178,2022-02-05 20:58:31.422284457,7,173.17,0.0,Pending,Mobile,West,1212.19
ORD000247,CUST0318,PROD0075,2022-02-06 00:28:31.062212442,7,193.05,0.1,Completed,Mobile,South,1216.22
ORD000248,CUST0165,PROD0143,2022-02-06 03:58:30.702140428,8,115.01,0.2,Completed,Mobile,East,736.06
ORD000249,CUST0225,PROD0032,2022-02-06 07:28:30.342068414,2,296.71,0.05,Completed,Mobile,South,563.75
ORD000250,CUST0307,PROD0028,2022-02-06 10:58:29.981996399,9,227.03,0.05,Completed,Mobile,West,1941.11
ORD000251,CUST0234,PROD0022,2022-02-06 14:28:29.621924385,13,26.75,0.1,Completed,Web,International,312.98
ORD000252,CUST0172,PROD0017,2022-02-06 17:58:29.261852370,5,166.63,0.0,Completed,In-Store,West,833.15
ORD000253,CUST0152,PROD0059,2022-02-06 21:28:28.901780356,9,407.11,0.0,Completed,Web,West,3663.99
ORD000254,CUST0463,PROD0090,2022-02-07 00:58:28.541708342,10,347.95,0.2,Completed,In-Store,North,2783.6
ORD000255,CUST0315,PROD0199,2022-02-07 04:28:28.181636327,5,365.19,0.1,Completed,Web,International,1643.36
ORD000256,CUST0374,PROD0106,2022-02-07 07:58:27.821564313,7,352.08,0.0,Completed,Web,South,2464.56
ORD000257,CUST0160,PROD0185,2022-02-07 11:28:27.461492298,11,162.38,0.0,Returned,Mobile,International,1786.18
ORD000258,CUST0096,PROD0026,2022-02-07 14:58:27.101420284,9,58.84,0.1,Completed,Web,North,476.6
ORD000259,CUST0472,PROD0025,2022-02-07 18:28:26.741348270,4,143.51,0.1,Completed,Mobile,South,516.64
ORD000260,CUST0233,PROD0138,2022-02-07 21:58:26.381276255,2,417.57,0.15,Completed,Web,West,709.87
ORD000261,CUST0180,PROD0045,2022-02-08 01:28:26.021204241,9,490.43,0.0,Completed,Mobile,East,4413.87
ORD000262,CUST0113,PROD0083,2022-02-08 04:58:25.661132226,13,251.99,0.2,Completed,Web,South,2620.7
ORD000263,CUST0318,PROD0011,2022-02-08 08:28:25.301060212,2,14.75,0.05,Completed,Web,West,28.02
ORD000264,CUST0497,PROD0181,2022-02-08 11:58:24.940988198,3,78.62,0.1,Completed,Web,East,212.27
ORD000265,CUST0442,PROD0104,2022-02-08 15:28:24.580916183,10,167.82,0.05,Completed,Mobile,South,1594.29
ORD000266,CUST0052,PROD0068,2022-02-08 18:58:24.220844169,2,293.51,0.0,Completed,Mobile,East,587.02
ORD000267,CUST0268,PROD0095,2022-02-08 22:28:23.860772154,3,46.8,0.2,Completed,Mobile,North,112.32
ORD000268,CUST0295,PROD0156,2022-02-09 01:58:23.500700140,6,472.25,0.0,Completed,In-Store,West,2833.5
ORD000269,CUST0386,PROD0065,2022-02-09 05:28:23.140628126,3,188.89,0.0,Completed,Mobile,North,566.67
ORD000270,CUST0387,PROD0049,2022-02-09 08:58:22.780556111,10,457.17,0.15,Completed,In-Store,East,3885.94
ORD000271,CUST0113,PROD0175,2022-02-09 12:28:22.420484097,8,392.46,0.1,Returned,Web,South,2825.71
ORD000272,CUST0101,PROD0052,2022-02-09 15:58:22.060412082,11,380.16,0.15,Completed,Web,South,3554.5
ORD000273,CUST0113,PROD0102,2022-02-09 19:28:21.700340068,6,307.29,0.05,Completed,Web,East,1751.55
ORD000274,CUST0440,PROD0182,2022-02-09 22:58:21.340268054,7,317.12,0.0,Completed,Web,East,2219.84
ORD000275,CUST0081,PROD0188,2022-02-10 02:28:20.980196039,1,322.62,0.2,Completed,Mobile,International,258.1
ORD000276,CUST0187,PROD0057,2022-02-10 05:58:20.620124025,3,318.07,0.0,Completed,Mobile,West,954.21
ORD000277,CUST0113,PROD0047,2022-02-10 09:28:20.260052010,3,281.33,0.15,Completed,Mobile,West,717.39
ORD000278,CUST0002,PROD0159,2022-02-10 12:58:19.899979996,2,493.34,0.0,Completed,Mobile,East,986.68
ORD000279,CUST0130,PROD0174,2022-02-10 16:28:19.539907981,7,368.82,0.15,Completed,In-Store,South,2194.48
ORD000280,CUST0220,PROD0026,2022-02-10 19:58:19.179835967,9,390.7,0.0,Completed,In-Store,North,3516.3
ORD000281,CUST0054,PROD0114,2022-02-10 23:28:18.819763953,4,437.51,0.05,Pending,Web,South,1662.54
ORD000282,CUST0343,PROD0005,2022-02-11 02:58:18.459691938,12,115.66,0.15,Completed,Web,West,1179.73
ORD000283,CUST0485,PROD0084,2022-02-11 06:28:18.099619924,5,51.06,0.05,Completed,Web,South,242.54
ORD000284,CUST0224,PROD0052,2022-02-11 09:58:17.739547909,3,246.62,0.1,Completed,Web,East,665.87
ORD000285,CUST0225,PROD0105,2022-02-11 13:28:17.379475895,11,261.9,0.15,Completed,Mobile,South,2448.76
ORD000286,CUST0385,PROD0054,2022-02-11 16:58:17.019403881,9,416.3,0.1,Completed,Mobile,South,3372.03
ORD000287,CUST0403,PROD0161,2022-02-11 20:28:16.659331866,14,227.45,0.2,Completed,Web,North,2547.44
ORD000288,CUST0126,PROD0178,2022-02-11 23:58:16.299259852,4,289.72,0.05,Pending,Mobile,East,1100.94
ORD000289,CUST0130,PROD0166,2022-02-12 03:28:15.939187837,5,268.26,0.0,Completed,Mobile,South,1341.3
ORD000290,CUST0053,PROD0155,2022-02-12 06:58:15.579115823,1,28.72,0.0,Completed,Web,East,28.72
ORD000291,CUST0172,PROD0015,2022-02-12 10:28:15.219043809,11,311.46,0.0,Completed,Web,East,3426.06
ORD000292,CUST0218,PROD0061,2022-02-12 13:58:14.858971794,12,415.74,0.0,Completed,In-Store,West,4988.88
ORD000293,CUST0160,PROD0122,2022-02-12 17:28:14.498899780,13,87.18,0.05,Completed,Mobile,West,1076.67
ORD000294,CUST0198,PROD0021,2022-02-12 20:58:14.138827765,2,301.22,0.0,Completed,Web,West,602.44
ORD000295,CUST0416,PROD0046,2022-02-13 00:28:13.778755751,12,300.87,0.0,Completed,Web,East,3610.44
ORD000296,CUST0247,PROD0197,2022-02-13 03:58:13.418683737,13,90.45,0.0,Completed,Web,South,1175.85
ORD000297,CUST0324,PROD0134,2022-02-13 07:28:13.058611722,9,70.5,0.15,Completed,Web,International,539.32
ORD000298,CUST0439,PROD0038,2022-02-13 10:58:12.698539708,2,490.23,0.05,Completed,Mobile,North,931.44
ORD000299,CUST0203,PROD0062,2022-02-13 14:28:12.338467693,5,202.92,0.0,Completed,Web,North,1014.6
ORD000300,CUST0184,PROD0086,2022-02-13 17:58:11.978395679,13,121.44,0.15,Returned,Web,South,1341.91
ORD000301,CUST0123,PROD0190,2022-02-13 21:28:11.618323665,8,93.95,0.0,Completed,Web,East,751.6
ORD000302,CUST0401,PROD0078,2022-02-14 00:58:11.258251650,3,337.12,0.2,Completed,Mobile,North,809.09
ORD000303,CUST0255,PROD0046,2022-02-14 04:28:10.898179636,6,308.63,0.1,Completed,Web,West,1666.6
ORD000304,CUST0294,PROD0141,2022-02-14 07:58:10.538107621,4,325.34,0.0,Completed,Web,East,1301.36
ORD000305,CUST0280,PROD0003,2022-02-14 11:28:10.178035607,11,53.12,0.1,Completed,Mobile,East,525.89
ORD000306,CUST0325,PROD0006,2022-02-14 14:58:09.817963593,7,447.83,0.1,Returned,Web,South,2821.33
ORD000307,CUST0372,PROD0093,2022-02-14 18:28:09.457891578,10,200.74,0.05,Completed,Web,East,1907.03
ORD000308,CUST0098,PROD0008,2022-02-14 21:58:09.097819564,14,163.55,0.15,Completed,Web,North,1946.24
ORD000309,CUST0198,PROD0172,2022-02-15 01:28:08.737747549,13,236.56,0.0,Completed,Mobile,North,3075.28
ORD000310,CUST0470,PROD0108,2022-02-15 04:58:08.377675535,3,201.13,0.0,Completed,In-Store,South,603.39
ORD000311,CUST0395,PROD0161,2022-02-15 08:28:08.017603521,6,433.15,0.0,Completed,Web,West,2598.9
ORD000312,CUST0240,PROD0075,2022-02-15 11:58:07.657531506,12,465.34,0.0,Returned,Web,East,5584.08
ORD000313,CUST0144,PROD0077,2022-02-15 15:28:07.297459492,10,158.69,0.0,Completed,Web,East,1586.9
ORD000314,CUST0097,PROD0050,2022-02-15 18:58:06.937387477,9,433.33,0.2,Pending,Mobile,East,3119.98
ORD000315,CUST0201,PROD0011,2022-02-15 22:28:06.577315463,11,392.95,0.0,Completed,Mobile,East,4322.45
ORD000316,CUST0124,PROD0095,2022-02-16 01:58:06.217243449,10,466.1,0.05,Completed,Mobile,South,4427.95
ORD000317,CUST0187,PROD0156,2022-02-16 05:28:05.857171434,1,130.42,0.05,Completed,Mobile,North,123.9
ORD000318,CUST0326,PROD0070,2022-02-16 08:58:05.497099420,3,292.71,0.15,Completed,In-Store,International,746.41
ORD000319,CUST0464,PROD0169,2022-02-16 12:28:05.137027405,2,144.53,0.2,Pending,In-Store,East,231.25
ORD000320,CUST0349,PROD0016,2022-02-16 15:58:04.776955391,8,413.81,0.1,Completed,Mobile,West,2979.43
ORD000321,CUST0259,PROD0068,2022-02-16 19:28:04.416883377,7,12.61,0.2,Returned,Web,East,70.62
ORD000322,CUST0148,PROD0099,2022-02-16 22:58:04.056811362,2,286.76,0.1,Completed,Web,West,516.17
ORD000323,CUST0252,PROD0048,2022-02-17 02:28:03.696739348,6,176.21,0.2,Completed,Mobile,East,845.81
ORD000324,CUST0443,PROD0184,2022-02-17 05:58:03.336667333,3,168.12,0.1,Returned,Mobile,North,453.92
ORD000325,CUST0420,PROD0064,2022-02-17 09:28:02.976595319,8,326.0,0.0,Completed,Mobile,International,2608.0
ORD000326,CUST0403,PROD0187,2022-02-17 12:58:02.616523305,10,427.23,0.05,Completed,Web,South,4058.68
ORD000327,CUST0346,PROD0090,2022-02-17 16:28:02.256451290,13,308.51,0.1,Completed,Mobile,North,3609.57
ORD000328,CUST0451,PROD0190,2022-02-17 19:58:01.896379276,3,428.05,0.0,Completed,Web,North,1284.15
ORD000329,CUST0147,PROD0076,2022-02-17 23:28:01.536307261,10,139.65,0.0,Completed,Mobile,West,1396.5
ORD000330,CUST0148,PROD0139,2022-02-18 02:58:01.176235247,14,264.56,0.05,Completed,Web,West,3518.65
ORD000331,CUST0352,PROD0101,2022-02-18 06:28:00.816163233,9,230.76,0.2,Completed,Web,West,1661.47
ORD000332,CUST0199,PROD0089,2022-02-18 09:58:00.456091218,1,15.71,0.0,Completed,Web,International,15.71
ORD000333,CUST0308,PROD0018,2022-02-18 13:28:00.096019204,5,282.84,0.1,Completed,In-Store,South,1272.78
ORD000334,CUST0489,PROD0019,2022-02-18 16:57:59.735947189,3,334.15,0.1,Completed,Web,East,902.2
ORD000335,CUST0417,PROD0055,2022-02-18 20:27:59.375875175,6,300.04,0.2,Completed,Web,East,1440.19
ORD000336,CUST0424,PROD0102,2022-02-18 23:57:59.015803161,10,370.78,0.2,Completed,Web,International,2966.24
ORD000337,CUST0128,PROD0118,2022-02-19 03:27:58.655731146,2,289.96,0.1,Completed,Mobile,South,521.93
ORD000338,CUST0039,PROD0154,2022-02-19 06:57:58.295659132,9,42.71,0.05,Completed,Web,International,365.17
ORD000339,CUST0338,PROD0134,2022-02-19 10:27:57.935587117,6,67.06,0.0,Completed,In-Store,North,402.36
ORD000340,CUST0360,PROD0004,2022-02-19 13:57:57.575515103,7,302.27,0.05,Completed,Mobile,West,2010.1
ORD000341,CUST0129,PROD0108,2022-02-19 17:27:57.215443089,5,144.74,0.1,Completed,Web,East,651.33
ORD000342,CUST0267,PROD0115,2022-02-19 20:57:56.855371074,9,49.03,0.15,Completed,Mobile,West,375.08
ORD000343,CUST0476,PROD0029,2022-02-20 00:27:56.495299060,1,220.51,0.1,Completed,Web,North,198.46
ORD000344,CUST0441,PROD0059,2022-02-20 03:57:56.135227045,5,281.62,0.0,Returned,Mobile,North,1408.1
ORD000345,CUST0473,PROD0125,2022-02-20 07:27:55.775155031,11,171.09,0.05,Completed,Web,North,1787.89
ORD000346,CUST0434,PROD0098,2022-02-20 10:57:55.415083017,10,363.01,0.0,Completed,In-Store,East,3630.1
ORD000347,CUST0151,PROD0017,2022-02-20 14:27:55.055011002,11,325.45,0.0,Completed,Mobile,East,3579.95
ORD000348,CUST0415,PROD0107,2022-02-20 17:57:54.694938988,6,173.08,0.0,Completed,Mobile,International,1038.48
ORD000349,CUST0478,PROD0043,2022-02-20 21:27:54.334866973,7,379.89,0.0,Completed,Web,East,2659.23
ORD000350,CUST0298,PROD0080,2022-02-21 00:57:53.974794959,12,327.86,0.15,Completed,Web,North,3344.17
ORD000351,CUST0099,PROD0194,2022-02-21 04:27:53.614722945,4,322.35,0.0,Completed,Mobile,North,1289.4
ORD000352,CUST0263,PROD0162,2022-02-21 07:57:53.254650930,12,281.18,0.0,Completed,Mobile,North,3374.16
ORD000353,CUST0252,PROD0008,2022-02-21 11:27:52.894578916,13,15.58,0.2,Completed,Web,West,162.03
ORD000354,CUST0144,PROD0141,2022-02-21 14:57:52.534506901,1,351.29,0.0,Completed,Web,West,351.29
ORD000355,CUST0346,PROD0106,2022-02-21 18:27:52.174434887,11,194.26,0.0,Completed,Web,International,2136.86
ORD000356,CUST0112,PROD0008,2022-02-21 21:57:51.814362873,8,471.88,0.0,Completed,Mobile,South,3775.04
ORD000357,CUST0060,PROD0096,2022-02-22 01:27:51.454290858,10,410.81,0.0,Completed,Web,North,4108.1
ORD000358,CUST0369,PROD0094,2022-02-22 04:57:51.094218844,4,297.97,0.0,Completed,Web,North,1191.88
ORD000359,CUST0002,PROD0065,2022-02-22 08:27:50.734146830,3,133.57,0.0,Completed,Web,East,400.71
ORD000360,CUST0385,PROD0171,2022-02-22 11:57:50.374074815,12,109.82,0.05,Completed,Web,International,1251.95
ORD000361,CUST0304,PROD0039,2022-02-22 15:27:50.014002801,7,176.79,0.0,Returned,Web,North,1237.53
ORD000362,CUST0254,PROD0081,2022-02-22 18:57:49.653930786,12,243.52,0.0,Completed,In-Store,North,2922.24
ORD000363,CUST0140,PROD0187,2022-02-22 22:27:49.293858772,2,155.07,0.15,Completed,Web,West,263.62
ORD000364,CUST0453,PROD0084,2022-02-23 01:57:48.933786758,8,262.32,0.05,Completed,In-Store,West,1993.63
ORD000365,CUST0037,PROD0088,2022-02-23 05:27:48.573714743,14,91.03,0.2,Completed,Web,South,1019.54
ORD000366,CUST0160,PROD0086,2022-02-23 08:57:48.213642729,6,489.08,0.05,Completed,Web,West,2787.76
ORD000367,CUST0009,PROD0093,2022-02-23 12:27:47.853570714,7,62.88,0.0,Completed,Web,North,440.16
ORD000368,CUST0233,PROD0086,2022-02-23 15:57:47.493498700,14,466.65,0.1,Completed,Mobile,International,5879.79
ORD000369,CUST0099,PROD0044,2022-02-23 19:27:47.133426686,5,457.65,0.0,Completed,Mobile,North,2288.25
ORD000370,CUST0147,PROD0137,2022-02-23 22:57:46.773354671,9,267.43,0.0,Completed,Web,North,2406.87
ORD000371,CUST0304,PROD0165,2022-02-24 02:27:46.413282657,5,365.21,0.1,Completed,Web,South,1643.44
ORD000372,CUST0208,PROD0074,2022-02-24 05:57:46.053210642,11,223.66,0.05,Completed,In-Store,North,2337.25
ORD000373,CUST0131,PROD0036,2022-02-24 09:27:45.693138628,5,318.72,0.1,Completed,In-Store,East,1434.24
ORD000374,CUST0404,PROD0101,2022-02-24 12:57:45.333066614,3,176.88,0.2,Completed,Web,West,424.51
ORD000375,CUST0152,PROD0156,2022-02-24 16:27:44.972994599,11,157.57,0.0,Completed,Mobile,East,1733.27
ORD000376,CUST0054,PROD0170,2022-02-24 19:57:44.612922585,1,293.33,0.05,Completed,Web,West,278.66
ORD000377,CUST0120,PROD0171,2022-02-24 23:27:44.252850570,2,254.08,0.05,Completed,Web,South,482.75
ORD000378,CUST0161,PROD0170,2022-02-25 02:57:43.892778556,8,293.97,0.2,Completed,Web,North,1881.41
ORD000379,CUST0408,PROD0104,2022-02-25 06:27:43.532706542,1,150.46,0.15,Completed,Web,International,127.89
ORD000380,CUST0116,PROD0066,2022-02-25 09:57:43.172634527,7,189.81,0.2,Completed,Mobile,West,1062.94
ORD000381,CUST0075,PROD0055,2022-02-25 13:27:42.812562513,14,51.11,0.0,Completed,Web,North,715.54
ORD000382,CUST0113,PROD0176,2022-02-25 16:57:42.452490498,14,35.62,0.1,Completed,Mobile,South,448.81
ORD000383,CUST0456,PROD0091,2022-02-25 20:27:42.092418484,5,134.19,0.0,Completed,In-Store,East,670.95
ORD000384,CUST0420,PROD0022,2022-02-25 23:57:41.732346470,3,46.38,0.0,Completed,Web,North,139.14
ORD000385,CUST0422,PROD0101,2022-02-26 03:27:41.372274455,12,60.85,0.2,Completed,Web,East,584.16
ORD000386,CUST0104,PROD0155,2022-02-26 06:57:41.012202441,12,408.33,0.0,Completed,Mobile,East,4899.96
ORD000387,CUST0340,PROD0121,2022-02-26 10:27:40.652130426,11,29.05,0.2,Completed,Web,North,255.64
ORD000388,CUST0254,PROD0093,2022-02-26 13:57:40.292058412,7,332.88,0.0,Completed,Web,North,2330.16
ORD000389,CUST0227,PROD0195,2022-02-26 17:27:39.931986397,9,143.55,0.15,Completed,Web,West,1098.16
ORD000390,CUST0112,PROD0108,2022-02-26 20:57:39.571914383,2,437.06,0.0,Returned,Web,South,874.12
ORD000391,CUST0473,PROD0141,2022-02-27 00:27:39.211842369,8,247.65,0.0,Completed,In-Store,North,1981.2
ORD000392,CUST0099,PROD0173,2022-02-27 03:57:38.851770354,9,159.73,0.0,Returned,Mobile,West,1437.57
ORD000393,CUST0153,PROD0010,2022-02-27 07:27:38.491698340,11,263.64,0.05,Completed,Web,West,2755.04
ORD000394,CUST0349,PROD0009,2022-02-27 10:57:38.131626325,3,197.16,0.0,Completed,Mobile,South,591.48
ORD000395,CUST0402,PROD0182,2022-02-27 14:27:37.771554311,2,286.51,0.1,Completed,In-Store,International,515.72
ORD000396,CUST0384,PROD0155,2022-02-27 17:57:37.411482297,7,66.12,0.0,Completed,Web,West,462.84
ORD000397,CUST0366,PROD0034,2022-02-27 21:27:37.051410282,5,498.53,0.0,Completed,Web,South,2492.65
ORD000398,CUST0338,PROD0129,2022-02-28 00:57:36.691338268,5,218.52,0.0,Completed,In-Store,South,1092.6
ORD000399,CUST0194,PROD0160,2022-02-28 04:27:36.331266253,10,180.63,0.05,Returned,In-Store,West,1715.98
ORD000400,CUST0310,PROD0089,2022-02-28 07:57:35.971194239,5,358.0,0.15,Completed,Web,North,1521.5
ORD000401,CUST0163,PROD0093,2022-02-28 11:27:35.611122225,4,188.31,0.15,Returned,Web,East,640.25
ORD000402,CUST0208,PROD0071,2022-02-28 14:57:35.251050210,13,418.3,0.0,Completed,Web,West,5437.9
ORD000403,CUST0445,PROD0067,2022-02-28 18:27:34.890978196,5,232.59,0.05,Completed,Web,East,1104.8
ORD000404,CUST0169,PROD0148,2022-02-28 21:57:34.530906181,13,362.58,0.1,Completed,Mobile,East,4242.19
ORD000405,CUST0484,PROD0117,2022-03-01 01:27:34.170834167,4,62.65,0.0,Completed,Web,East,250.6
ORD000406,CUST0161,PROD0094,2022-03-01 04:57:33.810762153,13,424.6,0.05,Completed,Web,North,5243.81
ORD000407,CUST0068,PROD0163,2022-03-01 08:27:33.450690138,6,370.5,0.05,Returned,Web,South,2111.85
ORD000408,CUST0289,PROD0099,2022-03-01 11:57:33.090618124,4,113.74,0.0,Completed,In-Store,East,454.96
ORD000409,CUST0398,PROD0113,2022-03-01 15:27:32.730546109,2,81.19,0.0,Completed,Web,West,162.38
ORD000410,CUST0277,PROD0103,2022-03-01 18:57:32.370474095,9,164.98,0.0,Completed,Web,West,1484.82
ORD000411,CUST0304,PROD0091,2022-03-01 22:27:32.010402081,2,488.27,0.1,Completed,In-Store,South,878.89
ORD000412,CUST0404,PROD0090,2022-03-02 01:57:31.650330066,9,135.85,0.0,Completed,Mobile,International,1222.65
ORD000413,CUST0384,PROD0017,2022-03-02 05:27:31.290258052,10,233.5,0.0,Completed,Web,North,2335.0
ORD000414,CUST0392,PROD0018,2022-03-02 08:57:30.930186037,6,24.71,0.0,Completed,Web,North,148.26
ORD000415,CUST0135,PROD0173,2022-03-02 12:27:30.570114023,9,204.64,0.0,Completed,Web,South,1841.76
ORD000416,CUST0195,PROD0116,2022-03-02 15:57:30.210042009,9,289.95,0.0,Completed,Mobile,North,2609.55
ORD000417,CUST0401,PROD0093,2022-03-02 19:27:29.849969994,3,477.03,0.2,Completed,Web,East,1144.87
ORD000418,CUST0128,PROD0181,2022-03-02 22:57:29.489897980,1,263.2,0.0,Completed,Web,North,263.2
ORD000419,CUST0033,PROD0091,2022-03-03 02:27:29.129825965,1,411.36,0.1,Completed,Web,North,370.22
ORD000420,CUST0176,PROD0082,2022-03-03 05:57:28.769753951,3,278.09,0.0,Completed,Web,South,834.27
ORD000421,CUST0460,PROD0068,2022-03-03 09:27:28.409681937,5,29.98,0.1,Pending,Mobile,West,134.91
ORD000422,CUST0443,PROD0193,2022-03-03 12:57:28.049609922,13,164.35,0.05,Returned,Web,International,2029.72
ORD000423,CUST0371,PROD0114,2022-03-03 16:27:27.689537908,3,292.02,0.0,Completed,Web,West,876.06
ORD000424,CUST0470,PROD0001,2022-03-03 19:57:27.329465893,12,475.79,0.15,Pending,In-Store,North,4853.06
ORD000425,CUST0375,PROD0058,2022-03-03 23:27:26.969393879,9,430.97,0.05,Completed,Mobile,East,3684.79
ORD000426,CUST0022,PROD0154,2022-03-04 02:57:26.609321865,9,121.89,0.15,Completed,Web,North,932.46
ORD000427,CUST0238,PROD0109,2022-03-04 06:27:26.249249850,3,117.85,0.05,Completed,Mobile,South,335.87
ORD000428,CUST0158,PROD0148,2022-03-04 09:57:25.889177836,3,108.57,0.2,Returned,Web,West,260.57
ORD000429,CUST0038,PROD0116,2022-03-04 13:27:25.529105821,12,462.02,0.1,Completed,Mobile,East,4989.82
ORD000430,CUST0230,PROD0087,2022-03-04 16:57:25.169033807,14,427.81,0.2,Completed,Mobile,North,4791.47
ORD000431,CUST0365,PROD0010,2022-03-04 20:27:24.808961793,5,389.69,0.05,Returned,Mobile,South,1851.03
ORD000432,CUST0051,PROD0059,2022-03-04 23:57:24.448889778,2,202.44,0.05,Completed,Mobile,North,384.64
ORD000433,CUST0438,PROD0041,2022-03-05 03:27:24.088817764,6,257.15,0.1,Completed,Web,South,1388.61
ORD000434,CUST0264,PROD0105,2022-03-05 06:57:23.728745749,7,237.52,0.15,Completed,Mobile,East,1413.24
ORD000435,CUST0283,PROD0133,2022-03-05 10:27:23.368673735,13,134.17,0.2,Completed,Web,South,1395.37
ORD000436,CUST0027,PROD0122,2022-03-05 13:57:23.008601721,9,257.46,0.0,Completed,Web,International,2317.14
ORD000437,CUST0226,PROD0193,2022-03-05 17:27:22.648529706,6,24.94,0.1,Completed,In-Store,East,134.68
ORD000438,CUST0277,PROD0145,2022-03-05 20:57:22.288457692,3,74.59,0.0,Completed,Mobile,West,223.77
ORD000439,CUST0286,PROD0022,2022-03-06 00:27:21.928385677,12,444.43,0.05,Completed,In-Store,West,5066.5
ORD000440,CUST0097,PROD0098,2022-03-06 03:57:21.568313663,5,378.32,0.0,Completed,Web,West,1891.6
ORD000441,CUST0284,PROD0169,2022-03-06 07:27:21.208241649,4,217.21,0.0,Completed,Web,East,868.84
ORD000442,CUST0367,PROD0068,2022-03-06 10:57:20.848169634,5,263.4,0.2,Completed,Web,North,1053.6
ORD000443,CUST0448,PROD0197,2022-03-06 14:27:20.488097620,8,191.3,0.0,Completed,Mobile,East,1530.4
ORD000444,CUST0481,PROD0139,2022-03-06 17:57:20.128025605,8,372.98,0.1,Completed,Web,South,2685.46
ORD000445,CUST0453,PROD0056,2022-03-06 21:27:19.767953591,6,394.25,0.05,Returned,Web,North,2247.22
ORD000446,CUST0317,PROD0179,2022-03-07 00:57:19.407881577,1,384.01,0.0,Completed,Web,South,384.01
ORD000447,CUST0304,PROD0149,2022-03-07 04:27:19.047809562,8,364.08,0.0,Completed,Mobile,West,2912.64
ORD000448,CUST0147,PROD0099,2022-03-07 07:57:18.687737548,8,110.21,0.05,Completed,Web,International,837.6
ORD000449,CUST0004,PROD0076,2022-03-07 11:27:18.327665533,2,175.61,0.0,Completed,Mobile,South,351.22
ORD000450,CUST0035,PROD0026,2022-03-07 14:57:17.967593519,4,240.22,0.15,Completed,Web,East,816.75
ORD000451,CUST0192,PROD0115,2022-03-07 18:27:17.607521505,12,172.09,0.2,Completed,Web,International,1652.06
ORD000452,CUST0049,PROD0147,2022-03-07 21:57:17.247449490,2,379.92,0.0,Completed,Web,South,759.84
ORD000453,CUST0017,PROD0109,2022-03-08 01:27:16.887377476,4,171.38,0.0,Returned,In-Store,North,685.52
ORD000454,CUST0172,PROD0188,2022-03-08 04:57:16.527305461,12,77.73,0.05,Completed,Web,South,886.12
ORD000455,CUST0220,PROD0199,2022-03-08 08:27:16.167233447,13,205.53,0.1,Completed,Web,International,2404.7
ORD000456,CUST0158,PROD0047,2022-03-08 11:57:15.807161433,13,490.16,0.0,Returned,Mobile,North,6372.08
ORD000457,CUST0477,PROD0071,2022-03-08 15:27:15.447089418,10,120.68,0.0,Completed,Web,South,1206.8
ORD000458,CUST0046,PROD0154,2022-03-08 18:57:15.087017404,7,309.96,0.05,Completed,Mobile,East,2061.23
ORD000459,CUST0373,PROD0040,2022-03-08 22:27:14.726945389,9,222.16,0.2,Completed,Web,West,1599.55
ORD000460,CUST0006,PROD0133,2022-03-09 01:57:14.366873375,14,44.8,0.0,Completed,Web,International,627.2
ORD000461,CUST0099,PROD0149,2022-03-09 05:27:14.006801361,14,249.06,0.05,Completed,Web,South,3312.5
ORD000462,CUST0380,PROD0132,2022-03-09 08:57:13.646729346,8,354.06,0.2,Completed,Web,International,2265.98
ORD000463,CUST0233,PROD0023,2022-03-09 12:27:13.286657332,12,261.48,0.1,Completed,Mobile,North,2823.98
ORD000464,CUST0037,PROD0106,2022-03-09 15:57:12.926585317,9,437.33,0.1,Completed,Mobile,North,3542.37
ORD000465,CUST0280,PROD0084,2022-03-09 19:27:12.566513303,8,151.58,0.05,Completed,Mobile,International,1152.01
ORD000466,CUST0349,PROD0143,2022-03-09 22:57:12.206441289,2,52.26,0.2,Completed,In-Store,East,83.62
ORD000467,CUST0497,PROD0116,2022-03-10 02:27:11.846369274,7,468.92,0.1,Completed,Web,North,2954.2
ORD000468,CUST0302,PROD0109,2022-03-10 05:57:11.486297260,2,195.32,0.15,Completed,Web,East,332.04
ORD000469,CUST0181,PROD0136,2022-03-10 09:27:11.126225245,13,292.44,0.1,Returned,Mobile,West,3421.55
ORD000470,CUST0095,PROD0041,2022-03-10 12:57:10.766153231,12,398.08,0.1,Completed,Mobile,West,4299.26
ORD000471,CUST0099,PROD0112,2022-03-10 16:27:10.406081216,11,168.91,0.0,Completed,Web,International,1858.01
ORD000472,CUST0188,PROD0147,2022-03-10 19:57:10.046009202,2,360.92,0.0,Completed,Mobile,East,721.84
ORD000473,CUST0481,PROD0112,2022-03-10 23:27:09.685937188,4,76.36,0.1,Completed,Web,International,274.9
ORD000474,CUST0116,PROD0103,2022-03-11 02:57:09.325865173,1,152.73,0.0,Completed,Mobile,East,152.73
ORD000475,CUST0191,PROD0046,2022-03-11 06:27:08.965793159,5,80.91,0.05,Completed,Mobile,East,384.32
ORD000476,CUST0253,PROD0156,2022-03-11 09:57:08.605721144,6,407.5,0.0,Completed,Mobile,West,2445.0
ORD000477,CUST0469,PROD0068,2022-03-11 13:27:08.245649130,9,119.1,0.15,Pending,Web,South,911.11
ORD000478,CUST0416,PROD0122,2022-03-11 16:57:07.885577116,10,361.53,0.0,Completed,Mobile,North,3615.3
ORD000479,CUST0471,PROD0015,2022-03-11 20:27:07.525505101,8,472.22,0.15,Completed,Mobile,South,3211.1
ORD000480,CUST0161,PROD0165,2022-03-11 23:57:07.165433087,2,268.61,0.1,Completed,Web,East,483.5
ORD000481,CUST0256,PROD0129,2022-03-12 03:27:06.805361072,1,274.61,0.0,Completed,Web,North,274.61
ORD000482,CUST0323,PROD0195,2022-03-12 06:57:06.445289058,2,235.91,0.05,Completed,In-Store,North,448.23
ORD000483,CUST0128,PROD0111,2022-03-12 10:27:06.085217044,7,169.69,0.0,Completed,Web,South,1187.83
ORD000484,CUST0018,PROD0024,2022-03-12 13:57:05.725145029,4,243.07,0.0,Completed,Web,North,972.28
ORD000485,CUST0281,PROD0027,2022-03-12 17:27:05.365073015,10,305.38,0.0,Completed,Web,West,3053.8
ORD000486,CUST0490,PROD0040,2022-03-12 20:57:05.005001000,5,493.14,0.0,Completed,Mobile,South,2465.7
ORD000487,CUST0223,PROD0191,2022-03-13 00:27:04.644928986,12,469.5,0.2,Completed,In-Store,North,4507.2
ORD000488,CUST0054,PROD0189,2022-03-13 03:57:04.284856972,7,432.45,0.0,Completed,Mobile,West,3027.15
ORD000489,CUST0058,PROD0164,2022-03-13 07:27:03.924784957,3,445.67,0.1,Completed,Web,West,1203.31
ORD000490,CUST0323,PROD0024,2022-03-13 10:57:03.564712943,10,239.25,0.0,Completed,Mobile,North,2392.5
ORD000491,CUST0360,PROD0024,2022-03-13 14:27:03.204640928,2,332.15,0.1,Completed,Mobile,North,597.87
ORD000492,CUST0174,PROD0004,2022-03-13 17:57:02.844568914,13,448.58,0.0,Pending,Mobile,International,5831.54
ORD000493,CUST0280,PROD0067,2022-03-13 21:27:02.484496900,7,202.55,0.1,Completed,Web,South,1276.06
ORD000494,CUST0114,PROD0034,2022-03-14 00:57:02.124424885,5,481.26,0.1,Completed,Mobile,International,2165.67
ORD000495,CUST0288,PROD0185,2022-03-14 04:27:01.764352871,14,213.74,0.1,Returned,Web,South,2693.12
ORD000496,CUST0431,PROD0177,2022-03-14 07:57:01.404280856,1,304.53,0.0,Completed,Web,North,304.53
ORD000497,CUST0342,PROD0181,2022-03-14 11:27:01.044208842,1,357.8,0.1,Pending,Mobile,North,322.02
ORD000498,CUST0151,PROD0116,2022-03-14 14:57:00.684136828,9,475.79,0.0,Completed,In-Store,North,4282.11
ORD000499,CUST0450,PROD0023,2022-03-14 18:27:00.324064813,5,129.86,0.0,Completed,Web,International,649.3
ORD000500,CUST0127,PROD0109,2022-03-14 21:56:59.963992799,1,375.6,0.05,Completed,In-Store,International,356.82
ORD000501,CUST0155,PROD0069,2022-03-15 01:26:59.603920784,7,265.2,0.05,Completed,Web,International,1763.58
ORD000502,CUST0490,PROD0095,2022-03-15 04:56:59.243848770,9,141.59,0.05,Completed,Mobile,International,1210.59
ORD000503,CUST0386,PROD0181,2022-03-15 08:26:58.883776756,11,390.54,0.1,Completed,Web,West,3866.35
ORD000504,CUST0474,PROD0062,2022-03-15 11:56:58.523704741,1,280.59,0.0,Completed,Web,West,280.59
ORD000505,CUST0273,PROD0169,2022-03-15 15:26:58.163632727,10,333.88,0.0,Completed,Mobile,West,3338.8
ORD000506,CUST0104,PROD0057,2022-03-15 18:56:57.803560712,14,168.22,0.0,Completed,Mobile,North,2355.08
ORD000507,CUST0417,PROD0188,2022-03-15 22:26:57.443488698,13,245.82,0.1,Returned,Mobile,South,2876.09
ORD000508,CUST0393,PROD0054,2022-03-16 01:56:57.083416684,4,312.5,0.05,Returned,Mobile,East,1187.5
ORD000509,CUST0299,PROD0070,2022-03-16 05:26:56.723344669,14,208.41,0.0,Pending,Mobile,International,2917.74
ORD000510,CUST0246,PROD0101,2022-03-16 08:56:56.363272655,3,107.2,0.1,Completed,In-Store,West,289.44
ORD000511,CUST0176,PROD0057,2022-03-16 12:26:56.003200640,5,481.2,0.05,Completed,Web,West,2285.7
ORD000512,CUST0039,PROD0138,2022-03-16 15:56:55.643128626,7,260.62,0.05,Completed,Web,East,1733.12
ORD000513,CUST0477,PROD0168,2022-03-16 19:26:55.283056612,8,369.62,0.05,Completed,Web,West,2809.11
ORD000514,CUST0170,PROD0135,2022-03-16 22:56:54.922984597,13,211.41,0.1,Completed,Web,International,2473.5
ORD000515,CUST0247,PROD0103,2022-03-17 02:26:54.562912583,2,184.01,0.1,Completed,Mobile,North,331.22
ORD000516,CUST0026,PROD0166,2022-03-17 05:56:54.202840568,7,209.51,0.0,Returned,Web,International,1466.57
ORD000517,CUST0355,PROD0085,2022-03-17 09:26:53.842768554,14,210.51,0.0,Completed,Web,East,2947.14
ORD000518,CUST0306,PROD0061,2022-03-17 12:56:53.482696540,14,276.65,0.0,Returned,Web,East,3873.1
ORD000519,CUST0409,PROD0003,2022-03-17 16:26:53.122624525,1,276.3,0.1,Completed,Mobile,International,248.67
ORD000520,CUST0408,PROD0128,2022-03-17 19:56:52.762552511,7,253.61,0.15,Completed,Web,South,1508.98
ORD000521,CUST0013,PROD0179,2022-03-17 23:26:52.402480496,8,76.05,0.05,Completed,Web,South,577.98
ORD000522,CUST0316,PROD0086,2022-03-18 02:56:52.042408482,2,253.08,0.0,Completed,Mobile,East,506.16
ORD000523,CUST0391,PROD0047,2022-03-18 06:26:51.682336468,9,92.86,0.1,Returned,Mobile,North,752.17
ORD000524,CUST0313,PROD0196,2022-03-18 09:56:51.322264453,1,71.81,0.15,Completed,Web,East,61.04
ORD000525,CUST0036,PROD0076,2022-03-18 13:26:50.962192439,13,467.0,0.15,Completed,Mobile,South,5160.35
ORD000526,CUST0173,PROD0038,2022-03-18 16:56:50.602120424,6,306.43,0.1,Completed,Web,International,1654.72
ORD000527,CUST0020,PROD0164,2022-03-18 20:26:50.242048410,1,333.15,0.15,Completed,In-Store,North,283.18
ORD000528,CUST0321,PROD0169,2022-03-18 23:56:49.881976396,3,206.88,0.0,Completed,Web,East,620.64
ORD000529,CUST0264,PROD0197,2022-03-19 03:26:49.521904381,11,455.4,0.0,Completed,In-Store,International,5009.4
ORD000530,CUST0494,PROD0141,2022-03-19 06:56:49.161832367,6,322.59,0.0,Completed,In-Store,International,1935.54
ORD000531,CUST0400,PROD0087,2022-03-19 10:26:48.801760352,3,386.89,0.1,Completed,Mobile,West,1044.6
ORD000532,CUST0142,PROD0058,2022-03-19 13:56:48.441688338,8,190.6,0.0,Completed,Web,East,1524.8
ORD000533,CUST0460,PROD0050,2022-03-19 17:26:48.081616324,5,480.41,0.05,Completed,Mobile,South,2281.95
ORD000534,CUST0371,PROD0030,2022-03-19 20:56:47.721544309,2,412.03,0.05,Completed,Web,South,782.86
ORD000535,CUST0471,PROD0190,2022-03-20 00:26:47.361472295,4,428.43,0.0,Completed,In-Store,North,1713.72
ORD000536,CUST0143,PROD0101,2022-03-20 03:56:47.001400280,9,94.38,0.15,Completed,Mobile,West,722.01
ORD000537,CUST0092,PROD0025,2022-03-20 07:26:46.641328266,4,142.77,0.0,Completed,In-Store,South,571.08
ORD000538,CUST0354,PROD0112,2022-03-20 10:56:46.281256252,10,149.96,0.0,Completed,Mobile,West,1499.6
ORD000539,CUST0322,PROD0155,2022-03-20 14:26:45.921184237,10,142.75,0.1,Completed,Mobile,South,1284.75
ORD000540,CUST0288,PROD0179,2022-03-20 17:56:45.561112223,8,429.15,0.0,Returned,Mobile,East,3433.2
ORD000541,CUST0215,PROD0185,2022-03-20 21:26:45.201040208,5,25.62,0.1,Completed,Web,East,115.29
ORD000542,CUST0447,PROD0126,2022-03-21 00:56:44.840968194,11,47.29,0.15,Completed,Web,West,442.16
ORD000543,CUST0342,PROD0123,2022-03-21 04:26:44.480896180,11,144.22,0.2,Completed,Mobile,North,1269.14
ORD000544,CUST0051,PROD0047,2022-03-21 07:56:44.120824165,10,107.94,0.15,Completed,In-Store,South,917.49
ORD000545,CUST0153,PROD0118,2022-03-21 11:26:43.760752151,13,123.61,0.0,Completed,Mobile,North,1606.93
ORD000546,CUST0186,PROD0039,2022-03-21 14:56:43.400680136,13,400.99,0.05,Completed,In-Store,North,4952.23
ORD000547,CUST0063,PROD0016,2022-03-21 18:26:43.040608122,14,285.93,0.0,Completed,In-Store,East,4003.02
ORD000548,CUST0190,PROD0022,2022-03-21 21:56:42.680536108,1,12.83,0.0,Completed,Mobile,North,12.83
ORD000549,CUST0125,PROD0054,2022-03-22 01:26:42.320464093,7,220.37,0.0,Completed,Web,North,1542.59
ORD000550,CUST0150,PROD0149,2022-03-22 04:56:41.960392079,3,209.86,0.0,Completed,Mobile,International,629.58
ORD000551,CUST0314,PROD0016,2022-03-22 08:26:41.600320064,10,65.83,0.15,Returned,Web,East,559.55
ORD000552,CUST0058,PROD0059,2022-03-22 11:56:41.240248050,8,341.31,0.0,Pending,Web,North,2730.48
ORD000553,CUST0342,PROD0031,2022-03-22 15:26:40.880176036,14,354.03,0.05,Returned,Web,North,4708.6
ORD000554,CUST0305,PROD0170,2022-03-22 18:56:40.520104021,12,363.24,0.05,Completed,In-Store,North,4140.94
ORD000555,CUST0180,PROD0032,2022-03-22 22:26:40.160032007,3,366.95,0.05,Completed,Web,East,1045.81
ORD000556,CUST0170,PROD0187,2022-03-23 01:56:39.799959992,1,10.03,0.2,Completed,Mobile,West,8.02
ORD000557,CUST0326,PROD0162,2022-03-23 05:26:39.439887978,5,477.42,0.0,Completed,Mobile,East,2387.1
ORD000558,CUST0271,PROD0009,2022-03-23 08:56:39.079815963,2,408.96,0.1,Completed,Mobile,North,736.13
ORD000559,CUST0054,PROD0139,2022-03-23 12:26:38.719743949,11,452.95,0.05,Completed,Mobile,East,4733.33
ORD000560,CUST0491,PROD0010,2022-03-23 15:56:38.359671935,4,17.67,0.0,Pending,Mobile,South,70.68
ORD000561,CUST0444,PROD0017,2022-03-23 19:26:37.999599920,1,467.59,0.05,Completed,Web,East,444.21
ORD000562,CUST0101,PROD0068,2022-03-23 22:56:37.639527906,9,406.8,0.15,Completed,Web,West,3112.02
ORD000563,CUST0481,PROD0048,2022-03-24 02:26:37.279455891,6,420.24,0.0,Completed,In-Store,South,2521.44
ORD000564,CUST0264,PROD0180,2022-03-24 05:56:36.919383877,8,55.71,0.0,Pending,Web,North,445.68
ORD000565,CUST0053,PROD0111,2022-03-24 09:26:36.559311863,11,372.0,0.0,Completed,Mobile,International,4092.0
ORD000566,CUST0060,PROD0153,2022-03-24 12:56:36.199239848,4,480.36,0.1,Completed,Mobile,North,1729.3
ORD000567,CUST0492,PROD0123,2022-03-24 16:26:35.839167834,9,342.49,0.1,Completed,Web,South,2774.17
ORD000568,CUST0108,PROD0149,2022-03-24 19:56:35.479095819,2,289.58,0.05,Completed,In-Store,West,550.2
ORD000569,CUST0005,PROD0101,2022-03-24 23:26:35.119023805,9,473.36,0.05,Completed,Mobile,West,4047.23
ORD000570,CUST0103,PROD0102,2022-03-25 02:56:34.758951791,12,227.04,0.15,Completed,Web,West,2315.81
ORD000571,CUST0196,PROD0065,2022-03-25 06:26:34.398879776,5,303.65,0.1,Completed,In-Store,North,1366.42
ORD000572,CUST0262,PROD0191,2022-03-25 09:56:34.038807762,13,243.41,0.15,Completed,Mobile,South,2689.68
ORD000573,CUST0365,PROD0051,2022-03-25 13:26:33.678735747,6,467.09,0.15,Completed,Web,North,2382.16
ORD000574,CUST0480,PROD0036,2022-03-25 16:56:33.318663733,3,47.28,0.1,Completed,Mobile,East,127.66
ORD000575,CUST0372,PROD0081,2022-03-25 20:26:32.958591719,4,255.55,0.05,Returned,Web,South,971.09
ORD000576,CUST0350,PROD0127,2022-03-25 23:56:32.598519704,6,346.61,0.15,Pending,Mobile,West,1767.71
ORD000577,CUST0047,PROD0088,2022-03-26 03:26:32.238447690,7,398.03,0.2,Completed,Web,North,2228.97
ORD000578,CUST0355,PROD0194,2022-03-26 06:56:31.878375675,1,295.68,0.0,Returned,Mobile,North,295.68
ORD000579,CUST0311,PROD0104,2022-03-26 10:26:31.518303661,7,455.37,0.0,Completed,Mobile,South,3187.59
ORD000580,CUST0424,PROD0015,2022-03-26 13:56:31.158231647,1,471.58,0.2,Completed,In-Store,International,377.26
ORD000581,CUST0308,PROD0096,2022-03-26 17:26:30.798159632,5,41.52,0.0,Completed,Mobile,International,207.6
ORD000582,CUST0144,PROD0167,2022-03-26 20:56:30.438087618,6,207.16,0.15,Completed,Web,International,1056.52
ORD000583,CUST0269,PROD0123,2022-03-27 00:26:30.078015603,13,21.49,0.0,Completed,In-Store,South,279.37
ORD000584,CUST0370,PROD0198,2022-03-27 03:56:29.717943589,2,171.41,0.0,Completed,Mobile,North,342.82
ORD000585,CUST0124,PROD0001,2022-03-27 07:26:29.357871575,13,273.07,0.0,Completed,Mobile,South,3549.91
ORD000586,CUST0106,PROD0151,2022-03-27 10:56:28.997799560,10,456.29,0.0,Completed,Web,West,4562.9
ORD000587,CUST0158,PROD0122,2022-03-27 14:26:28.637727546,9,424.81,0.0,Completed,In-Store,North,3823.29
ORD000588,CUST0147,PROD0167,2022-03-27 17:56:28.277655531,14,72.47,0.05,Completed,In-Store,South,963.85
ORD000589,CUST0145,PROD0126,2022-03-27 21:26:27.917583517,10,55.58,0.1,Completed,Mobile,North,500.22
ORD000590,CUST0120,PROD0057,2022-03-28 00:56:27.557511503,6,298.74,0.2,Pending,In-Store,East,1433.95
ORD000591,CUST0319,PROD0081,2022-03-28 04:26:27.197439488,7,270.74,0.05,Completed,Web,North,1800.42
ORD000592,CUST0275,PROD0162,2022-03-28 07:56:26.837367474,14,140.53,0.05,Pending,In-Store,North,1869.05
ORD000593,CUST0092,PROD0169,2022-03-28 11:26:26.477295459,10,450.73,0.05,Completed,Web,South,4281.94
ORD000594,CUST0058,PROD0073,2022-03-28 14:56:26.117223445,8,464.41,0.05,Completed,Web,South,3529.52
ORD000595,CUST0439,PROD0141,2022-03-28 18:26:25.757151431,11,207.28,0.05,Completed,Mobile,East,2166.08
ORD000596,CUST0346,PROD0070,2022-03-28 21:56:25.397079416,13,446.25,0.0,Completed,Mobile,West,5801.25
ORD000597,CUST0229,PROD0006,2022-03-29 01:26:25.037007402,10,198.13,0.0,Completed,Web,North,1981.3
ORD000598,CUST0474,PROD0084,2022-03-29 04:56:24.676935387,1,371.04,0.0,Completed,Web,West,371.04
ORD000599,CUST0117,PROD0052,2022-03-29 08:26:24.316863373,14,243.21,0.0,Completed,Web,North,3404.94
ORD000600,CUST0318,PROD0003,2022-03-29 11:56:23.956791359,8,70.07,0.1,Completed,Web,South,504.5
ORD000601,CUST0279,PROD0081,2022-03-29 15:26:23.596719344,4,464.69,0.0,Completed,Web,East,1858.76
ORD000602,CUST0127,PROD0063,2022-03-29 18:56:23.236647330,10,232.51,0.15,Completed,Web,International,1976.33
ORD000603,CUST0393,PROD0049,2022-03-29 22:26:22.876575315,8,369.9,0.2,Completed,Web,East,2367.36
ORD000604,CUST0396,PROD0076,2022-03-30 01:56:22.516503301,13,189.92,0.2,Completed,In-Store,North,1975.17
ORD000605,CUST0129,PROD0112,2022-03-30 05:26:22.156431287,6,19.25,0.2,Completed,Mobile,East,92.4
ORD000606,CUST0058,PROD0175,2022-03-30 08:56:21.796359272,11,59.26,0.0,Completed,Web,South,651.86
ORD000607,CUST0122,PROD0109,2022-03-30 12:26:21.436287258,9,253.15,0.05,Returned,In-Store,East,2164.43
ORD000608,CUST0001,PROD0183,2022-03-30 15:56:21.076215243,11,348.08,0.0,Returned,Mobile,North,3828.88
ORD000609,CUST0239,PROD0192,2022-03-30 19:26:20.716143229,4,174.02,0.15,Completed,Web,East,591.67
ORD000610,CUST0290,PROD0065,2022-03-30 22:56:20.356071215,2,350.79,0.15,Completed,Web,North,596.34
ORD000611,CUST0096,PROD0081,2022-03-31 02:26:19.995999200,14,352.33,0.15,Completed,Web,West,4192.73
ORD000612,CUST0126,PROD0195,2022-03-31 05:56:19.635927186,2,354.93,0.05,Completed,Web,East,674.37
ORD000613,CUST0118,PROD0015,2022-03-31 09:26:19.275855171,5,251.34,0.1,Pending,Web,North,1131.03
ORD000614,CUST0048,PROD0100,2022-03-31 12:56:18.915783157,10,458.29,0.0,Pending,Mobile,International,4582.9
ORD000615,CUST0089,PROD0032,2022-03-31 16:26:18.555711143,9,249.71,0.0,Completed,Mobile,East,2247.39
ORD000616,CUST0488,PROD0096,2022-03-31 19:56:18.195639128,12,230.63,0.1,Completed,Mobile,South,2490.8
ORD000617,CUST0237,PROD0128,2022-03-31 23:26:17.835567114,3,107.7,0.05,Returned,Web,North,306.94
ORD000618,CUST0373,PROD0196,2022-04-01 02:56:17.475495099,8,160.75,0.2,Completed,Mobile,East,1028.8
ORD000619,CUST0385,PROD0146,2022-04-01 06:26:17.115423085,4,30.74,0.0,Completed,Mobile,South,122.96
ORD000620,CUST0272,PROD0113,2022-04-01 09:56:16.755351071,6,320.43,0.15,Completed,In-Store,International,1634.19
ORD000621,CUST0189,PROD0083,2022-04-01 13:26:16.395279056,10,131.78,0.05,Completed,Web,North,1251.91
ORD000622,CUST0487,PROD0043,2022-04-01 16:56:16.035207042,6,159.04,0.15,Completed,In-Store,North,811.1
ORD000623,CUST0192,PROD0116,2022-04-01 20:26:15.675135027,3,387.7,0.15,Completed,Mobile,International,988.63
ORD000624,CUST0447,PROD0163,2022-04-01 23:56:15.315063013,14,170.34,0.2,Completed,Mobile,International,1907.81
ORD000625,CUST0069,PROD0078,2022-04-02 03:26:14.954990999,5,128.68,0.0,Completed,Mobile,North,643.4
ORD000626,CUST0278,PROD0058,2022-04-02 06:56:14.594918984,12,92.84,0.2,Completed,Web,West,891.26
ORD000627,CUST0349,PROD0033,2022-04-02 10:26:14.234846970,3,389.68,0.0,Completed,In-Store,North,1169.04
ORD000628,CUST0247,PROD0014,2022-04-02 13:56:13.874774955,11,73.56,0.0,Completed,Web,West,809.16
ORD000629,CUST0451,PROD0162,2022-04-02 17:26:13.514702941,11,232.34,0.05,Completed,Mobile,International,2427.95
ORD000630,CUST0076,PROD0189,2022-04-02 20:56:13.154630927,1,258.4,0.15,Pending,Web,North,219.64
ORD000631,CUST0154,PROD0132,2022-04-03 00:26:12.794558912,7,346.82,0.05,Completed,Web,North,2306.35
ORD000632,CUST0144,PROD0059,2022-04-03 03:56:12.434486898,4,320.31,0.15,Completed,Mobile,North,1089.05
ORD000633,CUST0435,PROD0157,2022-04-03 07:26:12.074414883,14,407.25,0.1,Returned,In-Store,North,5131.35
ORD000634,CUST0485,PROD0083,2022-04-03 10:56:11.714342869,7,31.93,0.0,Returned,Web,North,223.51
ORD000635,CUST0086,PROD0134,2022-04-03 14:26:11.354270855,3,155.26,0.2,Completed,In-Store,West,372.62
ORD000636,CUST0185,PROD0121,2022-04-03 17:56:10.994198840,12,147.27,0.0,Completed,Mobile,South,1767.24
ORD000637,CUST0285,PROD0177,2022-04-03 21:26:10.634126826,11,81.55,0.15,Completed,Web,East,762.49
ORD000638,CUST0462,PROD0168,2022-04-04 00:56:10.274054811,5,151.7,0.0,Completed,Web,West,758.5
ORD000639,CUST0220,PROD0083,2022-04-04 04:26:09.913982797,5,161.79,0.05,Completed,Mobile,East,768.5
ORD000640,CUST0069,PROD0193,2022-04-04 07:56:09.553910782,13,265.72,0.05,Pending,Web,South,3281.64
ORD000641,CUST0047,PROD0197,2022-04-04 11:26:09.193838768,2,335.22,0.0,Completed,Web,North,670.44
ORD000642,CUST0497,PROD0027,2022-04-04 14:56:08.833766754,11,196.74,0.0,Completed,Web,East,2164.14
ORD000643,CUST0094,PROD0080,2022-04-04 18:26:08.473694739,10,362.54,0.0,Completed,Web,North,3625.4
ORD000644,CUST0238,PROD0134,2022-04-04 21:56:08.113622725,12,174.72,0.0,Completed,Mobile,West,2096.64
ORD000645,CUST0446,PROD0013,2022-04-05 01:26:07.753550710,2,152.24,0.0,Returned,Web,South,304.48
ORD000646,CUST0453,PROD0064,2022-04-05 04:56:07.393478696,4,275.18,0.05,Completed,Web,West,1045.68
ORD000647,CUST0204,PROD0190,2022-04-05 08:26:07.033406682,4,21.62,0.1,Completed,Web,East,77.83
ORD000648,CUST0400,PROD0147,2022-04-05 11:56:06.673334667,4,49.1,0.05,Completed,Web,East,186.58
ORD000649,CUST0218,PROD0080,2022-04-05 15:26:06.313262653,6,214.81,0.15,Completed,Web,South,1095.53
ORD000650,CUST0474,PROD0123,2022-04-05 18:56:05.953190638,2,472.03,0.1,Pending,Mobile,South,849.65
ORD000651,CUST0432,PROD0043,2022-04-05 22:26:05.593118624,6,363.54,0.1,Completed,Mobile,International,1963.12
ORD000652,CUST0341,PROD0089,2022-04-06 01:56:05.233046610,7,53.18,0.1,Completed,Web,North,335.03
ORD000653,CUST0039,PROD0148,2022-04-06 05:26:04.872974595,11,424.7,0.05,Completed,Web,North,4438.12
ORD000654,CUST0100,PROD0095,2022-04-06 08:56:04.512902581,10,368.83,0.1,Completed,Web,East,3319.47
ORD000655,CUST0289,PROD0196,2022-04-06 12:26:04.152830566,3,309.36,0.0,Completed,Web,West,928.08
ORD000656,CUST0254,PROD0172,2022-04-06 15:56:03.792758552,11,411.94,0.15,Completed,Mobile,South,3851.64
ORD000657,CUST0222,PROD0151,2022-04-06 19:26:03.432686538,12,208.01,0.1,Completed,Web,West,2246.51
ORD000658,CUST0357,PROD0002,2022-04-06 22:56:03.072614523,8,118.54,0.0,Completed,Web,East,948.32
ORD000659,CUST0023,PROD0120,2022-04-07 02:26:02.712542509,2,260.89,0.1,Completed,Mobile,North,469.6
ORD000660,CUST0250,PROD0022,2022-04-07 05:56:02.352470494,11,278.93,0.0,Pending,Web,East,3068.23
ORD000661,CUST0010,PROD0115,2022-04-07 09:26:01.992398480,8,273.78,0.0,Completed,Mobile,West,2190.24
ORD000662,CUST0246,PROD0057,2022-04-07 12:56:01.632326466,13,286.89,0.0,Completed,Mobile,International,3729.57
ORD000663,CUST0325,PROD0072,2022-04-07 16:26:01.272254451,11,474.87,0.1,Returned,Web,North,4701.21
ORD000664,CUST0100,PROD0007,2022-04-07 19:56:00.912182437,5,452.1,0.1,Completed,Mobile,West,2034.45
ORD000665,CUST0290,PROD0184,2022-04-07 23:26:00.552110422,2,439.1,0.15,Completed,Mobile,South,746.47
ORD000666,CUST0180,PROD0119,2022-04-08 02:56:00.192038408,7,402.69,0.0,Completed,Web,North,2818.83
ORD000667,CUST0223,PROD0195,2022-04-08 06:25:59.831966394,14,472.28,0.05,Completed,Mobile,East,6281.32
ORD000668,CUST0394,PROD0114,2022-04-08 09:55:59.471894379,2,58.26,0.1,Completed,Mobile,North,104.87
ORD000669,CUST0250,PROD0016,2022-04-08 13:25:59.111822365,14,139.91,0.0,Completed,In-Store,South,1958.74
ORD000670,CUST0147,PROD0083,2022-04-08 16:55:58.751750350,6,252.58,0.1,Completed,Mobile,South,1363.93
ORD000671,CUST0442,PROD0179,2022-04-08 20:25:58.391678336,10,424.8,0.0,Pending,In-Store,South,4248.0
ORD000672,CUST0096,PROD0072,2022-04-08 23:55:58.031606322,3,257.53,0.0,Completed,Web,East,772.59
ORD000673,CUST0257,PROD0124,2022-04-09 03:25:57.671534307,9,376.54,0.05,Completed,Mobile,South,3219.42
ORD000674,CUST0325,PROD0113,2022-04-09 06:55:57.311462293,3,78.09,0.1,Completed,Web,East,210.84
ORD000675,CUST0493,PROD0012,2022-04-09 10:25:56.951390278,11,133.68,0.0,Completed,Web,North,1470.48
ORD000676,CUST0004,PROD0126,2022-04-09 13:55:56.591318264,12,368.57,0.0,Completed,Mobile,East,4422.84
ORD000677,CUST0016,PROD0053,2022-04-09 17:25:56.231246250,12,90.72,0.0,Returned,Mobile,International,1088.64
ORD000678,CUST0280,PROD0075,2022-04-09 20:55:55.871174235,3,182.16,0.0,Completed,Web,North,546.48
ORD000679,CUST0336,PROD0133,2022-04-10 00:25:55.511102221,5,139.78,0.0,Completed,Mobile,East,698.9
ORD000680,CUST0247,PROD0027,2022-04-10 03:55:55.151030206,7,181.43,0.0,Completed,Web,East,1270.01
ORD000681,CUST0258,PROD0140,2022-04-10 07:25:54.790958192,14,357.08,0.1,Completed,Web,East,4499.21
ORD000682,CUST0497,PROD0145,2022-04-10 10:55:54.430886178,8,190.25,0.05,Completed,Web,South,1445.9
ORD000683,CUST0476,PROD0134,2022-04-10 14:25:54.070814163,12,282.08,0.1,Completed,Web,East,3046.46
ORD000684,CUST0384,PROD0097,2022-04-10 17:55:53.710742149,11,58.97,0.1,Pending,Web,North,583.8
ORD000685,CUST0160,PROD0005,2022-04-10 21:25:53.350670134,7,404.46,0.0,Completed,Mobile,South,2831.22
ORD000686,CUST0475,PROD0057,2022-04-11 00:55:52.990598120,9,191.25,0.0,Pending,Web,East,1721.25
ORD000687,CUST0340,PROD0156,2022-04-11 04:25:52.630526106,5,327.78,0.15,Pending,Web,North,1393.06
ORD000688,CUST0152,PROD0078,2022-04-11 07:55:52.270454091,10,365.44,0.0,Pending,Mobile,East,3654.4
ORD000689,CUST0396,PROD0069,2022-04-11 11:25:51.910382077,11,112.73,0.0,Completed,Mobile,West,1240.03
ORD000690,CUST0178,PROD0118,2022-04-11 14:55:51.550310062,3,443.49,0.0,Pending,Web,West,1330.47
ORD000691,CUST0163,PROD0120,2022-04-11 18:25:51.190238048,6,311.95,0.1,Completed,Web,North,1684.53
ORD000692,CUST0380,PROD0059,2022-04-11 21:55:50.830166034,5,220.08,0.05,Completed,Web,International,1045.38
ORD000693,CUST0033,PROD0033,2022-04-12 01:25:50.470094019,12,99.34,0.2,Completed,Mobile,East,953.66
ORD000694,CUST0417,PROD0062,2022-04-12 04:55:50.110022005,4,471.73,0.15,Returned,In-Store,South,1603.88
ORD000695,CUST0445,PROD0050,2022-04-12 08:25:49.749949990,12,379.98,0.05,Completed,Mobile,North,4331.77
ORD000696,CUST0179,PROD0112,2022-04-12 11:55:49.389877976,2,111.93,0.0,Completed,Web,East,223.86
ORD000697,CUST0427,PROD0019,2022-04-12 15:25:49.029805962,7,175.48,0.0,Completed,Mobile,International,1228.36
ORD000698,CUST0101,PROD0197,2022-04-12 18:55:48.669733947,13,406.74,0.0,Completed,Web,East,5287.62
ORD000699,CUST0268,PROD0123,2022-04-12 22:25:48.309661933,5,350.88,0.0,Completed,Web,West,1754.4
ORD000700,CUST0323,PROD0194,2022-04-13 01:55:47.949589918,4,385.23,0.0,Completed,Web,South,1540.92
ORD000701,CUST0065,PROD0047,2022-04-13 05:25:47.589517904,12,226.19,0.0,Completed,Mobile,South,2714.28
ORD000702,CUST0417,PROD0167,2022-04-13 08:55:47.229445890,14,361.07,0.0,Returned,Mobile,South,5054.98
ORD000703,CUST0168,PROD0196,2022-04-13 12:25:46.869373875,8,199.38,0.0,Completed,Mobile,West,1595.04
ORD000704,CUST0330,PROD0033,2022-04-13 15:55:46.509301861,9,113.52,0.2,Pending,Mobile,South,817.34
ORD000705,CUST0043,PROD0141,2022-04-13 19:25:46.149229846,9,320.01,0.05,Completed,Web,North,2736.09
ORD000706,CUST0044,PROD0084,2022-04-13 22:55:45.789157832,3,488.25,0.2,Completed,Web,South,1171.8
ORD000707,CUST0285,PROD0182,2022-04-14 02:25:45.429085818,3,162.19,0.0,Completed,Mobile,International,486.57
ORD000708,CUST0397,PROD0135,2022-04-14 05:55:45.069013803,5,235.88,0.05,Completed,Mobile,West,1120.43
ORD000709,CUST0012,PROD0079,2022-04-14 09:25:44.708941789,5,340.26,0.0,Completed,Mobile,South,1701.3
ORD000710,CUST0095,PROD0014,2022-04-14 12:55:44.348869774,10,275.34,0.0,Completed,Web,International,2753.4
ORD000711,CUST0302,PROD0147,2022-04-14 16:25:43.988797760,2,423.28,0.0,Completed,Mobile,North,846.56
ORD000712,CUST0386,PROD0128,2022-04-14 19:55:43.628725746,1,383.25,0.2,Completed,Web,North,306.6
ORD000713,CUST0253,PROD0054,2022-04-14 23:25:43.268653731,8,38.57,0.2,Completed,Mobile,North,246.85
ORD000714,CUST0499,PROD0148,2022-04-15 02:55:42.908581717,3,499.23,0.0,Completed,Web,North,1497.69
ORD000715,CUST0242,PROD0029,2022-04-15 06:25:42.548509702,1,378.68,0.0,Completed,In-Store,North,378.68
ORD000716,CUST0035,PROD0024,2022-04-15 09:55:42.188437688,1,433.31,0.05,Completed,Web,West,411.64
ORD000717,CUST0215,PROD0082,2022-04-15 13:25:41.828365674,11,329.09,0.0,Completed,Mobile,East,3619.99
ORD000718,CUST0337,PROD0063,2022-04-15 16:55:41.468293660,2,429.58,0.0,Pending,Mobile,East,859.16
ORD000719,CUST0090,PROD0105,2022-04-15 20:25:41.108221644,6,65.07,0.0,Completed,Web,West,390.42
ORD000720,CUST0264,PROD0057,2022-04-15 23:55:40.748149630,6,180.39,0.05,Completed,Web,West,1028.22
ORD000721,CUST0093,PROD0136,2022-04-16 03:25:40.388077616,14,439.45,0.0,Completed,Mobile,North,6152.3
ORD000722,CUST0410,PROD0062,2022-04-16 06:55:40.028005602,3,108.81,0.0,Completed,Web,East,326.43
ORD000723,CUST0458,PROD0157,2022-04-16 10:25:39.667933588,12,48.34,0.0,Completed,Web,East,580.08
ORD000724,CUST0090,PROD0017,2022-04-16 13:55:39.307861572,4,396.18,0.05,Completed,In-Store,International,1505.48
ORD000725,CUST0418,PROD0066,2022-04-16 17:25:38.947789558,12,419.39,0.2,Completed,Mobile,North,4026.14
ORD000726,CUST0115,PROD0006,2022-04-16 20:55:38.587717544,13,89.7,0.0,Returned,Web,North,1166.1
ORD000727,CUST0105,PROD0058,2022-04-17 00:25:38.227645530,2,428.63,0.15,Completed,Mobile,West,728.67
ORD000728,CUST0391,PROD0069,2022-04-17 03:55:37.867573516,2,346.52,0.15,Completed,Mobile,West,589.08
ORD000729,CUST0196,PROD0156,2022-04-17 07:25:37.507501500,7,264.84,0.2,Completed,Mobile,South,1483.1
ORD000730,CUST0314,PROD0062,2022-04-17 10:55:37.147429486,13,416.82,0.1,Completed,Mobile,East,4876.79
ORD000731,CUST0114,PROD0169,2022-04-17 14:25:36.787357472,1,215.43,0.1,Completed,Mobile,North,193.89
ORD000732,CUST0493,PROD0197,2022-04-17 17:55:36.427285458,7,105.06,0.15,Completed,Web,International,625.11
ORD000733,CUST0075,PROD0082,2022-04-17 21:25:36.067213444,14,149.58,0.0,Completed,Mobile,North,2094.12
ORD000734,CUST0413,PROD0169,2022-04-18 00:55:35.707141428,12,257.53,0.05,Completed,Web,North,2935.84
ORD000735,CUST0376,PROD0177,2022-04-18 04:25:35.347069414,14,270.35,0.2,Returned,Web,North,3027.92
ORD000736,CUST0420,PROD0177,2022-04-18 07:55:34.986997400,12,404.73,0.1,Completed,Mobile,South,4371.08
ORD000737,CUST0217,PROD0071,2022-04-18 11:25:34.626925386,14,397.76,0.2,Completed,Web,North,4454.91
ORD000738,CUST0277,PROD0131,2022-04-18 14:55:34.266853372,1,294.87,0.1,Completed,Mobile,West,265.38
ORD000739,CUST0249,PROD0010,2022-04-18 18:25:33.906781356,14,392.58,0.15,Completed,Mobile,International,4671.7
ORD000740,CUST0164,PROD0098,2022-04-18 21:55:33.546709342,6,103.97,0.1,Completed,Web,South,561.44
ORD000741,CUST0394,PROD0089,2022-04-19 01:25:33.186637328,3,34.53,0.1,Completed,Web,East,93.23
ORD000742,CUST0357,PROD0035,2022-04-19 04:55:32.826565314,8,438.08,0.05,Completed,Mobile,North,3329.41
ORD000743,CUST0457,PROD0002,2022-04-19 08:25:32.466493300,6,47.02,0.2,Completed,In-Store,South,225.7
ORD000744,CUST0408,PROD0124,2022-04-19 11:55:32.106421284,11,130.88,0.15,Completed,Mobile,South,1223.73
ORD000745,CUST0192,PROD0024,2022-04-19 15:25:31.746349270,2,350.71,0.15,Completed,Mobile,North,596.21
ORD000746,CUST0227,PROD0074,2022-04-19 18:55:31.386277256,8,210.63,0.1,Completed,Web,East,1516.54
ORD000747,CUST0177,PROD0166,2022-04-19 22:25:31.026205242,5,439.39,0.0,Completed,Web,North,2196.95
ORD000748,CUST0099,PROD0022,2022-04-20 01:55:30.666133228,8,156.01,0.0,Completed,Mobile,International,1248.08
ORD000749,CUST0496,PROD0154,2022-04-20 05:25:30.306061212,8,15.82,0.2,Completed,Web,West,101.25
ORD000750,CUST0036,PROD0171,2022-04-20 08:55:29.945989198,6,157.32,0.05,Completed,In-Store,West,896.72
ORD000751,CUST0466,PROD0183,2022-04-20 12:25:29.585917184,2,293.26,0.0,Returned,Web,International,586.52
ORD000752,CUST0497,PROD0039,2022-04-20 15:55:29.225845170,8,194.21,0.0,Completed,Mobile,International,1553.68
ORD000753,CUST0487,PROD0157,2022-04-20 19:25:28.865773156,11,272.09,0.15,Completed,Mobile,East,2544.04
ORD000754,CUST0096,PROD0020,2022-04-20 22:55:28.505701140,6,439.53,0.15,Returned,Mobile,East,2241.6
ORD000755,CUST0152,PROD0041,2022-04-21 02:25:28.145629126,6,457.12,0.15,Completed,Mobile,South,2331.31
ORD000756,CUST0151,PROD0182,2022-04-21 05:55:27.785557112,8,140.33,0.1,Completed,In-Store,West,1010.38
ORD000757,CUST0190,PROD0148,2022-04-21 09:25:27.425485098,1,236.45,0.0,Completed,In-Store,East,236.45
ORD000758,CUST0224,PROD0108,2022-04-21 12:55:27.065413084,2,279.08,0.0,Completed,In-Store,International,558.16
ORD000759,CUST0037,PROD0147,2022-04-21 16:25:26.705341068,12,475.07,0.0,Returned,Mobile,North,5700.84
ORD000760,CUST0268,PROD0084,2022-04-21 19:55:26.345269054,12,499.32,0.15,Completed,Mobile,South,5093.06
ORD000761,CUST0369,PROD0111,2022-04-21 23:25:25.985197040,9,125.35,0.0,Completed,Mobile,South,1128.15
ORD000762,CUST0183,PROD0066,2022-04-22 02:55:25.625125026,11,366.22,0.1,Completed,Web,West,3625.58
ORD000763,CUST0013,PROD0158,2022-04-22 06:25:25.265053012,12,195.24,0.05,Pending,Web,North,2225.74
ORD000764,CUST0279,PROD0053,2022-04-22 09:55:24.904980996,8,13.97,0.05,Completed,Web,East,106.17
ORD000765,CUST0217,PROD0034,2022-04-22 13:25:24.544908982,12,14.53,0.2,Completed,Web,South,139.49
ORD000766,CUST0355,PROD0150,2022-04-22 16:55:24.184836968,7,235.68,0.0,Completed,Web,North,1649.76
ORD000767,CUST0361,PROD0067,2022-04-22 20:25:23.824764954,7,249.28,0.1,Completed,Web,South,1570.46
ORD000768,CUST0286,PROD0134,2022-04-22 23:55:23.464692940,5,21.06,0.0,Completed,In-Store,East,105.3
ORD000769,CUST0273,PROD0027,2022-04-23 03:25:23.104620924,2,346.59,0.0,Completed,Mobile,North,693.18
ORD000770,CUST0369,PROD0010,2022-04-23 06:55:22.744548910,11,154.06,0.05,Completed,Web,East,1609.93
ORD000771,CUST0062,PROD0073,2022-04-23 10:25:22.384476896,6,284.35,0.0,Completed,Web,International,1706.1
ORD000772,CUST0084,PROD0096,2022-04-23 13:55:22.024404882,10,157.45,0.1,Completed,Mobile,International,1417.05
ORD000773,CUST0368,PROD0048,2022-04-23 17:25:21.664332866,3,91.9,0.05,Completed,Mobile,East,261.92
ORD000774,CUST0217,PROD0070,2022-04-23 20:55:21.304260852,4,209.52,0.0,Completed,In-Store,East,838.08
ORD000775,CUST0342,PROD0187,2022-04-24 00:25:20.944188838,13,123.81,0.0,Completed,In-Store,South,1609.53
ORD000776,CUST0397,PROD0100,2022-04-24 03:55:20.584116824,10,272.05,0.1,Completed,In-Store,International,2448.45
ORD000777,CUST0187,PROD0059,2022-04-24 07:25:20.224044810,12,107.43,0.15,Completed,Web,South,1095.79
ORD000778,CUST0019,PROD0002,2022-04-24 10:55:19.863972794,11,259.12,0.05,Completed,Web,East,2707.8
ORD000779,CUST0177,PROD0157,2022-04-24 14:25:19.503900780,2,87.12,0.05,Completed,Mobile,North,165.53
ORD000780,CUST0100,PROD0196,2022-04-24 17:55:19.143828766,14,338.78,0.1,Completed,Web,South,4268.63
ORD000781,CUST0396,PROD0065,2022-04-24 21:25:18.783756752,2,379.43,0.1,Completed,Mobile,North,682.97
ORD000782,CUST0445,PROD0083,2022-04-25 00:55:18.423684738,12,64.09,0.0,Completed,Mobile,West,769.08
ORD000783,CUST0233,PROD0154,2022-04-25 04:25:18.063612722,8,239.22,0.1,Completed,Mobile,East,1722.38
ORD000784,CUST0403,PROD0010,2022-04-25 07:55:17.703540708,8,44.73,0.1,Completed,Web,East,322.06
ORD000785,CUST0076,PROD0053,2022-04-25 11:25:17.343468694,10,303.11,0.1,Completed,Mobile,South,2727.99
ORD000786,CUST0265,PROD0079,2022-04-25 14:55:16.983396680,6,139.56,0.1,Returned,Mobile,West,753.62
ORD000787,CUST0455,PROD0059,2022-04-25 18:25:16.623324666,13,268.54,0.2,Completed,In-Store,North,2792.82
ORD000788,CUST0284,PROD0150,2022-04-25 21:55:16.263252650,5,263.56,0.0,Completed,Web,South,1317.8
ORD000789,CUST0206,PROD0179,2022-04-26 01:25:15.903180636,8,462.93,0.2,Returned,In-Store,West,2962.75
ORD000790,CUST0223,PROD0048,2022-04-26 04:55:15.543108622,4,279.05,0.05,Completed,Mobile,International,1060.39
ORD000791,CUST0384,PROD0149,2022-04-26 08:25:15.183036608,11,295.67,0.1,Completed,Mobile,North,2927.13
ORD000792,CUST0052,PROD0123,2022-04-26 11:55:14.822964594,4,206.81,0.0,Completed,Mobile,East,827.24
ORD000793,CUST0339,PROD0022,2022-04-26 15:25:14.462892578,5,475.05,0.0,Completed,Mobile,East,2375.25
ORD000794,CUST0367,PROD0100,2022-04-26 18:55:14.102820564,1,390.82,0.1,Completed,Web,International,351.74
ORD000795,CUST0144,PROD0098,2022-04-26 22:25:13.742748550,1,149.85,0.1,Completed,Web,North,134.86
ORD000796,CUST0373,PROD0158,2022-04-27 01:55:13.382676536,2,423.66,0.0,Completed,In-Store,South,847.32
ORD000797,CUST0069,PROD0025,2022-04-27 05:25:13.022604522,14,221.87,0.05,Completed,Mobile,North,2950.87
ORD000798,CUST0099,PROD0028,2022-04-27 08:55:12.662532506,8,416.05,0.0,Completed,Web,North,3328.4
ORD000799,CUST0396,PROD0193,2022-04-27 12:25:12.302460492,7,413.22,0.2,Returned,Mobile,North,2314.03
ORD000800,CUST0025,PROD0113,2022-04-27 15:55:11.942388478,10,102.55,0.15,Completed,Web,International,871.68
ORD000801,CUST0436,PROD0045,2022-04-27 19:25:11.582316464,9,353.56,0.0,Completed,Web,North,3182.04
ORD000802,CUST0379,PROD0068,2022-04-27 22:55:11.222244450,5,152.42,0.15,Completed,Mobile,International,647.78
ORD000803,CUST0469,PROD0007,2022-04-28 02:25:10.862172434,2,155.77,0.2,Completed,Web,North,249.23
ORD000804,CUST0484,PROD0049,2022-04-28 05:55:10.502100420,7,155.21,0.0,Completed,Web,International,1086.47
ORD000805,CUST0053,PROD0137,2022-04-28 09:25:10.142028406,8,365.53,0.1,Completed,Web,West,2631.82
ORD000806,CUST0151,PROD0164,2022-04-28 12:55:09.781956392,12,122.61,0.05,Completed,Mobile,North,1397.75
ORD000807,CUST0144,PROD0083,2022-04-28 16:25:09.421884378,7,10.44,0.1,Completed,Web,East,65.77
ORD000808,CUST0057,PROD0129,2022-04-28 19:55:09.061812362,14,360.47,0.0,Returned,Web,South,5046.58
ORD000809,CUST0039,PROD0138,2022-04-28 23:25:08.701740348,7,93.88,0.0,Completed,Web,South,657.16
ORD000810,CUST0109,PROD0164,2022-04-29 02:55:08.341668334,12,61.2,0.05,Completed,Web,South,697.68
ORD000811,CUST0181,PROD0073,2022-04-29 06:25:07.981596320,14,126.38,0.0,Completed,Web,South,1769.32
ORD000812,CUST0042,PROD0046,2022-04-29 09:55:07.621524306,5,196.15,0.15,Completed,Web,West,833.64
ORD000813,CUST0186,PROD0106,2022-04-29 13:25:07.261452290,2,243.19,0.0,Completed,Web,West,486.38
ORD000814,CUST0423,PROD0160,2022-04-29 16:55:06.901380276,6,31.84,0.05,Completed,Mobile,South,181.49
ORD000815,CUST0398,PROD0032,2022-04-29 20:25:06.541308262,4,485.58,0.15,Returned,Web,International,1650.97
ORD000816,CUST0223,PROD0006,2022-04-29 23:55:06.181236248,10,360.87,0.05,Completed,Web,International,3428.26
ORD000817,CUST0122,PROD0176,2022-04-30 03:25:05.821164234,2,168.37,0.05,Completed,Web,North,319.9
ORD000818,CUST0133,PROD0166,2022-04-30 06:55:05.461092218,12,166.16,0.2,Completed,Web,North,1595.14
ORD000819,CUST0163,PROD0145,2022-04-30 10:25:05.101020204,9,229.79,0.15,Completed,Mobile,South,1757.89
ORD000820,CUST0215,PROD0074,2022-04-30 13:55:04.740948190,7,316.86,0.0,Completed,Web,East,2218.02
ORD000821,CUST0221,PROD0114,2022-04-30 17:25:04.380876176,6,81.72,0.05,Completed,Web,South,465.8
ORD000822,CUST0235,PROD0027,2022-04-30 20:55:04.020804162,12,102.58,0.2,Completed,Web,South,984.77
ORD000823,CUST0331,PROD0054,2022-05-01 00:25:03.660732146,5,431.12,0.0,Completed,Mobile,West,2155.6
ORD000824,CUST0146,PROD0178,2022-05-01 03:55:03.300660132,3,135.56,0.0,Completed,Web,East,406.68
ORD000825,CUST0239,PROD0163,2022-05-01 07:25:02.940588118,12,196.3,0.0,Completed,Mobile,North,2355.6
ORD000826,CUST0076,PROD0085,2022-05-01 10:55:02.580516104,10,436.92,0.0,Completed,Web,International,4369.2
ORD000827,CUST0009,PROD0127,2022-05-01 14:25:02.220444090,10,334.94,0.1,Completed,Web,West,3014.46
ORD000828,CUST0074,PROD0153,2022-05-01 17:55:01.860372074,4,177.44,0.1,Completed,Mobile,South,638.78
ORD000829,CUST0442,PROD0156,2022-05-01 21:25:01.500300060,3,345.01,0.2,Completed,Mobile,West,828.02
ORD000830,CUST0492,PROD0111,2022-05-02 00:55:01.140228046,12,19.64,0.1,Completed,Mobile,North,212.11
ORD000831,CUST0401,PROD0015,2022-05-02 04:25:00.780156032,11,370.46,0.0,Completed,Web,East,4075.06
ORD000832,CUST0253,PROD0132,2022-05-02 07:55:00.420084018,8,248.64,0.0,Completed,Mobile,North,1989.12
ORD000833,CUST0230,PROD0093,2022-05-02 11:25:00.060012002,3,408.46,0.2,Completed,Web,North,980.3
ORD000834,CUST0007,PROD0123,2022-05-02 14:54:59.699939988,7,477.77,0.0,Completed,Mobile,South,3344.39
ORD000835,CUST0174,PROD0073,2022-05-02 18:24:59.339867974,7,463.64,0.0,Returned,Mobile,North,3245.48
ORD000836,CUST0141,PROD0155,2022-05-02 21:54:58.979795960,7,455.54,0.2,Completed,Web,East,2551.02
ORD000837,CUST0168,PROD0154,2022-05-03 01:24:58.619723946,13,260.96,0.05,Completed,Mobile,West,3222.86
ORD000838,CUST0170,PROD0147,2022-05-03 04:54:58.259651930,7,186.47,0.0,Completed,Mobile,North,1305.29
ORD000839,CUST0393,PROD0092,2022-05-03 08:24:57.899579916,14,237.87,0.15,Completed,Web,North,2830.65
ORD000840,CUST0434,PROD0017,2022-05-03 11:54:57.539507902,2,348.05,0.2,Pending,In-Store,West,556.88
ORD000841,CUST0283,PROD0043,2022-05-03 15:24:57.179435888,10,443.16,0.0,Completed,Mobile,North,4431.6
ORD000842,CUST0122,PROD0121,2022-05-03 18:54:56.819363874,3,111.42,0.15,Completed,Web,South,284.12
ORD000843,CUST0194,PROD0041,2022-05-03 22:24:56.459291858,10,459.91,0.0,Completed,In-Store,East,4599.1
ORD000844,CUST0005,PROD0170,2022-05-04 01:54:56.099219844,9,409.44,0.05,Completed,Web,West,3500.71
ORD000845,CUST0029,PROD0178,2022-05-04 05:24:55.739147830,3,489.64,0.2,Completed,Mobile,West,1175.14
ORD000846,CUST0165,PROD0168,2022-05-04 08:54:55.379075816,2,441.32,0.2,Completed,Mobile,West,706.11
ORD000847,CUST0422,PROD0039,2022-05-04 12:24:55.019003802,9,147.17,0.0,Completed,Mobile,North,1324.53
ORD000848,CUST0339,PROD0113,2022-05-04 15:54:54.658931786,13,61.92,0.0,Completed,Web,West,804.96
ORD000849,CUST0136,PROD0151,2022-05-04 19:24:54.298859772,10,65.0,0.0,Completed,In-Store,North,650.0
ORD000850,CUST0496,PROD0111,2022-05-04 22:54:53.938787758,9,152.7,0.05,Completed,Web,North,1305.58
ORD000851,CUST0365,PROD0180,2022-05-05 02:24:53.578715744,4,310.95,0.0,Completed,Web,East,1243.8
ORD000852,CUST0321,PROD0047,2022-05-05 05:54:53.218643730,14,404.12,0.05,Pending,Web,West,5374.8
ORD000853,CUST0342,PROD0063,2022-05-05 09:24:52.858571714,12,450.63,0.0,Completed,In-Store,North,5407.56
ORD000854,CUST0145,PROD0110,2022-05-05 12:54:52.498499700,9,315.64,0.05,Completed,In-Store,North,2698.72
ORD000855,CUST0327,PROD0069,2022-05-05 16:24:52.138427686,3,12.76,0.0,Pending,Web,West,38.28
ORD000856,CUST0217,PROD0043,2022-05-05 19:54:51.778355672,7,101.3,0.15,Completed,In-Store,International,602.74
ORD000857,CUST0301,PROD0176,2022-05-05 23:24:51.418283658,7,58.87,0.0,Completed,Web,East,412.09
ORD000858,CUST0132,PROD0034,2022-05-06 02:54:51.058211642,11,188.03,0.0,Completed,In-Store,South,2068.33
ORD000859,CUST0292,PROD0040,2022-05-06 06:24:50.698139628,8,255.66,0.15,Returned,Mobile,West,1738.49
ORD000860,CUST0070,PROD0061,2022-05-06 09:54:50.338067614,10,31.26,0.1,Pending,Web,West,281.34
ORD000861,CUST0252,PROD0178,2022-05-06 13:24:49.977995600,4,180.75,0.0,Completed,Web,East,723.0
ORD000862,CUST0415,PROD0195,2022-05-06 16:54:49.617923586,3,97.8,0.0,Completed,Web,South,293.4
ORD000863,CUST0275,PROD0062,2022-05-06 20:24:49.257851570,3,327.06,0.1,Completed,Web,North,883.06
ORD000864,CUST0445,PROD0058,2022-05-06 23:54:48.897779556,12,237.49,0.0,Completed,Mobile,South,2849.88
ORD000865,CUST0364,PROD0161,2022-05-07 03:24:48.537707542,5,252.71,0.1,Returned,Web,South,1137.2
ORD000866,CUST0182,PROD0075,2022-05-07 06:54:48.177635528,11,219.57,0.05,Returned,In-Store,South,2294.51
ORD000867,CUST0167,PROD0016,2022-05-07 10:24:47.817563514,14,478.45,0.0,Completed,Mobile,East,6698.3
ORD000868,CUST0091,PROD0082,2022-05-07 13:54:47.457491498,1,115.22,0.05,Completed,Mobile,North,109.46
ORD000869,CUST0202,PROD0094,2022-05-07 17:24:47.097419484,10,263.17,0.1,Completed,Web,West,2368.53
ORD000870,CUST0346,PROD0048,2022-05-07 20:54:46.737347470,3,370.65,0.2,Completed,In-Store,North,889.56
ORD000871,CUST0019,PROD0138,2022-05-08 00:24:46.377275456,14,282.85,0.0,Completed,Mobile,East,3959.9
ORD000872,CUST0039,PROD0082,2022-05-08 03:54:46.017203442,6,465.22,0.05,Completed,In-Store,West,2651.75
ORD000873,CUST0126,PROD0038,2022-05-08 07:24:45.657131426,3,195.2,0.0,Completed,In-Store,East,585.6
ORD000874,CUST0451,PROD0127,2022-05-08 10:54:45.297059412,5,237.2,0.05,Completed,Web,South,1126.7
ORD000875,CUST0173,PROD0019,2022-05-08 14:24:44.936987398,9,53.38,0.15,Completed,Web,East,408.36
ORD000876,CUST0141,PROD0164,2022-05-08 17:54:44.576915384,2,308.41,0.0,Returned,Mobile,West,616.82
ORD000877,CUST0242,PROD0187,2022-05-08 21:24:44.216843370,11,151.22,0.2,Pending,In-Store,International,1330.74
ORD000878,CUST0220,PROD0063,2022-05-09 00:54:43.856771354,2,88.55,0.1,Completed,Mobile,East,159.39
ORD000879,CUST0126,PROD0077,2022-05-09 04:24:43.496699340,12,276.82,0.2,Completed,Web,West,2657.47
ORD000880,CUST0058,PROD0174,2022-05-09 07:54:43.136627326,6,270.83,0.1,Completed,Mobile,North,1462.48
ORD000881,CUST0148,PROD0131,2022-05-09 11:24:42.776555312,6,47.18,0.0,Pending,Web,International,283.08
ORD000882,CUST0476,PROD0102,2022-05-09 14:54:42.416483298,11,352.13,0.0,Completed,Web,International,3873.43
ORD000883,CUST0456,PROD0065,2022-05-09 18:24:42.056411282,11,315.65,0.0,Completed,Web,East,3472.15
ORD000884,CUST0317,PROD0120,2022-05-09 21:54:41.696339268,8,102.62,0.0,Completed,Web,West,820.96
ORD000885,CUST0383,PROD0091,2022-05-10 01:24:41.336267254,12,240.02,0.05,Completed,Web,East,2736.23
ORD000886,CUST0361,PROD0008,2022-05-10 04:54:40.976195240,13,362.96,0.05,Completed,In-Store,South,4482.56
ORD000887,CUST0423,PROD0179,2022-05-10 08:24:40.616123226,11,269.42,0.2,Completed,Mobile,International,2370.9
ORD000888,CUST0001,PROD0073,2022-05-10 11:54:40.256051210,14,203.79,0.05,Completed,In-Store,East,2710.41
ORD000889,CUST0387,PROD0134,2022-05-10 15:24:39.895979196,2,167.95,0.1,Returned,Mobile,East,302.31
ORD000890,CUST0461,PROD0107,2022-05-10 18:54:39.535907182,9,309.09,0.2,Completed,Web,West,2225.45
ORD000891,CUST0348,PROD0089,2022-05-10 22:24:39.175835168,2,470.16,0.15,Completed,Mobile,International,799.27
ORD000892,CUST0190,PROD0039,2022-05-11 01:54:38.815763154,13,339.15,0.0,Completed,In-Store,West,4408.95
ORD000893,CUST0191,PROD0113,2022-05-11 05:24:38.455691138,1,46.63,0.05,Completed,In-Store,North,44.3
ORD000894,CUST0369,PROD0188,2022-05-11 08:54:38.095619124,10,235.74,0.0,Completed,Mobile,East,2357.4
ORD000895,CUST0409,PROD0028,2022-05-11 12:24:37.735547110,2,446.5,0.0,Completed,Web,International,893.0
ORD000896,CUST0312,PROD0097,2022-05-11 15:54:37.375475096,12,56.29,0.0,Completed,Web,East,675.48
ORD000897,CUST0417,PROD0182,2022-05-11 19:24:37.015403082,7,494.55,0.15,Returned,Web,International,2942.57
ORD000898,CUST0422,PROD0037,2022-05-11 22:54:36.655331066,8,475.04,0.05,Completed,In-Store,West,3610.3
ORD000899,CUST0117,PROD0137,2022-05-12 02:24:36.295259052,5,48.35,0.05,Completed,Web,West,229.66
ORD000900,CUST0134,PROD0082,2022-05-12 05:54:35.935187038,6,467.37,0.2,Completed,In-Store,South,2243.38
ORD000901,CUST0058,PROD0056,2022-05-12 09:24:35.575115024,12,187.93,0.0,Completed,Web,South,2255.16
ORD000902,CUST0044,PROD0187,2022-05-12 12:54:35.215043010,1,423.91,0.05,Completed,Mobile,East,402.71
ORD000903,CUST0173,PROD0085,2022-05-12 16:24:34.854970994,6,215.01,0.1,Completed,Web,South,1161.05
ORD000904,CUST0160,PROD0002,2022-05-12 19:54:34.494898980,12,226.02,0.0,Completed,Web,West,2712.24
ORD000905,CUST0173,PROD0189,2022-05-12 23:24:34.134826966,8,320.78,0.1,Completed,Web,West,2309.62
ORD000906,CUST0317,PROD0058,2022-05-13 02:54:33.774754952,13,389.49,0.0,Completed,Mobile,South,5063.37
ORD000907,CUST0303,PROD0107,2022-05-13 06:24:33.414682938,3,26.56,0.15,Completed,Web,West,67.73
ORD000908,CUST0149,PROD0123,2022-05-13 09:54:33.054610922,11,300.65,0.0,Completed,Mobile,East,3307.15
ORD000909,CUST0080,PROD0188,2022-05-13 13:24:32.694538908,1,101.5,0.0,Returned,Web,South,101.5
ORD000910,CUST0374,PROD0168,2022-05-13 16:54:32.334466894,11,179.52,0.05,Completed,Mobile,South,1875.98
ORD000911,CUST0213,PROD0164,2022-05-13 20:24:31.974394880,4,180.5,0.0,Completed,Web,International,722.0
ORD000912,CUST0203,PROD0114,2022-05-13 23:54:31.614322866,1,239.84,0.0,Completed,Mobile,South,239.84
ORD000913,CUST0252,PROD0107,2022-05-14 03:24:31.254250850,14,173.73,0.05,Pending,Web,South,2310.61
ORD000914,CUST0229,PROD0037,2022-05-14 06:54:30.894178836,8,62.61,0.0,Completed,Mobile,South,500.88
ORD000915,CUST0164,PROD0079,2022-05-14 10:24:30.534106822,5,81.36,0.05,Completed,Web,North,386.46
ORD000916,CUST0227,PROD0092,2022-05-14 13:54:30.174034808,1,26.38,0.05,Completed,Mobile,East,25.06
ORD000917,CUST0147,PROD0018,2022-05-14 17:24:29.813962794,14,240.42,0.05,Returned,In-Store,North,3197.59
ORD000918,CUST0020,PROD0098,2022-05-14 20:54:29.453890778,8,477.68,0.1,Completed,Web,West,3439.3
ORD000919,CUST0441,PROD0063,2022-05-15 00:24:29.093818764,9,66.68,0.0,Completed,Web,North,600.12
ORD000920,CUST0402,PROD0150,2022-05-15 03:54:28.733746750,10,473.67,0.0,Completed,Mobile,East,4736.7
ORD000921,CUST0047,PROD0139,2022-05-15 07:24:28.373674736,2,369.35,0.1,Completed,Mobile,North,664.83
ORD000922,CUST0233,PROD0186,2022-05-15 10:54:28.013602722,9,322.37,0.15,Completed,Web,International,2466.13
ORD000923,CUST0305,PROD0185,2022-05-15 14:24:27.653530706,8,326.19,0.0,Returned,Web,East,2609.52
ORD000924,CUST0014,PROD0004,2022-05-15 17:54:27.293458692,7,415.1,0.05,Completed,Web,West,2760.42
ORD000925,CUST0143,PROD0135,2022-05-15 21:24:26.933386678,3,62.39,0.05,Completed,Web,West,177.81
ORD000926,CUST0415,PROD0061,2022-05-16 00:54:26.573314664,2,257.33,0.05,Completed,Web,West,488.93
ORD000927,CUST0001,PROD0107,2022-05-16 04:24:26.213242650,7,351.57,0.1,Completed,Mobile,West,2214.89
ORD000928,CUST0373,PROD0054,2022-05-16 07:54:25.853170634,5,297.54,0.0,Completed,Web,North,1487.7
ORD000929,CUST0054,PROD0088,2022-05-16 11:24:25.493098620,6,418.06,0.1,Completed,Mobile,West,2257.52
ORD000930,CUST0374,PROD0068,2022-05-16 14:54:25.133026606,4,45.41,0.0,Completed,In-Store,South,181.64
ORD000931,CUST0259,PROD0129,2022-05-16 18:24:24.772954592,2,348.44,0.05,Completed,Web,West,662.04
ORD000932,CUST0144,PROD0055,2022-05-16 21:54:24.412882578,9,271.67,0.15,Completed,Mobile,International,2078.28
ORD000933,CUST0471,PROD0003,2022-05-17 01:24:24.052810562,3,195.79,0.05,Completed,In-Store,International,558.0
ORD000934,CUST0441,PROD0166,2022-05-17 04:54:23.692738548,12,176.73,0.0,Returned,Web,North,2120.76
ORD000935,CUST0459,PROD0121,2022-05-17 08:24:23.332666534,14,314.21,0.2,Completed,Web,South,3519.15
ORD000936,CUST0012,PROD0129,2022-05-17 11:54:22.972594520,7,446.59,0.15,Completed,In-Store,South,2657.21
ORD000937,CUST0330,PROD0102,2022-05-17 15:24:22.612522506,14,253.13,0.1,Completed,In-Store,North,3189.44
ORD000938,CUST0224,PROD0038,2022-05-17 18:54:22.252450490,8,414.11,0.05,Completed,Web,North,3147.24
ORD000939,CUST0272,PROD0085,2022-05-17 22:24:21.892378476,2,207.06,0.0,Completed,Web,South,414.12
ORD000940,CUST0456,PROD0157,2022-05-18 01:54:21.532306462,14,60.17,0.2,Pending,Web,International,673.9
ORD000941,CUST0358,PROD0133,2022-05-18 05:24:21.172234448,6,40.14,0.05,Completed,Web,East,228.8
ORD000942,CUST0460,PROD0092,2022-05-18 08:54:20.812162432,11,35.15,0.15,Completed,Web,East,328.65
ORD000943,CUST0408,PROD0021,2022-05-18 12:24:20.452090418,8,196.27,0.0,Completed,Mobile,East,1570.16
ORD000944,CUST0156,PROD0199,2022-05-18 15:54:20.092018404,7,175.25,0.0,Completed,In-Store,West,1226.75
ORD000945,CUST0373,PROD0195,2022-05-18 19:24:19.731946390,11,361.79,0.2,Completed,Web,International,3183.75
ORD000946,CUST0008,PROD0109,2022-05-18 22:54:19.371874376,3,373.98,0.05,Completed,Mobile,East,1065.84
ORD000947,CUST0122,PROD0047,2022-05-19 02:24:19.011802360,1,34.92,0.0,Completed,Web,North,34.92
ORD000948,CUST0348,PROD0084,2022-05-19 05:54:18.651730346,14,118.35,0.0,Completed,Web,East,1656.9
ORD000949,CUST0164,PROD0083,2022-05-19 09:24:18.291658332,6,144.39,0.05,Completed,Mobile,International,823.02
ORD000950,CUST0090,PROD0035,2022-05-19 12:54:17.931586318,8,278.33,0.0,Completed,Web,South,2226.64
ORD000951,CUST0136,PROD0196,2022-05-19 16:24:17.571514304,6,80.81,0.05,Completed,Web,East,460.62
ORD000952,CUST0186,PROD0069,2022-05-19 19:54:17.211442288,5,75.63,0.05,Completed,In-Store,North,359.24
ORD000953,CUST0316,PROD0129,2022-05-19 23:24:16.851370274,11,472.46,0.1,Completed,Web,North,4677.35
ORD000954,CUST0178,PROD0196,2022-05-20 02:54:16.491298260,12,404.06,0.0,Completed,Mobile,International,4848.72
ORD000955,CUST0028,PROD0140,2022-05-20 06:24:16.131226246,8,98.52,0.2,Completed,Web,South,630.53
ORD000956,CUST0220,PROD0188,2022-05-20 09:54:15.771154232,2,209.22,0.0,Returned,Web,South,418.44
ORD000957,CUST0357,PROD0027,2022-05-20 13:24:15.411082216,12,184.25,0.05,Completed,Mobile,South,2100.45
ORD000958,CUST0041,PROD0056,2022-05-20 16:54:15.051010202,1,397.59,0.0,Completed,Mobile,International,397.59
ORD000959,CUST0228,PROD0023,2022-05-20 20:24:14.690938188,1,260.0,0.1,Completed,Web,North,234.0
ORD000960,CUST0192,PROD0153,2022-05-20 23:54:14.330866174,14,72.65,0.2,Completed,Mobile,West,813.68
ORD000961,CUST0411,PROD0021,2022-05-21 03:24:13.970794160,4,372.11,0.15,Completed,In-Store,South,1265.17
ORD000962,CUST0447,PROD0061,2022-05-21 06:54:13.610722144,6,204.48,0.05,Completed,Mobile,West,1165.54
ORD000963,CUST0145,PROD0063,2022-05-21 10:24:13.250650130,13,138.83,0.05,Completed,Web,International,1714.55
ORD000964,CUST0201,PROD0122,2022-05-21 13:54:12.890578116,9,193.99,0.15,Completed,Mobile,South,1484.02
ORD000965,CUST0417,PROD0052,2022-05-21 17:24:12.530506102,1,253.9,0.2,Pending,Mobile,North,203.12
ORD000966,CUST0212,PROD0088,2022-05-21 20:54:12.170434088,12,178.13,0.2,Completed,Mobile,North,1710.05
ORD000967,CUST0461,PROD0153,2022-05-22 00:24:11.810362072,1,128.53,0.0,Completed,Web,West,128.53
ORD000968,CUST0220,PROD0055,2022-05-22 03:54:11.450290058,13,205.27,0.2,Completed,Web,North,2134.81
ORD000969,CUST0240,PROD0046,2022-05-22 07:24:11.090218044,13,19.39,0.0,Completed,Mobile,South,252.07
ORD000970,CUST0413,PROD0032,2022-05-22 10:54:10.730146030,5,388.52,0.0,Completed,Web,North,1942.6
ORD000971,CUST0397,PROD0055,2022-05-22 14:24:10.370074016,10,93.76,0.0,Completed,Mobile,South,937.6
ORD000972,CUST0046,PROD0096,2022-05-22 17:54:10.010002000,5,31.51,0.0,Completed,In-Store,North,157.55
ORD000973,CUST0035,PROD0133,2022-05-22 21:24:09.649929986,5,330.31,0.1,Pending,In-Store,International,1486.4
ORD000974,CUST0253,PROD0036,2022-05-23 00:54:09.289857972,10,389.23,0.15,Completed,Web,International,3308.46
ORD000975,CUST0390,PROD0110,2022-05-23 04:24:08.929785958,6,408.78,0.1,Returned,Web,South,2207.41
ORD000976,CUST0082,PROD0177,2022-05-23 07:54:08.569713944,8,251.82,0.1,Completed,Mobile,East,1813.1
ORD000977,CUST0371,PROD0106,2022-05-23 11:24:08.209641928,3,110.63,0.05,Completed,Mobile,East,315.3
ORD000978,CUST0256,PROD0058,2022-05-23 14:54:07.849569914,9,371.24,0.1,Completed,In-Store,West,3007.04
ORD000979,CUST0197,PROD0039,2022-05-23 18:24:07.489497900,13,352.86,0.0,Completed,Mobile,East,4587.18
ORD000980,CUST0303,PROD0080,2022-05-23 21:54:07.129425886,1,130.67,0.15,Completed,Web,East,111.07
ORD000981,CUST0409,PROD0097,2022-05-24 01:24:06.769353872,4,452.67,0.1,Completed,Mobile,East,1629.61
ORD000982,CUST0450,PROD0113,2022-05-24 04:54:06.409281856,9,61.14,0.1,Completed,Mobile,West,495.23
ORD000983,CUST0010,PROD0061,2022-05-24 08:24:06.049209842,14,491.52,0.05,Completed,Mobile,South,6537.22
ORD000984,CUST0312,PROD0137,2022-05-24 11:54:05.689137828,8,431.52,0.15,Completed,Mobile,South,2934.34
ORD000985,CUST0286,PROD0006,2022-05-24 15:24:05.329065814,10,347.07,0.0,Completed,Web,South,3470.7
ORD000986,CUST0242,PROD0109,2022-05-24 18:54:04.968993800,9,469.99,0.0,Completed,Web,East,4229.91
ORD000987,CUST0251,PROD0035,2022-05-24 22:24:04.608921784,1,363.93,0.1,Completed,Web,South,327.54
ORD000988,CUST0365,PROD0039,2022-05-25 01:54:04.248849770,9,103.32,0.05,Completed,Web,East,883.39
ORD000989,CUST0005,PROD0150,2022-05-25 05:24:03.888777756,3,226.66,0.15,Completed,Web,South,577.98
ORD000990,CUST0119,PROD0169,2022-05-25 08:54:03.528705742,11,45.04,0.0,Completed,Mobile,West,495.44
ORD000991,CUST0289,PROD0118,2022-05-25 12:24:03.168633728,12,200.93,0.0,Completed,Web,North,2411.16
ORD000992,CUST0374,PROD0005,2022-05-25 15:54:02.808561712,10,373.39,0.15,Completed,In-Store,East,3173.81
ORD000993,CUST0065,PROD0170,2022-05-25 19:24:02.448489698,9,199.36,0.05,Completed,Web,East,1704.53
ORD000994,CUST0146,PROD0087,2022-05-25 22:54:02.088417684,1,171.84,0.05,Completed,Web,South,163.25
ORD000995,CUST0224,PROD0076,2022-05-26 02:24:01.728345670,1,301.72,0.0,Completed,Web,South,301.72
ORD000996,CUST0239,PROD0195,2022-05-26 05:54:01.368273656,9,437.38,0.0,Completed,Web,West,3936.42
ORD000997,CUST0177,PROD0158,2022-05-26 09:24:01.008201640,11,33.32,0.1,Completed,In-Store,South,329.87
ORD000998,CUST0267,PROD0057,2022-05-26 12:54:00.648129626,14,198.88,0.0,Completed,Web,International,2784.32
ORD000999,CUST0341,PROD0127,2022-05-26 16:24:00.288057612,6,87.54,0.15,Completed,Web,International,446.45
ORD001000,CUST0282,PROD0029,2022-05-26 19:53:59.927985598,4,350.72,0.1,Completed,In-Store,West,1262.59
ORD001001,CUST0063,PROD0165,2022-05-26 23:23:59.567913584,7,61.81,0.0,Returned,Web,West,432.67
ORD001002,CUST0217,PROD0087,2022-05-27 02:53:59.207841568,5,335.76,0.1,Completed,Web,East,1510.92
ORD001003,CUST0342,PROD0141,2022-05-27 06:23:58.847769554,10,150.23,0.1,Completed,Web,East,1352.07
ORD001004,CUST0315,PROD0160,2022-05-27 09:53:58.487697540,14,107.47,0.0,Completed,Web,International,1504.58
ORD001005,CUST0283,PROD0046,2022-05-27 13:23:58.127625526,7,468.81,0.0,Completed,Web,South,3281.67
ORD001006,CUST0177,PROD0116,2022-05-27 16:53:57.767553512,8,19.08,0.05,Completed,Web,North,145.01
ORD001007,CUST0461,PROD0112,2022-05-27 20:23:57.407481496,8,224.51,0.1,Completed,Mobile,South,1616.47
ORD001008,CUST0417,PROD0151,2022-05-27 23:53:57.047409482,1,20.6,0.1,Completed,In-Store,East,18.54
ORD001009,CUST0098,PROD0045,2022-05-28 03:23:56.687337468,8,246.96,0.05,Completed,Web,North,1876.9
ORD001010,CUST0105,PROD0145,2022-05-28 06:53:56.327265454,6,255.51,0.1,Returned,Web,International,1379.75
ORD001011,CUST0099,PROD0104,2022-05-28 10:23:55.967193440,4,167.61,0.1,Completed,Web,South,603.4
ORD001012,CUST0385,PROD0085,2022-05-28 13:53:55.607121424,13,74.76,0.1,Completed,Mobile,West,874.69
ORD001013,CUST0405,PROD0194,2022-05-28 17:23:55.247049410,14,194.43,0.1,Completed,Web,North,2449.82
ORD001014,CUST0496,PROD0134,2022-05-28 20:53:54.886977396,12,339.41,0.0,Returned,Mobile,South,4072.92
ORD001015,CUST0311,PROD0108,2022-05-29 00:23:54.526905382,8,393.37,0.15,Completed,Mobile,North,2674.92
ORD001016,CUST0006,PROD0018,2022-05-29 03:53:54.166833368,3,270.07,0.1,Completed,Web,South,729.19
ORD001017,CUST0476,PROD0094,2022-05-29 07:23:53.806761352,13,299.02,0.15,Completed,Mobile,East,3304.17
ORD001018,CUST0465,PROD0150,2022-05-29 10:53:53.446689338,4,108.3,0.05,Completed,Web,International,411.54
ORD001019,CUST0197,PROD0033,2022-05-29 14:23:53.086617324,6,150.79,0.0,Completed,Web,South,904.74
ORD001020,CUST0351,PROD0158,2022-05-29 17:53:52.726545310,11,89.33,0.05,Completed,Web,East,933.5
ORD001021,CUST0133,PROD0126,2022-05-29 21:23:52.366473296,7,132.15,0.0,Completed,Web,South,925.05
ORD001022,CUST0358,PROD0160,2022-05-30 00:53:52.006401280,4,120.19,0.1,Completed,Mobile,North,432.68
ORD001023,CUST0259,PROD0170,2022-05-30 04:23:51.646329266,4,264.53,0.05,Completed,Mobile,East,1005.21
ORD001024,CUST0437,PROD0122,2022-05-30 07:53:51.286257252,7,285.72,0.15,Completed,Web,North,1700.03
ORD001025,CUST0023,PROD0138,2022-05-30 11:23:50.926185238,6,473.02,0.1,Completed,In-Store,International,2554.31
ORD001026,CUST0485,PROD0115,2022-05-30 14:53:50.566113224,13,105.83,0.1,Completed,Web,West,1238.21
ORD001027,CUST0053,PROD0164,2022-05-30 18:23:50.206041208,11,324.42,0.0,Completed,Web,South,3568.62
ORD001028,CUST0165,PROD0162,2022-05-30 21:53:49.845969194,8,410.46,0.2,Completed,Web,East,2626.94
ORD001029,CUST0202,PROD0028,2022-05-31 01:23:49.485897180,1,284.52,0.15,Pending,Mobile,North,241.84
ORD001030,CUST0458,PROD0011,2022-05-31 04:53:49.125825166,10,134.95,0.1,Completed,In-Store,West,1214.55
ORD001031,CUST0083,PROD0167,2022-05-31 08:23:48.765753152,13,138.65,0.0,Completed,Mobile,West,1802.45
ORD001032,CUST0145,PROD0047,2022-05-31 11:53:48.405681136,11,29.23,0.05,Completed,In-Store,West,305.45
ORD001033,CUST0085,PROD0127,2022-05-31 15:23:48.045609122,7,159.67,0.0,Completed,Web,South,1117.69
ORD001034,CUST0078,PROD0147,2022-05-31 18:53:47.685537108,12,374.86,0.05,Completed,Web,South,4273.4
ORD001035,CUST0457,PROD0118,2022-05-31 22:23:47.325465094,7,33.28,0.0,Completed,Mobile,East,232.96
ORD001036,CUST0366,PROD0143,2022-06-01 01:53:46.965393080,11,117.45,0.05,Completed,Mobile,International,1227.35
ORD001037,CUST0001,PROD0126,2022-06-01 05:23:46.605321064,7,356.05,0.1,Completed,Web,International,2243.11
ORD001038,CUST0051,PROD0156,2022-06-01 08:53:46.245249050,7,393.5,0.0,Completed,In-Store,South,2754.5
ORD001039,CUST0173,PROD0152,2022-06-01 12:23:45.885177036,10,233.11,0.05,Completed,Web,West,2214.54
ORD001040,CUST0205,PROD0072,2022-06-01 15:53:45.525105022,14,352.06,0.15,Completed,Web,International,4189.51
ORD001041,CUST0260,PROD0107,2022-06-01 19:23:45.165033008,10,200.1,0.0,Completed,Mobile,South,2001.0
ORD001042,CUST0446,PROD0137,2022-06-01 22:53:44.804960992,8,88.36,0.1,Completed,Mobile,West,636.19
ORD001043,CUST0449,PROD0175,2022-06-02 02:23:44.444888978,9,205.09,0.0,Completed,Web,South,1845.81
ORD001044,CUST0369,PROD0033,2022-06-02 05:53:44.084816964,9,294.18,0.0,Completed,Web,South,2647.62
ORD001045,CUST0488,PROD0190,2022-06-02 09:23:43.724744950,2,474.55,0.0,Completed,Web,North,949.1
ORD001046,CUST0288,PROD0019,2022-06-02 12:53:43.364672936,13,43.69,0.1,Completed,Mobile,East,511.17
ORD001047,CUST0034,PROD0195,2022-06-02 16:23:43.004600920,13,258.62,0.05,Completed,Mobile,West,3193.96
ORD001048,CUST0348,PROD0074,2022-06-02 19:53:42.644528906,7,171.17,0.15,Returned,Mobile,East,1018.46
ORD001049,CUST0095,PROD0168,2022-06-02 23:23:42.284456892,7,259.07,0.05,Completed,Web,North,1722.82
ORD001050,CUST0072,PROD0175,2022-06-03 02:53:41.924384878,4,21.75,0.0,Completed,In-Store,South,87.0
ORD001051,CUST0039,PROD0193,2022-06-03 06:23:41.564312864,9,163.38,0.1,Completed,Mobile,East,1323.38
ORD001052,CUST0154,PROD0157,2022-06-03 09:53:41.204240848,8,411.74,0.0,Returned,Web,East,3293.92
ORD001053,CUST0250,PROD0178,2022-06-03 13:23:40.844168834,12,281.43,0.1,Completed,Web,East,3039.44
ORD001054,CUST0162,PROD0098,2022-06-03 16:53:40.484096820,1,230.79,0.0,Completed,Web,North,230.79
ORD001055,CUST0438,PROD0141,2022-06-03 20:23:40.124024806,2,149.91,0.0,Completed,Web,West,299.82
ORD001056,CUST0118,PROD0129,2022-06-03 23:53:39.763952792,13,156.04,0.1,Completed,In-Store,International,1825.67
ORD001057,CUST0259,PROD0162,2022-06-04 03:23:39.403880776,13,197.72,0.2,Completed,Mobile,East,2056.29
ORD001058,CUST0379,PROD0093,2022-06-04 06:53:39.043808762,2,419.43,0.0,Completed,In-Store,West,838.86
ORD001059,CUST0306,PROD0176,2022-06-04 10:23:38.683736748,12,483.93,0.15,Completed,Web,International,4936.09
ORD001060,CUST0268,PROD0048,2022-06-04 13:53:38.323664734,12,224.94,0.0,Completed,Mobile,East,2699.28
ORD001061,CUST0449,PROD0177,2022-06-04 17:23:37.963592720,11,202.74,0.15,Completed,Web,West,1895.62
ORD001062,CUST0054,PROD0064,2022-06-04 20:53:37.603520704,8,424.81,0.1,Completed,Web,West,3058.63
ORD001063,CUST0236,PROD0061,2022-06-05 00:23:37.243448690,1,219.18,0.0,Completed,Mobile,South,219.18
ORD001064,CUST0389,PROD0157,2022-06-05 03:53:36.883376676,4,280.49,0.0,Completed,Web,East,1121.96
ORD001065,CUST0478,PROD0039,2022-06-05 07:23:36.523304662,10,123.16,0.0,Completed,Mobile,West,1231.6
ORD001066,CUST0222,PROD0128,2022-06-05 10:53:36.163232648,12,374.32,0.0,Completed,Mobile,South,4491.84
ORD001067,CUST0251,PROD0088,2022-06-05 14:23:35.803160632,5,270.67,0.0,Completed,Mobile,International,1353.35
ORD001068,CUST0313,PROD0026,2022-06-05 17:53:35.443088618,9,406.43,0.1,Completed,Web,East,3292.08
ORD001069,CUST0401,PROD0017,2022-06-05 21:23:35.083016604,7,392.56,0.2,Completed,Mobile,South,2198.34
ORD001070,CUST0112,PROD0071,2022-06-06 00:53:34.722944590,8,115.35,0.0,Completed,In-Store,East,922.8
ORD001071,CUST0255,PROD0013,2022-06-06 04:23:34.362872576,14,360.66,0.05,Completed,In-Store,South,4796.78
ORD001072,CUST0303,PROD0069,2022-06-06 07:53:34.002800560,11,402.03,0.05,Completed,Mobile,West,4201.21
ORD001073,CUST0407,PROD0026,2022-06-06 11:23:33.642728546,9,179.59,0.2,Pending,Mobile,East,1293.05
ORD001074,CUST0207,PROD0049,2022-06-06 14:53:33.282656532,13,94.58,0.05,Completed,Web,International,1168.06
ORD001075,CUST0229,PROD0195,2022-06-06 18:23:32.922584518,7,11.29,0.05,Completed,Mobile,East,75.08
ORD001076,CUST0341,PROD0007,2022-06-06 21:53:32.562512504,5,230.94,0.05,Completed,Mobile,West,1096.96
ORD001077,CUST0398,PROD0058,2022-06-07 01:23:32.202440488,13,182.69,0.0,Completed,Mobile,International,2374.97
ORD001078,CUST0066,PROD0049,2022-06-07 04:53:31.842368474,5,281.91,0.0,Completed,Mobile,North,1409.55
ORD001079,CUST0075,PROD0103,2022-06-07 08:23:31.482296460,10,102.14,0.05,Completed,Web,West,970.33
ORD001080,CUST0435,PROD0053,2022-06-07 11:53:31.122224446,11,431.24,0.0,Completed,Web,North,4743.64
ORD001081,CUST0103,PROD0193,2022-06-07 15:23:30.762152432,6,136.3,0.05,Completed,Mobile,West,776.91
ORD001082,CUST0422,PROD0062,2022-06-07 18:53:30.402080416,5,120.95,0.0,Completed,Web,East,604.75
ORD001083,CUST0192,PROD0017,2022-06-07 22:23:30.042008402,13,245.55,0.05,Completed,Web,International,3032.54
ORD001084,CUST0252,PROD0171,2022-06-08 01:53:29.681936388,12,254.44,0.0,Completed,Web,International,3053.28
ORD001085,CUST0226,PROD0025,2022-06-08 05:23:29.321864374,11,115.39,0.2,Completed,Web,North,1015.43
ORD001086,CUST0294,PROD0131,2022-06-08 08:53:28.961792360,9,143.21,0.15,Completed,Mobile,North,1095.56
ORD001087,CUST0306,PROD0029,2022-06-08 12:23:28.601720344,3,93.16,0.0,Returned,Mobile,East,279.48
ORD001088,CUST0098,PROD0117,2022-06-08 15:53:28.241648330,3,362.05,0.0,Completed,Web,East,1086.15
ORD001089,CUST0338,PROD0160,2022-06-08 19:23:27.881576316,7,387.34,0.1,Completed,Web,North,2440.24
ORD001090,CUST0286,PROD0026,2022-06-08 22:53:27.521504302,7,236.54,0.0,Completed,Web,North,1655.78
ORD001091,CUST0335,PROD0124,2022-06-09 02:23:27.161432288,6,359.9,0.0,Completed,Web,East,2159.4
ORD001092,CUST0347,PROD0144,2022-06-09 05:53:26.801360272,3,370.61,0.0,Completed,Web,North,1111.83
ORD001093,CUST0435,PROD0025,2022-06-09 09:23:26.441288258,14,77.76,0.2,Completed,In-Store,International,870.91
ORD001094,CUST0447,PROD0054,2022-06-09 12:53:26.081216244,13,483.43,0.15,Completed,Web,West,5341.9
ORD001095,CUST0482,PROD0156,2022-06-09 16:23:25.721144230,7,412.31,0.05,Completed,Mobile,West,2741.86
ORD001096,CUST0308,PROD0073,2022-06-09 19:53:25.361072216,5,110.2,0.05,Completed,In-Store,North,523.45
ORD001097,CUST0249,PROD0120,2022-06-09 23:23:25.001000200,7,101.22,0.2,Completed,In-Store,North,566.83
ORD001098,CUST0166,PROD0056,2022-06-10 02:53:24.640928186,2,71.57,0.2,Completed,Web,East,114.51
ORD001099,CUST0481,PROD0065,2022-06-10 06:23:24.280856172,6,77.81,0.2,Completed,Mobile,International,373.49
ORD001100,CUST0472,PROD0093,2022-06-10 09:53:23.920784158,14,376.6,0.0,Completed,Web,South,5272.4
ORD001101,CUST0335,PROD0086,2022-06-10 13:23:23.560712144,8,240.13,0.0,Completed,Web,South,1921.04
ORD001102,CUST0030,PROD0080,2022-06-10 16:53:23.200640128,1,393.64,0.1,Completed,Web,North,354.28
ORD001103,CUST0247,PROD0169,2022-06-10 20:23:22.840568114,4,375.66,0.05,Completed,Mobile,West,1427.51
ORD001104,CUST0106,PROD0108,2022-06-10 23:53:22.480496100,11,306.26,0.0,Completed,Web,East,3368.86
ORD001105,CUST0051,PROD0179,2022-06-11 03:23:22.120424086,1,346.32,0.0,Completed,Mobile,North,346.32
ORD001106,CUST0081,PROD0118,2022-06-11 06:53:21.760352072,14,18.99,0.15,Completed,Mobile,East,225.98
ORD001107,CUST0133,PROD0199,2022-06-11 10:23:21.400280056,1,162.77,0.15,Completed,In-Store,West,138.35
ORD001108,CUST0285,PROD0157,2022-06-11 13:53:21.040208042,10,322.53,0.0,Completed,Mobile,East,3225.3
ORD001109,CUST0388,PROD0083,2022-06-11 17:23:20.680136028,12,14.58,0.15,Completed,Web,West,148.72
ORD001110,CUST0138,PROD0147,2022-06-11 20:53:20.320064014,14,26.16,0.05,Completed,Web,West,347.93
ORD001111,CUST0184,PROD0194,2022-06-12 00:23:19.959991998,14,427.43,0.15,Completed,Web,West,5086.42
ORD001112,CUST0401,PROD0169,2022-06-12 03:53:19.599919984,11,345.17,0.05,Completed,Mobile,East,3607.03
ORD001113,CUST0330,PROD0173,2022-06-12 07:23:19.239847970,8,140.03,0.0,Returned,Mobile,International,1120.24
ORD001114,CUST0273,PROD0015,2022-06-12 10:53:18.879775956,7,347.1,0.05,Completed,Mobile,International,2308.22
ORD001115,CUST0340,PROD0131,2022-06-12 14:23:18.519703942,12,398.3,0.05,Returned,Web,South,4540.62
ORD001116,CUST0472,PROD0139,2022-06-12 17:53:18.159631926,10,160.33,0.05,Completed,Mobile,North,1523.14
ORD001117,CUST0069,PROD0181,2022-06-12 21:23:17.799559912,13,27.66,0.0,Pending,Mobile,West,359.58
ORD001118,CUST0034,PROD0174,2022-06-13 00:53:17.439487898,1,467.06,0.2,Completed,In-Store,North,373.65
ORD001119,CUST0262,PROD0030,2022-06-13 04:23:17.079415884,11,179.14,0.0,Pending,Mobile,International,1970.54
ORD001120,CUST0053,PROD0057,2022-06-13 07:53:16.719343870,14,62.18,0.0,Completed,Web,North,870.52
ORD001121,CUST0450,PROD0146,2022-06-13 11:23:16.359271854,13,251.01,0.05,Completed,Web,International,3099.97
ORD001122,CUST0205,PROD0179,2022-06-13 14:53:15.999199840,2,386.55,0.05,Completed,Web,East,734.44
ORD001123,CUST0126,PROD0128,2022-06-13 18:23:15.639127826,4,118.61,0.05,Pending,Mobile,West,450.72
ORD001124,CUST0235,PROD0048,2022-06-13 21:53:15.279055812,1,142.05,0.1,Completed,Mobile,South,127.85
ORD001125,CUST0043,PROD0194,2022-06-14 01:23:14.918983798,3,128.93,0.05,Completed,Web,International,367.45
ORD001126,CUST0240,PROD0136,2022-06-14 04:53:14.558911782,8,495.92,0.1,Completed,Web,North,3570.62
ORD001127,CUST0459,PROD0022,2022-06-14 08:23:14.198839768,8,106.73,0.1,Completed,Web,South,768.46
ORD001128,CUST0371,PROD0006,2022-06-14 11:53:13.838767754,8,292.0,0.0,Completed,In-Store,North,2336.0
ORD001129,CUST0111,PROD0185,2022-06-14 15:23:13.478695740,6,463.38,0.05,Completed,Web,International,2641.27
ORD001130,CUST0249,PROD0104,2022-06-14 18:53:13.118623726,6,81.98,0.15,Pending,Web,East,418.1
ORD001131,CUST0151,PROD0036,2022-06-14 22:23:12.758551710,5,485.72,0.0,Returned,Web,West,2428.6
ORD001132,CUST0183,PROD0079,2022-06-15 01:53:12.398479696,13,474.26,0.05,Completed,Web,West,5857.11
ORD001133,CUST0336,PROD0116,2022-06-15 05:23:12.038407682,9,443.44,0.2,Completed,Mobile,International,3192.77
ORD001134,CUST0095,PROD0057,2022-06-15 08:53:11.678335668,4,115.13,0.0,Completed,In-Store,West,460.52
ORD001135,CUST0459,PROD0049,2022-06-15 12:23:11.318263654,10,320.69,0.05,Completed,Web,East,3046.56
ORD001136,CUST0374,PROD0173,2022-06-15 15:53:10.958191638,12,382.84,0.2,Completed,Mobile,West,3675.26
ORD001137,CUST0400,PROD0082,2022-06-15 19:23:10.598119624,12,493.15,0.0,Completed,Web,West,5917.8
ORD001138,CUST0008,PROD0066,2022-06-15 22:53:10.238047610,12,98.41,0.0,Completed,In-Store,North,1180.92
ORD001139,CUST0388,PROD0077,2022-06-16 02:23:09.877975596,7,385.35,0.15,Completed,Web,North,2292.83
ORD001140,CUST0360,PROD0045,2022-06-16 05:53:09.517903582,1,176.01,0.15,Returned,Web,North,149.61
ORD001141,CUST0388,PROD0079,2022-06-16 09:23:09.157831566,9,96.06,0.05,Completed,Mobile,South,821.31
ORD001142,CUST0184,PROD0020,2022-06-16 12:53:08.797759552,7,216.47,0.05,Pending,Web,East,1439.53
ORD001143,CUST0281,PROD0192,2022-06-16 16:23:08.437687538,10,398.98,0.15,Completed,Web,East,3391.33
ORD001144,CUST0195,PROD0123,2022-06-16 19:53:08.077615524,12,237.78,0.1,Completed,Mobile,International,2568.02
ORD001145,CUST0352,PROD0067,2022-06-16 23:23:07.717543510,9,273.39,0.0,Completed,Mobile,South,2460.51
ORD001146,CUST0195,PROD0083,2022-06-17 02:53:07.357471494,7,497.63,0.0,Completed,Web,West,3483.41
ORD001147,CUST0155,PROD0003,2022-06-17 06:23:06.997399480,2,205.56,0.05,Completed,Mobile,East,390.56
ORD001148,CUST0093,PROD0182,2022-06-17 09:53:06.637327466,6,311.55,0.15,Completed,Mobile,North,1588.91
ORD001149,CUST0160,PROD0064,2022-06-17 13:23:06.277255452,10,188.97,0.15,Completed,Mobile,East,1606.24
ORD001150,CUST0434,PROD0040,2022-06-17 16:53:05.917183438,12,202.46,0.2,Completed,Mobile,International,1943.62
ORD001151,CUST0061,PROD0059,2022-06-17 20:23:05.557111422,11,350.86,0.15,Completed,Mobile,North,3280.54
ORD001152,CUST0122,PROD0183,2022-06-17 23:53:05.197039408,4,469.56,0.05,Completed,Web,East,1784.33
ORD001153,CUST0051,PROD0062,2022-06-18 03:23:04.836967394,3,275.76,0.05,Completed,Web,North,785.92
ORD001154,CUST0403,PROD0132,2022-06-18 06:53:04.476895380,2,386.52,0.1,Completed,Web,South,695.74
ORD001155,CUST0277,PROD0060,2022-06-18 10:23:04.116823366,6,53.71,0.1,Completed,Web,East,290.03
ORD001156,CUST0005,PROD0116,2022-06-18 13:53:03.756751350,8,113.47,0.05,Completed,Mobile,West,862.37
ORD001157,CUST0466,PROD0075,2022-06-18 17:23:03.396679336,6,256.04,0.0,Returned,Web,West,1536.24
ORD001158,CUST0092,PROD0122,2022-06-18 20:53:03.036607322,9,19.81,0.2,Completed,Web,East,142.63
ORD001159,CUST0170,PROD0107,2022-06-19 00:23:02.676535308,14,133.9,0.05,Completed,Web,International,1780.87
ORD001160,CUST0317,PROD0096,2022-06-19 03:53:02.316463294,5,263.53,0.0,Completed,Web,South,1317.65
ORD001161,CUST0022,PROD0091,2022-06-19 07:23:01.956391278,2,17.33,0.1,Completed,Mobile,West,31.19
ORD001162,CUST0405,PROD0158,2022-06-19 10:53:01.596319264,8,139.63,0.1,Completed,Web,East,1005.34
ORD001163,CUST0326,PROD0130,2022-06-19 14:23:01.236247250,9,261.88,0.0,Completed,Mobile,International,2356.92
ORD001164,CUST0001,PROD0062,2022-06-19 17:53:00.876175236,14,290.84,0.15,Completed,Web,West,3461.0
ORD001165,CUST0133,PROD0049,2022-06-19 21:23:00.516103222,10,463.62,0.0,Completed,In-Store,International,4636.2
ORD001166,CUST0233,PROD0137,2022-06-20 00:53:00.156031206,4,326.22,0.0,Completed,In-Store,North,1304.88
ORD001167,CUST0012,PROD0092,2022-06-20 04:22:59.795959192,6,213.22,0.05,Completed,Mobile,West,1215.35
ORD001168,CUST0346,PROD0159,2022-06-20 07:52:59.435887178,11,465.87,0.1,Completed,In-Store,West,4612.11
ORD001169,CUST0046,PROD0124,2022-06-20 11:22:59.075815164,10,394.59,0.2,Returned,Mobile,West,3156.72
ORD001170,CUST0034,PROD0061,2022-06-20 14:52:58.715743150,8,108.0,0.15,Completed,In-Store,East,734.4
ORD001171,CUST0433,PROD0048,2022-06-20 18:22:58.355671134,9,74.11,0.2,Completed,Mobile,North,533.59
ORD001172,CUST0078,PROD0153,2022-06-20 21:52:57.995599120,12,341.15,0.0,Completed,In-Store,South,4093.8
ORD001173,CUST0218,PROD0164,2022-06-21 01:22:57.635527106,5,284.34,0.0,Completed,Mobile,South,1421.7
ORD001174,CUST0301,PROD0136,2022-06-21 04:52:57.275455092,12,396.94,0.05,Completed,Mobile,International,4525.12
ORD001175,CUST0411,PROD0058,2022-06-21 08:22:56.915383078,6,372.01,0.0,Completed,Mobile,West,2232.06
ORD001176,CUST0073,PROD0101,2022-06-21 11:52:56.555311062,11,316.35,0.15,Completed,Web,North,2957.87
ORD001177,CUST0282,PROD0112,2022-06-21 15:22:56.195239048,4,493.33,0.1,Completed,Web,International,1775.99
ORD001178,CUST0249,PROD0173,2022-06-21 18:52:55.835167034,5,271.46,0.2,Completed,In-Store,North,1085.84
ORD001179,CUST0047,PROD0062,2022-06-21 22:22:55.475095020,7,65.42,0.0,Completed,Web,South,457.94
ORD001180,CUST0121,PROD0039,2022-06-22 01:52:55.115023006,9,415.85,0.05,Pending,Mobile,North,3555.52
ORD001181,CUST0214,PROD0058,2022-06-22 05:22:54.754950990,10,133.41,0.05,Returned,Web,International,1267.39
ORD001182,CUST0239,PROD0099,2022-06-22 08:52:54.394878976,11,390.88,0.0,Completed,Web,West,4299.68
ORD001183,CUST0056,PROD0192,2022-06-22 12:22:54.034806962,13,478.98,0.05,Completed,In-Store,South,5915.4
ORD001184,CUST0350,PROD0044,2022-06-22 15:52:53.674734948,6,351.43,0.05,Completed,In-Store,West,2003.15
ORD001185,CUST0107,PROD0029,2022-06-22 19:22:53.314662934,14,302.05,0.05,Completed,Mobile,North,4017.26
ORD001186,CUST0319,PROD0059,2022-06-22 22:52:52.954590918,6,235.59,0.0,Returned,Web,South,1413.54
ORD001187,CUST0048,PROD0071,2022-06-23 02:22:52.594518904,8,188.56,0.0,Completed,Web,South,1508.48
ORD001188,CUST0061,PROD0092,2022-06-23 05:52:52.234446890,11,182.97,0.05,Completed,Web,North,1912.04
ORD001189,CUST0337,PROD0009,2022-06-23 09:22:51.874374876,4,321.82,0.0,Completed,Web,International,1287.28
ORD001190,CUST0026,PROD0127,2022-06-23 12:52:51.514302862,3,378.12,0.0,Completed,Web,West,1134.36
ORD001191,CUST0292,PROD0134,2022-06-23 16:22:51.154230846,14,342.47,0.0,Returned,Mobile,South,4794.58
ORD001192,CUST0257,PROD0157,2022-06-23 19:52:50.794158832,7,107.22,0.0,Completed,Web,North,750.54
ORD001193,CUST0008,PROD0186,2022-06-23 23:22:50.434086818,5,252.05,0.0,Completed,Mobile,North,1260.25
ORD001194,CUST0113,PROD0145,2022-06-24 02:52:50.074014804,2,397.9,0.0,Completed,Web,South,795.8
ORD001195,CUST0355,PROD0144,2022-06-24 06:22:49.713942790,2,243.09,0.05,Completed,Web,East,461.87
ORD001196,CUST0253,PROD0131,2022-06-24 09:52:49.353870774,11,272.95,0.1,Completed,Web,South,2702.2
ORD001197,CUST0180,PROD0021,2022-06-24 13:22:48.993798760,6,387.86,0.1,Returned,In-Store,West,2094.44
ORD001198,CUST0207,PROD0064,2022-06-24 16:52:48.633726746,8,334.02,0.15,Completed,Mobile,South,2271.34
ORD001199,CUST0303,PROD0090,2022-06-24 20:22:48.273654732,1,210.58,0.05,Completed,Web,South,200.05
ORD001200,CUST0127,PROD0036,2022-06-24 23:52:47.913582718,11,448.75,0.05,Completed,Mobile,International,4689.44
ORD001201,CUST0056,PROD0062,2022-06-25 03:22:47.553510702,6,89.66,0.15,Completed,In-Store,South,457.27
ORD001202,CUST0214,PROD0170,2022-06-25 06:52:47.193438688,12,497.8,0.05,Pending,Mobile,South,5674.92
ORD001203,CUST0014,PROD0076,2022-06-25 10:22:46.833366674,2,68.24,0.1,Completed,Mobile,South,122.83
ORD001204,CUST0474,PROD0170,2022-06-25 13:52:46.473294660,2,17.33,0.05,Completed,Web,North,32.93
ORD001205,CUST0028,PROD0189,2022-06-25 17:22:46.113222646,7,446.11,0.05,Completed,Mobile,North,2966.63
ORD001206,CUST0471,PROD0013,2022-06-25 20:52:45.753150630,10,130.03,0.1,Completed,Mobile,South,1170.27
ORD001207,CUST0078,PROD0011,2022-06-26 00:22:45.393078616,1,367.55,0.0,Completed,Mobile,International,367.55
ORD001208,CUST0216,PROD0054,2022-06-26 03:52:45.033006602,6,407.4,0.0,Returned,In-Store,West,2444.4
ORD001209,CUST0386,PROD0016,2022-06-26 07:22:44.672934588,14,430.9,0.0,Pending,Web,West,6032.6
ORD001210,CUST0365,PROD0008,2022-06-26 10:52:44.312862574,7,495.88,0.0,Completed,Web,East,3471.16
ORD001211,CUST0154,PROD0104,2022-06-26 14:22:43.952790558,14,154.08,0.0,Completed,In-Store,East,2157.12
ORD001212,CUST0014,PROD0059,2022-06-26 17:52:43.592718544,8,358.02,0.05,Completed,Mobile,South,2720.95
ORD001213,CUST0187,PROD0057,2022-06-26 21:22:43.232646530,7,66.55,0.1,Completed,Web,North,419.26
ORD001214,CUST0312,PROD0040,2022-06-27 00:52:42.872574516,6,209.34,0.1,Completed,Web,South,1130.44
ORD001215,CUST0371,PROD0187,2022-06-27 04:22:42.512502502,9,425.51,0.0,Completed,In-Store,East,3829.59
ORD001216,CUST0007,PROD0130,2022-06-27 07:52:42.152430486,13,190.15,0.2,Completed,Web,North,1977.56
ORD001217,CUST0003,PROD0094,2022-06-27 11:22:41.792358472,3,299.64,0.05,Completed,Web,North,853.97
ORD001218,CUST0111,PROD0138,2022-06-27 14:52:41.432286458,11,256.85,0.0,Completed,Web,South,2825.35
ORD001219,CUST0407,PROD0044,2022-06-27 18:22:41.072214444,6,326.52,0.15,Completed,In-Store,South,1665.25
ORD001220,CUST0238,PROD0139,2022-06-27 21:52:40.712142430,4,486.72,0.1,Completed,In-Store,South,1752.19
ORD001221,CUST0363,PROD0080,2022-06-28 01:22:40.352070414,2,37.31,0.1,Completed,Mobile,North,67.16
ORD001222,CUST0239,PROD0081,2022-06-28 04:52:39.991998400,1,291.24,0.0,Completed,Mobile,North,291.24
ORD001223,CUST0493,PROD0002,2022-06-28 08:22:39.631926386,12,432.88,0.05,Completed,Web,South,4934.83
ORD001224,CUST0274,PROD0178,2022-06-28 11:52:39.271854372,12,245.88,0.15,Completed,Web,North,2507.98
ORD001225,CUST0294,PROD0140,2022-06-28 15:22:38.911782358,14,48.48,0.05,Completed,Mobile,South,644.78
ORD001226,CUST0227,PROD0115,2022-06-28 18:52:38.551710342,1,284.66,0.1,Completed,Web,North,256.19
ORD001227,CUST0371,PROD0090,2022-06-28 22:22:38.191638328,11,172.72,0.05,Returned,Web,West,1804.92
ORD001228,CUST0015,PROD0023,2022-06-29 01:52:37.831566314,10,85.92,0.15,Completed,Mobile,South,730.32
ORD001229,CUST0192,PROD0146,2022-06-29 05:22:37.471494300,3,426.03,0.0,Completed,Web,South,1278.09
ORD001230,CUST0473,PROD0062,2022-06-29 08:52:37.111422286,4,265.58,0.05,Returned,Mobile,North,1009.2
ORD001231,CUST0119,PROD0113,2022-06-29 12:22:36.751350270,2,467.31,0.0,Completed,Mobile,North,934.62
ORD001232,CUST0485,PROD0128,2022-06-29 15:52:36.391278256,13,404.95,0.1,Pending,Mobile,North,4737.92
ORD001233,CUST0028,PROD0062,2022-06-29 19:22:36.031206242,12,349.56,0.1,Completed,Web,International,3775.25
ORD001234,CUST0202,PROD0038,2022-06-29 22:52:35.671134228,11,12.46,0.0,Completed,Web,West,137.06
ORD001235,CUST0039,PROD0195,2022-06-30 02:22:35.311062214,11,219.63,0.1,Completed,Mobile,North,2174.34
ORD001236,CUST0441,PROD0166,2022-06-30 05:52:34.950990198,14,106.77,0.05,Completed,In-Store,East,1420.04
ORD001237,CUST0273,PROD0195,2022-06-30 09:22:34.590918184,11,456.29,0.0,Completed,Web,South,5019.19
ORD001238,CUST0231,PROD0061,2022-06-30 12:52:34.230846170,1,95.55,0.05,Completed,In-Store,North,90.77
ORD001239,CUST0086,PROD0129,2022-06-30 16:22:33.870774156,4,150.17,0.0,Completed,Mobile,West,600.68
ORD001240,CUST0474,PROD0173,2022-06-30 19:52:33.510702142,7,263.25,0.05,Completed,Mobile,North,1750.61
ORD001241,CUST0126,PROD0156,2022-06-30 23:22:33.150630126,10,139.05,0.0,Completed,Web,South,1390.5
ORD001242,CUST0300,PROD0149,2022-07-01 02:52:32.790558112,11,112.83,0.1,Completed,Web,East,1117.02
ORD001243,CUST0025,PROD0122,2022-07-01 06:22:32.430486098,6,303.56,0.1,Completed,Web,East,1639.22
ORD001244,CUST0145,PROD0110,2022-07-01 09:52:32.070414084,6,53.58,0.1,Completed,Web,International,289.33
ORD001245,CUST0013,PROD0013,2022-07-01 13:22:31.710342070,11,38.5,0.0,Completed,In-Store,West,423.5
ORD001246,CUST0212,PROD0155,2022-07-01 16:52:31.350270054,9,192.4,0.2,Completed,Web,West,1385.28
ORD001247,CUST0025,PROD0100,2022-07-01 20:22:30.990198040,14,363.13,0.1,Completed,Mobile,South,4575.44
ORD001248,CUST0068,PROD0135,2022-07-01 23:52:30.630126026,2,281.86,0.0,Completed,Web,North,563.72
ORD001249,CUST0394,PROD0022,2022-07-02 03:22:30.270054012,4,217.21,0.15,Returned,Mobile,West,738.51
ORD001250,CUST0067,PROD0074,2022-07-02 06:52:29.909981998,5,287.22,0.0,Completed,Web,International,1436.1
ORD001251,CUST0233,PROD0181,2022-07-02 10:22:29.549909982,1,189.07,0.05,Completed,Web,South,179.62
ORD001252,CUST0109,PROD0132,2022-07-02 13:52:29.189837968,8,468.71,0.05,Completed,Web,International,3562.2
ORD001253,CUST0146,PROD0023,2022-07-02 17:22:28.829765954,8,36.9,0.05,Completed,Mobile,North,280.44
ORD001254,CUST0111,PROD0119,2022-07-02 20:52:28.469693940,6,339.96,0.15,Completed,Web,South,1733.8
ORD001255,CUST0228,PROD0070,2022-07-03 00:22:28.109621926,12,446.73,0.05,Pending,Web,North,5092.72
ORD001256,CUST0111,PROD0084,2022-07-03 03:52:27.749549910,5,403.9,0.0,Completed,Web,East,2019.5
ORD001257,CUST0470,PROD0101,2022-07-03 07:22:27.389477896,8,100.18,0.2,Completed,In-Store,West,641.15
ORD001258,CUST0034,PROD0084,2022-07-03 10:52:27.029405882,3,155.0,0.2,Completed,Mobile,South,372.0
ORD001259,CUST0111,PROD0161,2022-07-03 14:22:26.669333868,3,361.35,0.1,Completed,Mobile,International,975.65
ORD001260,CUST0264,PROD0028,2022-07-03 17:52:26.309261854,2,51.29,0.05,Completed,Mobile,East,97.45
ORD001261,CUST0424,PROD0136,2022-07-03 21:22:25.949189838,5,407.81,0.0,Completed,Web,East,2039.05
ORD001262,CUST0369,PROD0001,2022-07-04 00:52:25.589117824,3,362.26,0.1,Completed,Mobile,West,978.1
ORD001263,CUST0236,PROD0165,2022-07-04 04:22:25.229045810,3,367.51,0.0,Completed,Web,North,1102.53
ORD001264,CUST0083,PROD0063,2022-07-04 07:52:24.868973796,6,59.12,0.0,Completed,Web,West,354.72
ORD001265,CUST0042,PROD0022,2022-07-04 11:22:24.508901782,8,361.7,0.05,Completed,Mobile,North,2748.92
ORD001266,CUST0425,PROD0070,2022-07-04 14:52:24.148829766,2,343.11,0.0,Completed,Mobile,South,686.22
ORD001267,CUST0101,PROD0125,2022-07-04 18:22:23.788757752,4,417.15,0.0,Returned,Web,East,1668.6
ORD001268,CUST0006,PROD0149,2022-07-04 21:52:23.428685738,11,30.38,0.05,Completed,Web,International,317.47
ORD001269,CUST0180,PROD0096,2022-07-05 01:22:23.068613724,7,21.32,0.0,Completed,Mobile,East,149.24
ORD001270,CUST0282,PROD0163,2022-07-05 04:52:22.708541710,1,192.77,0.0,Completed,Mobile,East,192.77
ORD001271,CUST0320,PROD0079,2022-07-05 08:22:22.348469694,1,82.91,0.0,Completed,Web,West,82.91
ORD001272,CUST0226,PROD0005,2022-07-05 11:52:21.988397680,12,283.61,0.0,Completed,Web,South,3403.32
ORD001273,CUST0443,PROD0060,2022-07-05 15:22:21.628325666,13,459.5,0.1,Completed,In-Store,West,5376.15
ORD001274,CUST0440,PROD0120,2022-07-05 18:52:21.268253652,10,201.83,0.15,Completed,Mobile,South,1715.56
ORD001275,CUST0315,PROD0046,2022-07-05 22:22:20.908181638,7,424.03,0.05,Completed,In-Store,North,2819.8
ORD001276,CUST0365,PROD0178,2022-07-06 01:52:20.548109622,14,10.12,0.05,Completed,Web,South,134.6
ORD001277,CUST0454,PROD0176,2022-07-06 05:22:20.188037608,7,92.57,0.0,Completed,Web,North,647.99
ORD001278,CUST0229,PROD0134,2022-07-06 08:52:19.827965594,1,24.91,0.0,Completed,Web,North,24.91
ORD001279,CUST0377,PROD0056,2022-07-06 12:22:19.467893580,1,170.79,0.0,Completed,Mobile,South,170.79
ORD001280,CUST0289,PROD0110,2022-07-06 15:52:19.107821564,4,455.01,0.05,Completed,Web,North,1729.04
ORD001281,CUST0437,PROD0187,2022-07-06 19:22:18.747749550,5,57.51,0.1,Completed,Web,West,258.8
ORD001282,CUST0150,PROD0157,2022-07-06 22:52:18.387677536,5,307.14,0.1,Completed,Web,East,1382.13
ORD001283,CUST0277,PROD0199,2022-07-07 02:22:18.027605522,4,231.23,0.0,Completed,Mobile,East,924.92
ORD001284,CUST0198,PROD0104,2022-07-07 05:52:17.667533508,8,469.85,0.0,Completed,Web,South,3758.8
ORD001285,CUST0070,PROD0077,2022-07-07 09:22:17.307461492,7,70.03,0.1,Completed,Mobile,West,441.19
ORD001286,CUST0112,PROD0146,2022-07-07 12:52:16.947389478,9,113.89,0.0,Completed,In-Store,North,1025.01
ORD001287,CUST0004,PROD0002,2022-07-07 16:22:16.587317464,7,24.48,0.1,Completed,Mobile,East,154.22
ORD001288,CUST0350,PROD0008,2022-07-07 19:52:16.227245450,10,222.63,0.05,Returned,Web,South,2114.98
ORD001289,CUST0331,PROD0075,2022-07-07 23:22:15.867173436,1,146.14,0.1,Completed,In-Store,East,131.53
ORD001290,CUST0446,PROD0182,2022-07-08 02:52:15.507101420,13,436.25,0.2,Completed,Web,South,4537.0
ORD001291,CUST0318,PROD0125,2022-07-08 06:22:15.147029406,14,306.42,0.2,Completed,Web,West,3431.9
ORD001292,CUST0350,PROD0038,2022-07-08 09:52:14.786957392,7,310.9,0.05,Completed,In-Store,International,2067.48
ORD001293,CUST0095,PROD0176,2022-07-08 13:22:14.426885378,1,270.64,0.05,Completed,Web,West,257.11
ORD001294,CUST0152,PROD0027,2022-07-08 16:52:14.066813364,7,55.01,0.0,Completed,Mobile,North,385.07
ORD001295,CUST0311,PROD0020,2022-07-08 20:22:13.706741348,10,228.06,0.2,Returned,Web,South,1824.48
ORD001296,CUST0137,PROD0140,2022-07-08 23:52:13.346669334,8,499.76,0.05,Completed,Mobile,International,3798.18
ORD001297,CUST0247,PROD0043,2022-07-09 03:22:12.986597320,11,419.26,0.0,Returned,Mobile,South,4611.86
ORD001298,CUST0387,PROD0189,2022-07-09 06:52:12.626525306,9,447.79,0.05,Returned,Web,International,3828.6
ORD001299,CUST0243,PROD0031,2022-07-09 10:22:12.266453292,12,413.38,0.0,Completed,Mobile,South,4960.56
ORD001300,CUST0031,PROD0091,2022-07-09 13:52:11.906381276,3,60.49,0.05,Completed,Mobile,International,172.4
ORD001301,CUST0040,PROD0061,2022-07-09 17:22:11.546309262,4,121.45,0.05,Completed,Web,International,461.51
ORD001302,CUST0229,PROD0195,2022-07-09 20:52:11.186237248,4,11.53,0.0,Completed,Web,West,46.12
ORD001303,CUST0036,PROD0109,2022-07-10 00:22:10.826165234,12,158.72,0.0,Completed,Web,North,1904.64
ORD001304,CUST0408,PROD0091,2022-07-10 03:52:10.466093220,9,63.22,0.2,Completed,Mobile,South,455.18
ORD001305,CUST0223,PROD0163,2022-07-10 07:22:10.106021204,13,241.67,0.1,Completed,Mobile,International,2827.54
ORD001306,CUST0006,PROD0095,2022-07-10 10:52:09.745949190,7,341.79,0.15,Completed,In-Store,International,2033.65
ORD001307,CUST0322,PROD0143,2022-07-10 14:22:09.385877176,3,438.51,0.0,Completed,Web,North,1315.53
ORD001308,CUST0468,PROD0144,2022-07-10 17:52:09.025805162,10,377.12,0.1,Completed,Web,South,3394.08
ORD001309,CUST0220,PROD0013,2022-07-10 21:22:08.665733148,5,469.91,0.05,Completed,Web,West,2232.07
ORD001310,CUST0075,PROD0113,2022-07-11 00:52:08.305661132,7,36.41,0.0,Completed,Web,East,254.87
ORD001311,CUST0004,PROD0035,2022-07-11 04:22:07.945589118,8,15.97,0.0,Pending,Mobile,West,127.76
ORD001312,CUST0335,PROD0187,2022-07-11 07:52:07.585517104,1,334.06,0.0,Completed,In-Store,West,334.06
ORD001313,CUST0134,PROD0149,2022-07-11 11:22:07.225445090,12,151.78,0.0,Completed,Web,International,1821.36
ORD001314,CUST0118,PROD0182,2022-07-11 14:52:06.865373076,2,134.22,0.2,Completed,In-Store,North,214.75
ORD001315,CUST0369,PROD0158,2022-07-11 18:22:06.505301060,7,172.13,0.0,Completed,Web,North,1204.91
ORD001316,CUST0094,PROD0048,2022-07-11 21:52:06.145229046,11,142.2,0.05,Completed,In-Store,North,1485.99
ORD001317,CUST0486,PROD0035,2022-07-12 01:22:05.785157032,13,260.6,0.05,Completed,Web,International,3218.41
ORD001318,CUST0435,PROD0086,2022-07-12 04:52:05.425085018,14,225.67,0.0,Completed,In-Store,East,3159.38
ORD001319,CUST0062,PROD0166,2022-07-12 08:22:05.065013004,13,261.09,0.05,Completed,Web,North,3224.46
ORD001320,CUST0441,PROD0159,2022-07-12 11:52:04.704940988,2,339.63,0.0,Returned,In-Store,South,679.26
ORD001321,CUST0194,PROD0152,2022-07-12 15:22:04.344868974,7,199.69,0.1,Completed,Web,South,1258.05
ORD001322,CUST0335,PROD0114,2022-07-12 18:52:03.984796960,9,133.14,0.0,Completed,Web,West,1198.26
ORD001323,CUST0203,PROD0177,2022-07-12 22:22:03.624724946,11,91.44,0.05,Completed,Web,West,955.55
ORD001324,CUST0392,PROD0100,2022-07-13 01:52:03.264652932,2,181.24,0.1,Pending,Web,West,326.23
ORD001325,CUST0026,PROD0160,2022-07-13 05:22:02.904580916,7,373.49,0.15,Completed,Mobile,North,2222.27
ORD001326,CUST0435,PROD0183,2022-07-13 08:52:02.544508902,4,380.79,0.15,Completed,In-Store,International,1294.69
ORD001327,CUST0173,PROD0186,2022-07-13 12:22:02.184436888,11,336.78,0.1,Completed,Mobile,North,3334.12
ORD001328,CUST0300,PROD0099,2022-07-13 15:52:01.824364874,13,124.67,0.0,Completed,Mobile,East,1620.71
ORD001329,CUST0133,PROD0003,2022-07-13 19:22:01.464292860,2,298.16,0.05,Completed,Web,North,566.5
ORD001330,CUST0326,PROD0197,2022-07-13 22:52:01.104220844,13,289.64,0.1,Completed,Mobile,North,3388.79
ORD001331,CUST0410,PROD0085,2022-07-14 02:22:00.744148830,7,247.29,0.15,Completed,Web,North,1471.38
ORD001332,CUST0118,PROD0125,2022-07-14 05:52:00.384076816,13,279.49,0.0,Returned,In-Store,East,3633.37
ORD001333,CUST0324,PROD0138,2022-07-14 09:22:00.024004802,5,250.98,0.0,Completed,Web,East,1254.9
ORD001334,CUST0275,PROD0083,2022-07-14 12:51:59.663932788,1,287.07,0.1,Completed,Mobile,North,258.36
ORD001335,CUST0212,PROD0025,2022-07-14 16:21:59.303860772,5,360.6,0.05,Completed,Web,South,1712.85
ORD001336,CUST0225,PROD0068,2022-07-14 19:51:58.943788758,12,63.72,0.0,Completed,Web,International,764.64
ORD001337,CUST0020,PROD0061,2022-07-14 23:21:58.583716744,12,377.32,0.05,Completed,Web,North,4301.45
ORD001338,CUST0113,PROD0029,2022-07-15 02:51:58.223644730,3,76.58,0.1,Completed,Web,North,206.77
ORD001339,CUST0140,PROD0127,2022-07-15 06:21:57.863572716,7,42.65,0.2,Completed,Web,South,238.84
ORD001340,CUST0047,PROD0019,2022-07-15 09:51:57.503500700,6,488.28,0.05,Completed,Web,West,2783.2
ORD001341,CUST0001,PROD0171,2022-07-15 13:21:57.143428686,8,478.93,0.0,Completed,Mobile,South,3831.44
ORD001342,CUST0090,PROD0194,2022-07-15 16:51:56.783356672,13,39.61,0.0,Completed,Web,International,514.93
ORD001343,CUST0142,PROD0074,2022-07-15 20:21:56.423284658,5,227.19,0.0,Completed,In-Store,South,1135.95
ORD001344,CUST0320,PROD0061,2022-07-15 23:51:56.063212644,2,101.26,0.05,Completed,Web,South,192.39
ORD001345,CUST0038,PROD0171,2022-07-16 03:21:55.703140628,9,247.82,0.05,Completed,Web,North,2118.86
ORD001346,CUST0293,PROD0153,2022-07-16 06:51:55.343068614,14,416.79,0.0,Completed,Mobile,West,5835.06
ORD001347,CUST0382,PROD0020,2022-07-16 10:21:54.982996600,11,475.8,0.1,Completed,Mobile,North,4710.42
ORD001348,CUST0139,PROD0048,2022-07-16 13:51:54.622924586,8,320.78,0.1,Completed,Web,East,2309.62
ORD001349,CUST0356,PROD0087,2022-07-16 17:21:54.262852572,6,183.41,0.0,Returned,Mobile,North,1100.46
ORD001350,CUST0333,PROD0152,2022-07-16 20:51:53.902780556,13,305.63,0.0,Completed,Web,South,3973.19
ORD001351,CUST0491,PROD0139,2022-07-17 00:21:53.542708542,10,162.88,0.2,Completed,Mobile,International,1303.04
ORD001352,CUST0259,PROD0110,2022-07-17 03:51:53.182636528,7,455.81,0.0,Completed,Mobile,West,3190.67
ORD001353,CUST0161,PROD0183,2022-07-17 07:21:52.822564514,9,436.5,0.1,Completed,Web,North,3535.65
ORD001354,CUST0390,PROD0028,2022-07-17 10:51:52.462492500,7,283.53,0.05,Returned,Mobile,East,1885.47
ORD001355,CUST0178,PROD0197,2022-07-17 14:21:52.102420484,3,169.15,0.1,Completed,Mobile,East,456.71
ORD001356,CUST0010,PROD0191,2022-07-17 17:51:51.742348470,6,153.76,0.1,Completed,Web,North,830.3
ORD001357,CUST0261,PROD0059,2022-07-17 21:21:51.382276456,11,26.37,0.1,Completed,Mobile,East,261.06
ORD001358,CUST0407,PROD0133,2022-07-18 00:51:51.022204442,13,409.75,0.15,Returned,In-Store,South,4527.74
ORD001359,CUST0138,PROD0051,2022-07-18 04:21:50.662132428,11,230.69,0.2,Completed,Mobile,East,2030.07
ORD001360,CUST0172,PROD0149,2022-07-18 07:51:50.302060412,7,169.32,0.05,Completed,Web,West,1125.98
ORD001361,CUST0386,PROD0012,2022-07-18 11:21:49.941988398,2,240.84,0.0,Completed,In-Store,North,481.68
ORD001362,CUST0013,PROD0050,2022-07-18 14:51:49.581916384,3,411.18,0.0,Completed,Web,North,1233.54
ORD001363,CUST0168,PROD0132,2022-07-18 18:21:49.221844370,4,71.06,0.1,Returned,Web,South,255.82
ORD001364,CUST0130,PROD0113,2022-07-18 21:51:48.861772356,10,430.25,0.1,Completed,Web,International,3872.25
ORD001365,CUST0084,PROD0170,2022-07-19 01:21:48.501700340,6,449.78,0.0,Completed,Mobile,West,2698.68
ORD001366,CUST0321,PROD0166,2022-07-19 04:51:48.141628326,1,473.89,0.0,Completed,In-Store,North,473.89
ORD001367,CUST0319,PROD0153,2022-07-19 08:21:47.781556312,9,204.77,0.1,Completed,Mobile,South,1658.64
ORD001368,CUST0101,PROD0014,2022-07-19 11:51:47.421484298,5,116.4,0.0,Completed,In-Store,South,582.0
ORD001369,CUST0329,PROD0032,2022-07-19 15:21:47.061412284,13,193.08,0.05,Completed,Web,East,2384.54
ORD001370,CUST0273,PROD0139,2022-07-19 18:51:46.701340268,12,173.13,0.1,Completed,Web,East,1869.8
ORD001371,CUST0265,PROD0189,2022-07-19 22:21:46.341268254,14,96.32,0.05,Completed,Mobile,International,1281.06
ORD001372,CUST0459,PROD0146,2022-07-20 01:51:45.981196240,7,307.56,0.0,Completed,In-Store,North,2152.92
ORD001373,CUST0399,PROD0155,2022-07-20 05:21:45.621124226,9,243.55,0.0,Completed,Mobile,East,2191.95
ORD001374,CUST0408,PROD0055,2022-07-20 08:51:45.261052212,9,434.19,0.0,Completed,Web,West,3907.71
ORD001375,CUST0038,PROD0182,2022-07-20 12:21:44.900980196,1,25.73,0.0,Pending,Web,West,25.73
ORD001376,CUST0419,PROD0120,2022-07-20 15:51:44.540908182,1,325.5,0.05,Completed,Web,South,309.22
ORD001377,CUST0094,PROD0075,2022-07-20 19:21:44.180836168,3,383.84,0.05,Completed,Web,West,1093.94
ORD001378,CUST0095,PROD0021,2022-07-20 22:51:43.820764154,6,382.15,0.0,Completed,Web,South,2292.9
ORD001379,CUST0305,PROD0172,2022-07-21 02:21:43.460692140,2,444.18,0.0,Completed,In-Store,South,888.36
ORD001380,CUST0069,PROD0133,2022-07-21 05:51:43.100620124,10,367.23,0.0,Completed,Mobile,International,3672.3
ORD001381,CUST0318,PROD0087,2022-07-21 09:21:42.740548110,12,464.63,0.2,Completed,Mobile,International,4460.45
ORD001382,CUST0444,PROD0169,2022-07-21 12:51:42.380476096,11,173.0,0.05,Completed,Web,West,1807.85
ORD001383,CUST0236,PROD0059,2022-07-21 16:21:42.020404082,1,256.57,0.15,Completed,Web,South,218.08
ORD001384,CUST0434,PROD0089,2022-07-21 19:51:41.660332068,1,16.9,0.15,Returned,Mobile,West,14.36
ORD001385,CUST0334,PROD0182,2022-07-21 23:21:41.300260052,13,13.41,0.05,Completed,In-Store,North,165.61
ORD001386,CUST0373,PROD0150,2022-07-22 02:51:40.940188038,5,127.66,0.1,Pending,Mobile,North,574.47
ORD001387,CUST0376,PROD0083,2022-07-22 06:21:40.580116024,4,59.4,0.0,Completed,In-Store,West,237.6
ORD001388,CUST0459,PROD0065,2022-07-22 09:51:40.220044010,1,137.5,0.1,Completed,Mobile,South,123.75
ORD001389,CUST0137,PROD0064,2022-07-22 13:21:39.859971996,4,96.75,0.0,Completed,Web,International,387.0
ORD001390,CUST0418,PROD0071,2022-07-22 16:51:39.499899980,3,23.97,0.15,Completed,Web,South,61.12
ORD001391,CUST0076,PROD0004,2022-07-22 20:21:39.139827966,2,455.56,0.0,Completed,Mobile,South,911.12
ORD001392,CUST0483,PROD0193,2022-07-22 23:51:38.779755952,9,14.03,0.1,Completed,Web,West,113.64
ORD001393,CUST0035,PROD0143,2022-07-23 03:21:38.419683938,14,370.68,0.0,Completed,Web,West,5189.52
ORD001394,CUST0001,PROD0104,2022-07-23 06:51:38.059611924,11,84.55,0.15,Completed,Web,East,790.54
ORD001395,CUST0296,PROD0150,2022-07-23 10:21:37.699539908,1,456.99,0.0,Completed,Web,North,456.99
ORD001396,CUST0320,PROD0175,2022-07-23 13:51:37.339467894,7,447.47,0.1,Completed,In-Store,West,2819.06
ORD001397,CUST0406,PROD0093,2022-07-23 17:21:36.979395880,14,330.41,0.05,Completed,Web,South,4394.45
ORD001398,CUST0060,PROD0174,2022-07-23 20:51:36.619323866,13,339.39,0.0,Completed,Web,North,4412.07
ORD001399,CUST0320,PROD0142,2022-07-24 00:21:36.259251852,4,12.62,0.1,Completed,Mobile,East,45.43
ORD001400,CUST0349,PROD0178,2022-07-24 03:51:35.899179836,5,492.59,0.2,Completed,Mobile,North,1970.36
ORD001401,CUST0328,PROD0148,2022-07-24 07:21:35.539107822,10,440.14,0.0,Completed,Mobile,International,4401.4
ORD001402,CUST0267,PROD0178,2022-07-24 10:51:35.179035808,5,448.6,0.2,Completed,In-Store,East,1794.4
ORD001403,CUST0361,PROD0112,2022-07-24 14:21:34.818963794,1,333.03,0.1,Completed,Mobile,International,299.73
ORD001404,CUST0229,PROD0161,2022-07-24 17:51:34.458891780,6,178.95,0.15,Completed,Mobile,South,912.64
ORD001405,CUST0270,PROD0119,2022-07-24 21:21:34.098819764,13,447.89,0.0,Completed,Web,International,5822.57
ORD001406,CUST0316,PROD0059,2022-07-25 00:51:33.738747750,9,152.84,0.05,Completed,Web,North,1306.78
ORD001407,CUST0286,PROD0043,2022-07-25 04:21:33.378675736,2,285.73,0.15,Returned,Mobile,North,485.74
ORD001408,CUST0291,PROD0012,2022-07-25 07:51:33.018603722,7,58.87,0.05,Completed,Mobile,North,391.49
ORD001409,CUST0213,PROD0040,2022-07-25 11:21:32.658531708,6,461.76,0.05,Completed,In-Store,East,2632.03
ORD001410,CUST0165,PROD0118,2022-07-25 14:51:32.298459692,5,78.98,0.0,Completed,Mobile,North,394.9
ORD001411,CUST0005,PROD0020,2022-07-25 18:21:31.938387678,4,120.2,0.0,Completed,Mobile,East,480.8
ORD001412,CUST0339,PROD0166,2022-07-25 21:51:31.578315664,4,283.49,0.1,Completed,Web,South,1020.56
ORD001413,CUST0379,PROD0131,2022-07-26 01:21:31.218243650,6,384.41,0.1,Completed,Web,South,2075.81
ORD001414,CUST0078,PROD0156,2022-07-26 04:51:30.858171636,4,313.48,0.05,Completed,Web,East,1191.22
ORD001415,CUST0410,PROD0184,2022-07-26 08:21:30.498099620,5,123.75,0.0,Completed,Web,North,618.75
ORD001416,CUST0062,PROD0090,2022-07-26 11:51:30.138027606,13,10.46,0.05,Completed,Web,West,129.18
ORD001417,CUST0132,PROD0094,2022-07-26 15:21:29.777955592,6,381.0,0.0,Completed,Web,East,2286.0
ORD001418,CUST0089,PROD0013,2022-07-26 18:51:29.417883578,5,492.75,0.05,Returned,Mobile,International,2340.56
ORD001419,CUST0237,PROD0066,2022-07-26 22:21:29.057811564,7,406.86,0.15,Completed,Mobile,South,2420.82
ORD001420,CUST0042,PROD0037,2022-07-27 01:51:28.697739548,9,235.5,0.1,Completed,Mobile,International,1907.55
ORD001421,CUST0089,PROD0177,2022-07-27 05:21:28.337667534,10,452.85,0.0,Completed,Web,East,4528.5
ORD001422,CUST0402,PROD0066,2022-07-27 08:51:27.977595520,7,210.83,0.15,Completed,Web,International,1254.44
ORD001423,CUST0296,PROD0036,2022-07-27 12:21:27.617523506,7,267.22,0.05,Completed,In-Store,North,1777.01
ORD001424,CUST0328,PROD0182,2022-07-27 15:51:27.257451492,4,243.79,0.1,Pending,Web,West,877.64
ORD001425,CUST0295,PROD0026,2022-07-27 19:21:26.897379476,1,229.34,0.0,Completed,In-Store,West,229.34
ORD001426,CUST0104,PROD0075,2022-07-27 22:51:26.537307462,14,389.84,0.1,Completed,Web,North,4911.98
ORD001427,CUST0014,PROD0108,2022-07-28 02:21:26.177235448,8,268.12,0.0,Returned,Mobile,East,2144.96
ORD001428,CUST0288,PROD0168,2022-07-28 05:51:25.817163434,4,165.19,0.05,Completed,Web,West,627.72
ORD001429,CUST0179,PROD0043,2022-07-28 09:21:25.457091420,1,136.5,0.0,Completed,Web,East,136.5
ORD001430,CUST0125,PROD0150,2022-07-28 12:51:25.097019404,5,28.5,0.0,Completed,Web,North,142.5
ORD001431,CUST0422,PROD0148,2022-07-28 16:21:24.736947392,14,295.77,0.0,Completed,Mobile,West,4140.78
ORD001432,CUST0353,PROD0008,2022-07-28 19:51:24.376875376,14,122.68,0.0,Completed,Web,North,1717.52
ORD001433,CUST0023,PROD0029,2022-07-28 23:21:24.016803360,8,82.59,0.0,Returned,Mobile,West,660.72
ORD001434,CUST0063,PROD0040,2022-07-29 02:51:23.656731348,4,330.38,0.1,Completed,Web,North,1189.37
ORD001435,CUST0143,PROD0158,2022-07-29 06:21:23.296659332,13,343.79,0.0,Completed,Web,North,4469.27
ORD001436,CUST0481,PROD0128,2022-07-29 09:51:22.936587320,12,378.56,0.1,Completed,In-Store,South,4088.45
ORD001437,CUST0153,PROD0084,2022-07-29 13:21:22.576515304,8,256.75,0.0,Completed,In-Store,East,2054.0
ORD001438,CUST0145,PROD0116,2022-07-29 16:51:22.216443288,8,448.09,0.2,Completed,Mobile,International,2867.78
ORD001439,CUST0225,PROD0183,2022-07-29 20:21:21.856371276,3,468.81,0.2,Completed,Web,North,1125.14
ORD001440,CUST0495,PROD0144,2022-07-29 23:51:21.496299260,9,405.61,0.0,Completed,Web,North,3650.49
ORD001441,CUST0450,PROD0174,2022-07-30 03:21:21.136227248,3,321.44,0.1,Completed,In-Store,South,867.89
ORD001442,CUST0462,PROD0062,2022-07-30 06:51:20.776155232,1,158.82,0.0,Completed,Web,West,158.82
ORD001443,CUST0309,PROD0007,2022-07-30 10:21:20.416083216,2,491.64,0.2,Completed,Mobile,East,786.62
ORD001444,CUST0104,PROD0045,2022-07-30 13:51:20.056011204,6,144.33,0.05,Completed,Web,South,822.68
ORD001445,CUST0104,PROD0187,2022-07-30 17:21:19.695939188,12,109.3,0.0,Completed,In-Store,East,1311.6
ORD001446,CUST0435,PROD0184,2022-07-30 20:51:19.335867176,10,226.66,0.0,Completed,Web,South,2266.6
ORD001447,CUST0039,PROD0176,2022-07-31 00:21:18.975795160,2,37.85,0.0,Completed,Web,South,75.7
ORD001448,CUST0435,PROD0155,2022-07-31 03:51:18.615723144,6,489.46,0.0,Completed,Mobile,South,2936.76
ORD001449,CUST0198,PROD0181,2022-07-31 07:21:18.255651132,14,298.33,0.1,Completed,In-Store,West,3758.96
ORD001450,CUST0134,PROD0088,2022-07-31 10:51:17.895579116,1,282.91,0.05,Completed,In-Store,International,268.76
ORD001451,CUST0067,PROD0073,2022-07-31 14:21:17.535507104,11,331.34,0.0,Completed,Mobile,West,3644.74
ORD001452,CUST0391,PROD0163,2022-07-31 17:51:17.175435088,13,253.54,0.0,Completed,Mobile,South,3296.02
ORD001453,CUST0179,PROD0179,2022-07-31 21:21:16.815363072,1,25.71,0.0,Completed,Mobile,East,25.71
ORD001454,CUST0456,PROD0037,2022-08-01 00:51:16.455291060,5,310.03,0.0,Completed,Mobile,North,1550.15
ORD001455,CUST0042,PROD0119,2022-08-01 04:21:16.095219044,10,360.93,0.15,Completed,In-Store,West,3067.9
ORD001456,CUST0448,PROD0057,2022-08-01 07:51:15.735147032,13,214.21,0.0,Completed,Web,East,2784.73
ORD001457,CUST0015,PROD0008,2022-08-01 11:21:15.375075016,11,381.07,0.05,Completed,Mobile,International,3982.18
ORD001458,CUST0111,PROD0095,2022-08-01 14:51:15.015003000,9,121.23,0.0,Completed,Mobile,North,1091.07
ORD001459,CUST0157,PROD0117,2022-08-01 18:21:14.654930988,14,118.43,0.0,Completed,Mobile,West,1658.02
ORD001460,CUST0289,PROD0110,2022-08-01 21:51:14.294858972,8,89.09,0.1,Completed,In-Store,West,641.45
ORD001461,CUST0478,PROD0020,2022-08-02 01:21:13.934786960,3,192.28,0.05,Completed,Web,South,548.0
ORD001462,CUST0231,PROD0124,2022-08-02 04:51:13.574714944,3,425.04,0.05,Completed,Web,West,1211.36
ORD001463,CUST0411,PROD0053,2022-08-02 08:21:13.214642928,1,415.68,0.05,Completed,Web,International,394.9
ORD001464,CUST0420,PROD0119,2022-08-02 11:51:12.854570916,14,197.58,0.05,Completed,Web,International,2627.81
ORD001465,CUST0157,PROD0012,2022-08-02 15:21:12.494498900,3,298.67,0.0,Completed,Web,West,896.01
ORD001466,CUST0038,PROD0177,2022-08-02 18:51:12.134426888,14,363.2,0.05,Completed,In-Store,North,4830.56
ORD001467,CUST0441,PROD0017,2022-08-02 22:21:11.774354872,12,128.19,0.1,Returned,Mobile,International,1384.45
ORD001468,CUST0097,PROD0064,2022-08-03 01:51:11.414282856,12,92.39,0.0,Completed,In-Store,West,1108.68
ORD001469,CUST0485,PROD0042,2022-08-03 05:21:11.054210844,12,486.33,0.05,Returned,Web,South,5544.16
ORD001470,CUST0411,PROD0094,2022-08-03 08:51:10.694138828,13,312.6,0.0,Completed,In-Store,North,4063.8
ORD001471,CUST0439,PROD0157,2022-08-03 12:21:10.334066816,11,490.89,0.0,Completed,Mobile,North,5399.79
ORD001472,CUST0289,PROD0147,2022-08-03 15:51:09.973994800,1,175.5,0.05,Completed,Web,North,166.72
ORD001473,CUST0254,PROD0011,2022-08-03 19:21:09.613922784,8,354.49,0.15,Completed,Mobile,West,2410.53
ORD001474,CUST0196,PROD0098,2022-08-03 22:51:09.253850772,1,119.08,0.15,Completed,In-Store,North,101.22
ORD001475,CUST0086,PROD0178,2022-08-04 02:21:08.893778756,5,137.99,0.0,Returned,Web,North,689.95
ORD001476,CUST0322,PROD0071,2022-08-04 05:51:08.533706744,9,260.83,0.05,Completed,Mobile,South,2230.1
ORD001477,CUST0010,PROD0108,2022-08-04 09:21:08.173634728,7,166.61,0.05,Completed,In-Store,East,1107.96
ORD001478,CUST0005,PROD0058,2022-08-04 12:51:07.813562712,4,92.13,0.0,Completed,Web,North,368.52
ORD001479,CUST0123,PROD0034,2022-08-04 16:21:07.453490700,11,138.81,0.1,Returned,Mobile,North,1374.22
ORD001480,CUST0330,PROD0020,2022-08-04 19:51:07.093418684,9,27.52,0.1,Completed,Web,North,222.91
ORD001481,CUST0353,PROD0050,2022-08-04 23:21:06.733346672,9,355.17,0.2,Completed,Web,West,2557.22
ORD001482,CUST0118,PROD0102,2022-08-05 02:51:06.373274656,2,251.14,0.0,Completed,Mobile,North,502.28
ORD001483,CUST0294,PROD0138,2022-08-05 06:21:06.013202640,10,56.18,0.0,Completed,Web,East,561.8
ORD001484,CUST0397,PROD0160,2022-08-05 09:51:05.653130628,10,94.13,0.15,Completed,Mobile,North,800.1
ORD001485,CUST0159,PROD0052,2022-08-05 13:21:05.293058612,11,60.24,0.1,Completed,Web,North,596.38
ORD001486,CUST0303,PROD0015,2022-08-05 16:51:04.932986600,12,310.17,0.15,Completed,Web,South,3163.73
ORD001487,CUST0228,PROD0084,2022-08-05 20:21:04.572914584,6,56.16,0.0,Completed,Mobile,North,336.96
ORD001488,CUST0365,PROD0131,2022-08-05 23:51:04.212842568,4,379.6,0.05,Completed,Web,North,1442.48
ORD001489,CUST0216,PROD0037,2022-08-06 03:21:03.852770556,8,20.05,0.05,Completed,Web,South,152.38
ORD001490,CUST0436,PROD0126,2022-08-06 06:51:03.492698540,12,132.19,0.0,Returned,Mobile,South,1586.28
ORD001491,CUST0184,PROD0040,2022-08-06 10:21:03.132626528,11,446.43,0.05,Pending,In-Store,West,4665.19
ORD001492,CUST0015,PROD0072,2022-08-06 13:51:02.772554512,7,362.08,0.1,Completed,In-Store,North,2281.1
ORD001493,CUST0157,PROD0040,2022-08-06 17:21:02.412482496,7,45.75,0.0,Completed,Mobile,International,320.25
ORD001494,CUST0136,PROD0056,2022-08-06 20:51:02.052410484,11,412.35,0.0,Completed,In-Store,West,4535.85
ORD001495,CUST0261,PROD0151,2022-08-07 00:21:01.692338468,10,251.59,0.1,Completed,In-Store,West,2264.31
ORD001496,CUST0157,PROD0104,2022-08-07 03:51:01.332266456,9,424.92,0.05,Completed,Web,South,3633.07
ORD001497,CUST0047,PROD0139,2022-08-07 07:21:00.972194440,13,304.36,0.15,Completed,Web,West,3363.18
ORD001498,CUST0324,PROD0110,2022-08-07 10:51:00.612122424,5,344.1,0.0,Completed,Web,North,1720.5
ORD001499,CUST0332,PROD0192,2022-08-07 14:21:00.252050412,6,496.82,0.0,Completed,Web,North,2980.92
ORD001500,CUST0173,PROD0136,2022-08-07 17:50:59.891978396,1,123.84,0.2,Completed,In-Store,North,99.07
ORD001501,CUST0130,PROD0093,2022-08-07 21:20:59.531906384,6,315.73,0.2,Completed,Mobile,International,1515.5
ORD001502,CUST0411,PROD0094,2022-08-08 00:50:59.171834368,2,235.56,0.0,Completed,Mobile,South,471.12
ORD001503,CUST0095,PROD0056,2022-08-08 04:20:58.811762352,6,29.33,0.1,Completed,Web,International,158.38
ORD001504,CUST0115,PROD0060,2022-08-08 07:50:58.451690340,9,17.09,0.0,Completed,Web,South,153.81
ORD001505,CUST0243,PROD0138,2022-08-08 11:20:58.091618324,8,68.42,0.0,Completed,Web,International,547.36
ORD001506,CUST0420,PROD0039,2022-08-08 14:50:57.731546312,9,328.05,0.0,Completed,In-Store,International,2952.45
ORD001507,CUST0292,PROD0028,2022-08-08 18:20:57.371474296,13,287.91,0.0,Completed,Web,International,3742.83
ORD001508,CUST0282,PROD0049,2022-08-08 21:50:57.011402280,10,281.18,0.15,Completed,In-Store,East,2390.03
ORD001509,CUST0299,PROD0164,2022-08-09 01:20:56.651330268,8,25.61,0.1,Completed,Web,International,184.39
ORD001510,CUST0283,PROD0125,2022-08-09 04:50:56.291258252,3,239.96,0.2,Completed,Mobile,International,575.9
ORD001511,CUST0069,PROD0013,2022-08-09 08:20:55.931186240,8,463.07,0.1,Completed,Mobile,South,3334.1
ORD001512,CUST0148,PROD0036,2022-08-09 11:50:55.571114224,6,204.82,0.05,Completed,In-Store,South,1167.47
ORD001513,CUST0011,PROD0101,2022-08-09 15:20:55.211042208,13,316.21,0.1,Completed,Web,West,3699.66
ORD001514,CUST0254,PROD0026,2022-08-09 18:50:54.850970196,6,392.11,0.2,Completed,Web,South,1882.13
ORD001515,CUST0330,PROD0086,2022-08-09 22:20:54.490898180,6,394.12,0.1,Returned,Web,West,2128.25
ORD001516,CUST0360,PROD0004,2022-08-10 01:50:54.130826168,3,264.45,0.1,Completed,In-Store,North,714.02
ORD001517,CUST0038,PROD0082,2022-08-10 05:20:53.770754152,10,430.4,0.2,Completed,Web,East,3443.2
ORD001518,CUST0134,PROD0192,2022-08-10 08:50:53.410682136,1,201.78,0.0,Returned,Web,North,201.78
ORD001519,CUST0200,PROD0166,2022-08-10 12:20:53.050610124,12,445.46,0.1,Completed,Mobile,South,4810.97
ORD001520,CUST0023,PROD0127,2022-08-10 15:50:52.690538108,14,127.71,0.15,Completed,Mobile,South,1519.75
ORD001521,CUST0303,PROD0088,2022-08-10 19:20:52.330466096,4,147.31,0.2,Completed,Mobile,West,471.39
ORD001522,CUST0346,PROD0127,2022-08-10 22:50:51.970394080,10,36.03,0.0,Completed,In-Store,North,360.3
ORD001523,CUST0302,PROD0120,2022-08-11 02:20:51.610322064,12,399.84,0.05,Completed,Mobile,West,4558.18
ORD001524,CUST0363,PROD0022,2022-08-11 05:50:51.250250052,6,214.36,0.1,Completed,In-Store,West,1157.54
ORD001525,CUST0396,PROD0130,2022-08-11 09:20:50.890178036,11,122.27,0.0,Completed,Mobile,East,1344.97
ORD001526,CUST0218,PROD0031,2022-08-11 12:50:50.530106024,12,123.58,0.1,Completed,Web,North,1334.66
ORD001527,CUST0141,PROD0119,2022-08-11 16:20:50.170034008,10,451.69,0.0,Completed,In-Store,North,4516.9
ORD001528,CUST0104,PROD0011,2022-08-11 19:50:49.809961992,2,418.62,0.0,Completed,Mobile,East,837.24
ORD001529,CUST0446,PROD0046,2022-08-11 23:20:49.449889980,7,281.23,0.05,Completed,Web,North,1870.18
ORD001530,CUST0210,PROD0096,2022-08-12 02:50:49.089817964,7,311.89,0.05,Returned,Mobile,East,2074.07
ORD001531,CUST0473,PROD0190,2022-08-12 06:20:48.729745952,11,242.42,0.05,Completed,Web,International,2533.29
ORD001532,CUST0481,PROD0197,2022-08-12 09:50:48.369673936,4,201.92,0.05,Completed,Web,North,767.3
ORD001533,CUST0111,PROD0192,2022-08-12 13:20:48.009601920,4,458.58,0.0,Completed,Mobile,East,1834.32
ORD001534,CUST0104,PROD0010,2022-08-12 16:50:47.649529908,1,71.55,0.0,Completed,Mobile,International,71.55
ORD001535,CUST0316,PROD0168,2022-08-12 20:20:47.289457892,13,215.04,0.0,Completed,Mobile,International,2795.52
ORD001536,CUST0171,PROD0128,2022-08-12 23:50:46.929385880,2,178.84,0.0,Completed,Web,International,357.68
ORD001537,CUST0460,PROD0152,2022-08-13 03:20:46.569313864,9,254.09,0.05,Completed,In-Store,West,2172.47
ORD001538,CUST0492,PROD0099,2022-08-13 06:50:46.209241848,10,234.24,0.1,Completed,Web,South,2108.16
ORD001539,CUST0356,PROD0172,2022-08-13 10:20:45.849169836,8,264.26,0.0,Pending,Web,International,2114.08
ORD001540,CUST0496,PROD0112,2022-08-13 13:50:45.489097820,8,78.56,0.0,Completed,Web,International,628.48
ORD001541,CUST0324,PROD0060,2022-08-13 17:20:45.129025804,9,261.44,0.1,Completed,Web,East,2117.66
ORD001542,CUST0133,PROD0190,2022-08-13 20:50:44.768953792,7,128.79,0.0,Completed,Web,South,901.53
ORD001543,CUST0376,PROD0087,2022-08-14 00:20:44.408881776,13,100.32,0.2,Completed,Mobile,South,1043.33
ORD001544,CUST0293,PROD0145,2022-08-14 03:50:44.048809764,9,41.77,0.1,Completed,In-Store,South,338.34
ORD001545,CUST0328,PROD0065,2022-08-14 07:20:43.688737748,10,383.7,0.0,Completed,In-Store,North,3837.0
ORD001546,CUST0127,PROD0057,2022-08-14 10:50:43.328665732,12,219.45,0.0,Completed,Mobile,East,2633.4
ORD001547,CUST0106,PROD0183,2022-08-14 14:20:42.968593720,2,317.06,0.05,Completed,Web,East,602.41
ORD001548,CUST0497,PROD0106,2022-08-14 17:50:42.608521704,6,366.52,0.0,Completed,Mobile,East,2199.12
ORD001549,CUST0092,PROD0181,2022-08-14 21:20:42.248449692,3,342.87,0.0,Returned,Mobile,North,1028.61
ORD001550,CUST0287,PROD0184,2022-08-15 00:50:41.888377676,11,240.55,0.0,Completed,Web,West,2646.05
ORD001551,CUST0378,PROD0009,2022-08-15 04:20:41.528305660,6,200.07,0.1,Returned,Mobile,North,1080.38
ORD001552,CUST0393,PROD0022,2022-08-15 07:50:41.168233648,3,194.22,0.05,Pending,Web,North,553.53
ORD001553,CUST0051,PROD0141,2022-08-15 11:20:40.808161632,8,323.62,0.0,Completed,Web,East,2588.96
ORD001554,CUST0029,PROD0089,2022-08-15 14:50:40.448089620,11,252.45,0.1,Completed,Mobile,South,2499.26
ORD001555,CUST0462,PROD0176,2022-08-15 18:20:40.088017604,13,426.07,0.05,Completed,Mobile,North,5261.96
ORD001556,CUST0296,PROD0018,2022-08-15 21:50:39.727945588,4,438.6,0.05,Completed,Mobile,South,1666.68
ORD001557,CUST0297,PROD0115,2022-08-16 01:20:39.367873576,12,93.57,0.0,Completed,Web,West,1122.84
ORD001558,CUST0214,PROD0168,2022-08-16 04:50:39.007801560,10,76.75,0.05,Completed,Mobile,East,729.12
ORD001559,CUST0267,PROD0145,2022-08-16 08:20:38.647729548,6,318.9,0.2,Completed,In-Store,South,1530.72
ORD001560,CUST0407,PROD0143,2022-08-16 11:50:38.287657532,9,157.6,0.0,Completed,In-Store,North,1418.4
ORD001561,CUST0257,PROD0106,2022-08-16 15:20:37.927585516,2,19.1,0.0,Completed,Web,East,38.2
ORD001562,CUST0302,PROD0015,2022-08-16 18:50:37.567513504,2,445.43,0.0,Completed,Web,International,890.86
ORD001563,CUST0101,PROD0063,2022-08-16 22:20:37.207441488,7,121.18,0.0,Completed,Mobile,East,848.26
ORD001564,CUST0405,PROD0167,2022-08-17 01:50:36.847369476,2,465.35,0.0,Completed,Web,West,930.7
ORD001565,CUST0346,PROD0013,2022-08-17 05:20:36.487297460,2,361.54,0.15,Completed,Web,East,614.62
ORD001566,CUST0110,PROD0081,2022-08-17 08:50:36.127225444,4,383.7,0.2,Completed,Web,West,1227.84
ORD001567,CUST0420,PROD0032,2022-08-17 12:20:35.767153432,9,108.72,0.0,Completed,Mobile,International,978.48
ORD001568,CUST0182,PROD0137,2022-08-17 15:50:35.407081416,8,124.76,0.05,Returned,Mobile,West,948.18
ORD001569,CUST0471,PROD0040,2022-08-17 19:20:35.047009404,2,265.42,0.1,Completed,Web,International,477.76
ORD001570,CUST0313,PROD0148,2022-08-17 22:50:34.686937388,8,94.33,0.05,Completed,Web,South,716.91
ORD001571,CUST0001,PROD0082,2022-08-18 02:20:34.326865372,4,159.66,0.05,Completed,Mobile,International,606.71
ORD001572,CUST0319,PROD0077,2022-08-18 05:50:33.966793360,2,167.52,0.0,Completed,Web,East,335.04
ORD001573,CUST0438,PROD0191,2022-08-18 09:20:33.606721344,11,88.22,0.05,Completed,Mobile,International,921.9
ORD001574,CUST0055,PROD0076,2022-08-18 12:50:33.246649332,10,110.54,0.05,Completed,Web,North,1050.13
ORD001575,CUST0371,PROD0172,2022-08-18 16:20:32.886577316,7,396.39,0.1,Completed,Web,West,2497.26
ORD001576,CUST0424,PROD0038,2022-08-18 19:50:32.526505300,6,91.93,0.1,Completed,Web,West,496.42
ORD001577,CUST0399,PROD0188,2022-08-18 23:20:32.166433288,14,23.94,0.0,Completed,Mobile,North,335.16
ORD001578,CUST0149,PROD0071,2022-08-19 02:50:31.806361272,10,318.38,0.0,Completed,Mobile,West,3183.8
ORD001579,CUST0431,PROD0048,2022-08-19 06:20:31.446289260,5,488.23,0.2,Completed,Web,West,1952.92
ORD001580,CUST0457,PROD0018,2022-08-19 09:50:31.086217244,11,172.29,0.05,Completed,Web,South,1800.43
ORD001581,CUST0309,PROD0144,2022-08-19 13:20:30.726145228,1,68.14,0.15,Completed,Web,South,57.92
ORD001582,CUST0137,PROD0183,2022-08-19 16:50:30.366073216,2,289.49,0.0,Completed,Mobile,East,578.98
ORD001583,CUST0202,PROD0039,2022-08-19 20:20:30.006001200,8,454.11,0.05,Completed,Web,East,3451.24
ORD001584,CUST0436,PROD0196,2022-08-19 23:50:29.645929188,1,394.19,0.05,Completed,Web,North,374.48
ORD001585,CUST0313,PROD0187,2022-08-20 03:20:29.285857172,3,315.03,0.15,Completed,Mobile,North,803.33
ORD001586,CUST0117,PROD0089,2022-08-20 06:50:28.925785156,2,164.38,0.0,Completed,Mobile,North,328.76
ORD001587,CUST0154,PROD0062,2022-08-20 10:20:28.565713144,5,275.52,0.0,Completed,Web,South,1377.6
ORD001588,CUST0425,PROD0141,2022-08-20 13:50:28.205641128,4,54.71,0.05,Pending,Web,North,207.9
ORD001589,CUST0291,PROD0109,2022-08-20 17:20:27.845569116,13,342.68,0.15,Completed,In-Store,West,3786.61
ORD001590,CUST0063,PROD0081,2022-08-20 20:50:27.485497100,7,365.3,0.2,Completed,In-Store,East,2045.68
ORD001591,CUST0244,PROD0134,2022-08-21 00:20:27.125425084,5,482.87,0.2,Completed,Web,West,1931.48
ORD001592,CUST0025,PROD0077,2022-08-21 03:50:26.765353072,8,137.59,0.2,Completed,Mobile,North,880.58
ORD001593,CUST0090,PROD0188,2022-08-21 07:20:26.405281056,4,19.04,0.0,Completed,Mobile,East,76.16
ORD001594,CUST0075,PROD0090,2022-08-21 10:50:26.045209044,12,277.35,0.0,Completed,In-Store,South,3328.2
ORD001595,CUST0294,PROD0014,2022-08-21 14:20:25.685137028,6,356.33,0.0,Completed,Web,West,2137.98
ORD001596,CUST0386,PROD0095,2022-08-21 17:50:25.325065012,4,397.3,0.0,Completed,Mobile,West,1589.2
ORD001597,CUST0391,PROD0054,2022-08-21 21:20:24.964993000,2,104.93,0.15,Completed,Mobile,International,178.38
ORD001598,CUST0210,PROD0132,2022-08-22 00:50:24.604920984,1,138.26,0.15,Pending,Web,North,117.52
ORD001599,CUST0475,PROD0039,2022-08-22 04:20:24.244848972,14,261.17,0.0,Completed,Mobile,West,3656.38
ORD001600,CUST0418,PROD0072,2022-08-22 07:50:23.884776956,14,171.99,0.1,Completed,Web,East,2167.07
ORD001601,CUST0347,PROD0025,2022-08-22 11:20:23.524704940,1,431.65,0.2,Completed,Web,West,345.32
ORD001602,CUST0017,PROD0077,2022-08-22 14:50:23.164632928,8,242.14,0.05,Completed,Web,East,1840.26
ORD001603,CUST0128,PROD0160,2022-08-22 18:20:22.804560912,14,401.79,0.0,Completed,In-Store,East,5625.06
ORD001604,CUST0427,PROD0187,2022-08-22 21:50:22.444488900,4,294.5,0.05,Completed,Mobile,North,1119.1
ORD001605,CUST0443,PROD0191,2022-08-23 01:20:22.084416884,5,388.81,0.0,Completed,Mobile,West,1944.05
ORD001606,CUST0364,PROD0166,2022-08-23 04:50:21.724344868,11,173.01,0.05,Completed,Mobile,South,1807.95
ORD001607,CUST0251,PROD0120,2022-08-23 08:20:21.364272856,8,417.39,0.05,Completed,Web,North,3172.16
ORD001608,CUST0179,PROD0053,2022-08-23 11:50:21.004200840,12,144.54,0.0,Completed,Web,North,1734.48
ORD001609,CUST0182,PROD0195,2022-08-23 15:20:20.644128828,7,277.59,0.2,Completed,Mobile,International,1554.5
ORD001610,CUST0152,PROD0156,2022-08-23 18:50:20.284056812,13,114.86,0.05,Completed,In-Store,South,1418.52
ORD001611,CUST0025,PROD0131,2022-08-23 22:20:19.923984796,8,243.01,0.05,Returned,Web,International,1846.88
ORD001612,CUST0455,PROD0150,2022-08-24 01:50:19.563912784,13,165.91,0.2,Completed,Web,International,1725.46
ORD001613,CUST0180,PROD0096,2022-08-24 05:20:19.203840768,8,140.68,0.0,Completed,Web,International,1125.44
ORD001614,CUST0198,PROD0166,2022-08-24 08:50:18.843768756,6,483.82,0.0,Completed,Web,International,2902.92
ORD001615,CUST0344,PROD0072,2022-08-24 12:20:18.483696740,10,88.44,0.15,Completed,Web,International,751.74
ORD001616,CUST0161,PROD0062,2022-08-24 15:50:18.123624724,2,395.79,0.0,Completed,Mobile,South,791.58
ORD001617,CUST0177,PROD0185,2022-08-24 19:20:17.763552712,6,492.24,0.1,Completed,Web,North,2658.1
ORD001618,CUST0285,PROD0006,2022-08-24 22:50:17.403480696,14,19.75,0.0,Completed,Web,East,276.5
ORD001619,CUST0063,PROD0032,2022-08-25 02:20:17.043408684,1,352.52,0.0,Completed,Mobile,East,352.52
ORD001620,CUST0491,PROD0099,2022-08-25 05:50:16.683336668,1,133.93,0.05,Completed,In-Store,North,127.23
ORD001621,CUST0150,PROD0138,2022-08-25 09:20:16.323264652,11,29.84,0.0,Completed,Web,West,328.24
ORD001622,CUST0154,PROD0131,2022-08-25 12:50:15.963192640,3,207.42,0.1,Completed,Mobile,East,560.03
ORD001623,CUST0156,PROD0187,2022-08-25 16:20:15.603120624,3,468.26,0.1,Completed,Web,International,1264.3
ORD001624,CUST0370,PROD0076,2022-08-25 19:50:15.243048612,11,15.76,0.2,Completed,In-Store,East,138.69
ORD001625,CUST0469,PROD0177,2022-08-25 23:20:14.882976596,13,298.06,0.1,Completed,Mobile,East,3487.3
ORD001626,CUST0049,PROD0059,2022-08-26 02:50:14.522904580,5,255.68,0.0,Returned,Mobile,South,1278.4
ORD001627,CUST0455,PROD0031,2022-08-26 06:20:14.162832568,1,437.96,0.15,Completed,Web,East,372.27
ORD001628,CUST0337,PROD0093,2022-08-26 09:50:13.802760552,10,51.16,0.1,Completed,Mobile,International,460.44
ORD001629,CUST0084,PROD0069,2022-08-26 13:20:13.442688540,6,343.95,0.1,Completed,Mobile,North,1857.33
ORD001630,CUST0361,PROD0190,2022-08-26 16:50:13.082616524,7,343.25,0.15,Completed,Web,South,2042.34
ORD001631,CUST0177,PROD0052,2022-08-26 20:20:12.722544508,10,337.85,0.05,Completed,Web,West,3209.58
ORD001632,CUST0148,PROD0089,2022-08-26 23:50:12.362472496,12,471.74,0.05,Returned,Mobile,South,5377.84
ORD001633,CUST0118,PROD0127,2022-08-27 03:20:12.002400480,13,413.31,0.1,Completed,Mobile,South,4835.73
ORD001634,CUST0342,PROD0169,2022-08-27 06:50:11.642328468,11,30.57,0.0,Completed,Web,South,336.27
ORD001635,CUST0476,PROD0031,2022-08-27 10:20:11.282256452,3,240.83,0.0,Completed,Mobile,North,722.49
ORD001636,CUST0063,PROD0084,2022-08-27 13:50:10.922184436,4,205.0,0.1,Completed,Web,South,738.0
ORD001637,CUST0189,PROD0127,2022-08-27 17:20:10.562112424,10,161.97,0.0,Completed,Web,International,1619.7
ORD001638,CUST0360,PROD0150,2022-08-27 20:50:10.202040408,11,231.15,0.0,Completed,Mobile,East,2542.65
ORD001639,CUST0049,PROD0132,2022-08-28 00:20:09.841968396,10,198.26,0.0,Completed,Web,North,1982.6
ORD001640,CUST0327,PROD0013,2022-08-28 03:50:09.481896380,14,221.84,0.1,Completed,Web,South,2795.18
ORD001641,CUST0257,PROD0045,2022-08-28 07:20:09.121824364,12,489.84,0.0,Completed,Web,North,5878.08
ORD001642,CUST0224,PROD0127,2022-08-28 10:50:08.761752352,10,53.43,0.1,Pending,Mobile,International,480.87
ORD001643,CUST0141,PROD0170,2022-08-28 14:20:08.401680336,14,461.89,0.0,Completed,Web,South,6466.46
ORD001644,CUST0478,PROD0114,2022-08-28 17:50:08.041608324,10,245.32,0.05,Completed,In-Store,International,2330.54
ORD001645,CUST0215,PROD0177,2022-08-28 21:20:07.681536308,10,315.63,0.05,Completed,Web,South,2998.48
ORD001646,CUST0435,PROD0020,2022-08-29 00:50:07.321464292,3,416.79,0.1,Completed,Mobile,West,1125.33
ORD001647,CUST0379,PROD0081,2022-08-29 04:20:06.961392280,1,186.63,0.0,Completed,Web,South,186.63
ORD001648,CUST0440,PROD0182,2022-08-29 07:50:06.601320264,8,220.91,0.2,Completed,Mobile,North,1413.82
ORD001649,CUST0211,PROD0164,2022-08-29 11:20:06.241248252,13,210.66,0.2,Completed,Mobile,North,2190.86
ORD001650,CUST0318,PROD0129,2022-08-29 14:50:05.881176236,10,193.62,0.15,Returned,Web,East,1645.77
ORD001651,CUST0032,PROD0143,2022-08-29 18:20:05.521104220,10,463.51,0.2,Completed,Web,South,3708.08
ORD001652,CUST0158,PROD0017,2022-08-29 21:50:05.161032208,2,416.18,0.05,Completed,Web,South,790.74
ORD001653,CUST0285,PROD0152,2022-08-30 01:20:04.800960192,1,63.41,0.05,Completed,Web,West,60.24
ORD001654,CUST0305,PROD0058,2022-08-30 04:50:04.440888180,14,62.98,0.1,Completed,Web,North,793.55
ORD001655,CUST0429,PROD0072,2022-08-30 08:20:04.080816164,8,219.66,0.1,Returned,Mobile,South,1581.55
ORD001656,CUST0477,PROD0109,2022-08-30 11:50:03.720744148,7,58.34,0.15,Completed,Mobile,West,347.12
ORD001657,CUST0286,PROD0023,2022-08-30 15:20:03.360672136,7,313.36,0.1,Completed,Web,East,1974.17
ORD001658,CUST0144,PROD0174,2022-08-30 18:50:03.000600120,4,80.41,0.2,Completed,Web,West,257.31
ORD001659,CUST0424,PROD0072,2022-08-30 22:20:02.640528108,11,265.96,0.0,Completed,Web,South,2925.56
ORD001660,CUST0019,PROD0008,2022-08-31 01:50:02.280456092,9,13.54,0.15,Completed,Web,South,103.58
ORD001661,CUST0018,PROD0059,2022-08-31 05:20:01.920384076,6,165.13,0.1,Completed,Mobile,North,891.7
ORD001662,CUST0257,PROD0111,2022-08-31 08:50:01.560312064,2,341.82,0.1,Returned,Mobile,International,615.28
ORD001663,CUST0078,PROD0187,2022-08-31 12:20:01.200240048,14,247.18,0.0,Completed,Web,International,3460.52
ORD001664,CUST0371,PROD0013,2022-08-31 15:50:00.840168036,1,489.35,0.1,Completed,Web,International,440.42
ORD001665,CUST0175,PROD0167,2022-08-31 19:20:00.480096020,1,438.31,0.2,Completed,Mobile,South,350.65
ORD001666,CUST0498,PROD0156,2022-08-31 22:50:00.120024004,9,185.94,0.0,Completed,Web,West,1673.46
ORD001667,CUST0194,PROD0189,2022-09-01 02:19:59.759951992,4,32.29,0.1,Completed,Web,South,116.24
ORD001668,CUST0476,PROD0016,2022-09-01 05:49:59.399879976,5,424.36,0.0,Completed,Mobile,East,2121.8
ORD001669,CUST0113,PROD0119,2022-09-01 09:19:59.039807964,3,456.5,0.2,Completed,Mobile,West,1095.6
ORD001670,CUST0114,PROD0002,2022-09-01 12:49:58.679735948,4,412.11,0.05,Completed,Web,North,1566.02
ORD001671,CUST0222,PROD0145,2022-09-01 16:19:58.319663932,12,72.7,0.0,Completed,In-Store,North,872.4
ORD001672,CUST0166,PROD0030,2022-09-01 19:49:57.959591920,8,498.98,0.0,Completed,Web,South,3991.84
ORD001673,CUST0435,PROD0103,2022-09-01 23:19:57.599519904,13,136.71,0.1,Completed,Mobile,West,1599.51
ORD001674,CUST0319,PROD0013,2022-09-02 02:49:57.239447892,4,364.86,0.0,Completed,Web,South,1459.44
ORD001675,CUST0132,PROD0096,2022-09-02 06:19:56.879375876,9,454.94,0.1,Completed,Mobile,South,3685.01
ORD001676,CUST0385,PROD0094,2022-09-02 09:49:56.519303860,9,125.49,0.2,Completed,In-Store,International,903.53
ORD001677,CUST0264,PROD0082,2022-09-02 13:19:56.159231848,6,455.05,0.15,Completed,Web,South,2320.76
ORD001678,CUST0413,PROD0013,2022-09-02 16:49:55.799159832,2,161.65,0.0,Completed,Mobile,North,323.3
ORD001679,CUST0055,PROD0171,2022-09-02 20:19:55.439087820,12,488.44,0.2,Completed,Mobile,East,4689.02
ORD001680,CUST0359,PROD0094,2022-09-02 23:49:55.079015804,10,147.82,0.1,Completed,Web,West,1330.38
ORD001681,CUST0131,PROD0149,2022-09-03 03:19:54.718943788,11,477.18,0.0,Completed,Mobile,North,5248.98
ORD001682,CUST0288,PROD0112,2022-09-03 06:49:54.358871776,7,36.24,0.0,Returned,In-Store,East,253.68
ORD001683,CUST0266,PROD0055,2022-09-03 10:19:53.998799760,9,357.54,0.0,Completed,Mobile,North,3217.86
ORD001684,CUST0458,PROD0081,2022-09-03 13:49:53.638727748,6,270.73,0.15,Completed,Web,East,1380.72
ORD001685,CUST0467,PROD0168,2022-09-03 17:19:53.278655732,3,244.16,0.0,Completed,Web,South,732.48
ORD001686,CUST0366,PROD0116,2022-09-03 20:49:52.918583716,14,119.51,0.0,Completed,Web,South,1673.14
ORD001687,CUST0162,PROD0143,2022-09-04 00:19:52.558511704,7,355.74,0.1,Completed,Web,East,2241.16
ORD001688,CUST0380,PROD0180,2022-09-04 03:49:52.198439688,5,103.5,0.05,Pending,Mobile,International,491.62
ORD001689,CUST0481,PROD0108,2022-09-04 07:19:51.838367676,1,280.89,0.1,Completed,Web,West,252.8
ORD001690,CUST0087,PROD0053,2022-09-04 10:49:51.478295660,3,134.09,0.1,Completed,Web,International,362.04
ORD001691,CUST0055,PROD0128,2022-09-04 14:19:51.118223644,5,478.25,0.0,Completed,Web,West,2391.25
ORD001692,CUST0476,PROD0180,2022-09-04 17:49:50.758151632,7,24.03,0.15,Returned,Web,North,142.98
ORD001693,CUST0288,PROD0158,2022-09-04 21:19:50.398079616,3,107.87,0.0,Completed,Mobile,South,323.61
ORD001694,CUST0178,PROD0161,2022-09-05 00:49:50.038007604,6,128.73,0.05,Completed,Mobile,International,733.76
ORD001695,CUST0391,PROD0057,2022-09-05 04:19:49.677935588,5,212.89,0.1,Completed,Web,East,958.0
ORD001696,CUST0349,PROD0052,2022-09-05 07:49:49.317863572,13,124.04,0.0,Completed,Web,International,1612.52
ORD001697,CUST0008,PROD0137,2022-09-05 11:19:48.957791560,1,250.76,0.2,Completed,Web,North,200.61
ORD001698,CUST0321,PROD0182,2022-09-05 14:49:48.597719544,10,437.51,0.05,Completed,Web,South,4156.34
ORD001699,CUST0313,PROD0111,2022-09-05 18:19:48.237647532,6,358.91,0.0,Completed,Web,South,2153.46
ORD001700,CUST0247,PROD0001,2022-09-05 21:49:47.877575516,14,294.18,0.2,Completed,Mobile,South,3294.82
ORD001701,CUST0323,PROD0044,2022-09-06 01:19:47.517503500,8,53.61,0.05,Completed,Web,South,407.44
ORD001702,CUST0472,PROD0075,2022-09-06 04:49:47.157431488,13,350.06,0.1,Completed,In-Store,South,4095.7
ORD001703,CUST0471,PROD0098,2022-09-06 08:19:46.797359472,13,91.54,0.05,Completed,Web,East,1130.52
ORD001704,CUST0443,PROD0009,2022-09-06 11:49:46.437287460,1,395.32,0.15,Completed,Web,South,336.02
ORD001705,CUST0255,PROD0032,2022-09-06 15:19:46.077215444,2,132.53,0.0,Completed,Mobile,North,265.06
ORD001706,CUST0328,PROD0015,2022-09-06 18:49:45.717143428,14,214.35,0.0,Completed,Mobile,West,3000.9
ORD001707,CUST0054,PROD0140,2022-09-06 22:19:45.357071416,4,181.73,0.05,Completed,Mobile,East,690.57
ORD001708,CUST0249,PROD0185,2022-09-07 01:49:44.996999400,12,430.82,0.0,Pending,In-Store,East,5169.84
ORD001709,CUST0239,PROD0136,2022-09-07 05:19:44.636927388,2,72.01,0.1,Pending,Web,East,129.62
ORD001710,CUST0229,PROD0072,2022-09-07 08:49:44.276855372,11,287.17,0.0,Completed,Mobile,International,3158.87
ORD001711,CUST0067,PROD0155,2022-09-07 12:19:43.916783356,9,79.61,0.0,Completed,Web,East,716.49
ORD001712,CUST0051,PROD0190,2022-09-07 15:49:43.556711344,10,355.35,0.0,Completed,Mobile,International,3553.5
ORD001713,CUST0097,PROD0012,2022-09-07 19:19:43.196639328,8,453.49,0.1,Completed,Web,East,3265.13
ORD001714,CUST0092,PROD0065,2022-09-07 22:49:42.836567316,8,222.96,0.15,Completed,Web,South,1516.13
ORD001715,CUST0495,PROD0107,2022-09-08 02:19:42.476495300,4,249.17,0.0,Completed,Mobile,South,996.68
ORD001716,CUST0264,PROD0042,2022-09-08 05:49:42.116423284,5,464.44,0.05,Completed,Web,East,2206.09
ORD001717,CUST0418,PROD0190,2022-09-08 09:19:41.756351272,4,265.29,0.0,Returned,Web,East,1061.16
ORD001718,CUST0291,PROD0115,2022-09-08 12:49:41.396279256,13,248.92,0.1,Completed,Web,West,2912.36
ORD001719,CUST0096,PROD0139,2022-09-08 16:19:41.036207244,9,293.38,0.0,Completed,Mobile,North,2640.42
ORD001720,CUST0088,PROD0103,2022-09-08 19:49:40.676135228,13,347.72,0.05,Completed,In-Store,West,4294.34
ORD001721,CUST0078,PROD0171,2022-09-08 23:19:40.316063212,2,62.37,0.1,Completed,Mobile,West,112.27
ORD001722,CUST0288,PROD0095,2022-09-09 02:49:39.955991200,13,412.34,0.2,Completed,Mobile,West,4288.34
ORD001723,CUST0120,PROD0017,2022-09-09 06:19:39.595919184,11,223.4,0.0,Returned,Mobile,East,2457.4
ORD001724,CUST0302,PROD0160,2022-09-09 09:49:39.235847172,8,45.45,0.1,Completed,Web,International,327.24
ORD001725,CUST0491,PROD0085,2022-09-09 13:19:38.875775156,2,395.23,0.05,Completed,Web,South,750.94
ORD001726,CUST0400,PROD0168,2022-09-09 16:49:38.515703140,1,194.71,0.2,Completed,Mobile,North,155.77
ORD001727,CUST0452,PROD0151,2022-09-09 20:19:38.155631128,10,59.18,0.0,Completed,Web,West,591.8
ORD001728,CUST0165,PROD0056,2022-09-09 23:49:37.795559112,3,320.55,0.0,Completed,Web,North,961.65
ORD001729,CUST0182,PROD0134,2022-09-10 03:19:37.435487100,9,441.26,0.15,Pending,Web,West,3375.64
ORD001730,CUST0469,PROD0086,2022-09-10 06:49:37.075415084,12,445.0,0.0,Completed,Mobile,North,5340.0
ORD001731,CUST0398,PROD0178,2022-09-10 10:19:36.715343068,3,479.26,0.0,Completed,Web,North,1437.78
ORD001732,CUST0223,PROD0102,2022-09-10 13:49:36.355271056,9,435.18,0.0,Pending,Mobile,North,3916.62
ORD001733,CUST0311,PROD0165,2022-09-10 17:19:35.995199040,7,11.05,0.15,Completed,Mobile,South,65.75
ORD001734,CUST0432,PROD0192,2022-09-10 20:49:35.635127028,13,196.32,0.0,Completed,Mobile,North,2552.16
ORD001735,CUST0466,PROD0054,2022-09-11 00:19:35.275055012,10,411.09,0.15,Returned,In-Store,North,3494.26
ORD001736,CUST0007,PROD0177,2022-09-11 03:49:34.914982996,1,189.46,0.05,Completed,Web,West,179.99
ORD001737,CUST0330,PROD0115,2022-09-11 07:19:34.554910984,10,304.76,0.0,Completed,Mobile,West,3047.6
ORD001738,CUST0263,PROD0139,2022-09-11 10:49:34.194838968,5,307.1,0.05,Completed,In-Store,West,1458.72
ORD001739,CUST0161,PROD0088,2022-09-11 14:19:33.834766956,9,188.86,0.0,Completed,Mobile,West,1699.74
ORD001740,CUST0151,PROD0049,2022-09-11 17:49:33.474694940,12,453.19,0.1,Completed,Mobile,South,4894.45
ORD001741,CUST0085,PROD0149,2022-09-11 21:19:33.114622924,3,256.58,0.1,Completed,Web,International,692.77
ORD001742,CUST0147,PROD0115,2022-09-12 00:49:32.754550912,9,237.74,0.05,Completed,Mobile,East,2032.68
ORD001743,CUST0112,PROD0194,2022-09-12 04:19:32.394478896,5,498.78,0.0,Completed,Web,East,2493.9
ORD001744,CUST0381,PROD0063,2022-09-12 07:49:32.034406884,9,251.82,0.1,Completed,In-Store,West,2039.74
ORD001745,CUST0403,PROD0104,2022-09-12 11:19:31.674334868,10,97.42,0.15,Completed,Mobile,North,828.07
ORD001746,CUST0036,PROD0083,2022-09-12 14:49:31.314262852,6,261.4,0.1,Completed,In-Store,West,1411.56
ORD001747,CUST0285,PROD0103,2022-09-12 18:19:30.954190840,9,408.87,0.15,Completed,Mobile,South,3127.86
ORD001748,CUST0188,PROD0156,2022-09-12 21:49:30.594118824,7,390.66,0.0,Completed,Web,North,2734.62
ORD001749,CUST0082,PROD0017,2022-09-13 01:19:30.234046812,7,396.41,0.15,Completed,Web,North,2358.64
ORD001750,CUST0002,PROD0006,2022-09-13 04:49:29.873974796,8,356.93,0.0,Completed,In-Store,North,2855.44
ORD001751,CUST0385,PROD0147,2022-09-13 08:19:29.513902780,7,134.57,0.0,Completed,Web,International,941.99
ORD001752,CUST0303,PROD0184,2022-09-13 11:49:29.153830768,12,432.42,0.15,Completed,Web,International,4410.68
ORD001753,CUST0197,PROD0028,2022-09-13 15:19:28.793758752,9,447.79,0.2,Completed,Mobile,South,3224.09
ORD001754,CUST0404,PROD0194,2022-09-13 18:49:28.433686740,11,105.13,0.1,Completed,Web,South,1040.79
ORD001755,CUST0011,PROD0038,2022-09-13 22:19:28.073614724,9,73.92,0.0,Returned,Mobile,North,665.28
ORD001756,CUST0234,PROD0119,2022-09-14 01:49:27.713542708,6,488.05,0.0,Completed,Web,West,2928.3
ORD001757,CUST0386,PROD0037,2022-09-14 05:19:27.353470696,7,435.48,0.05,Returned,Mobile,North,2895.94
ORD001758,CUST0195,PROD0115,2022-09-14 08:49:26.993398680,2,447.69,0.15,Completed,In-Store,International,761.07
ORD001759,CUST0471,PROD0068,2022-09-14 12:19:26.633326668,9,444.32,0.0,Completed,Web,West,3998.88
ORD001760,CUST0119,PROD0177,2022-09-14 15:49:26.273254652,12,275.43,0.15,Completed,Web,International,2809.39
ORD001761,CUST0396,PROD0043,2022-09-14 19:19:25.913182636,13,326.74,0.0,Completed,Web,East,4247.62
ORD001762,CUST0020,PROD0164,2022-09-14 22:49:25.553110624,1,277.23,0.15,Completed,In-Store,West,235.65
ORD001763,CUST0261,PROD0058,2022-09-15 02:19:25.193038608,1,35.09,0.2,Completed,Web,East,28.07
ORD001764,CUST0293,PROD0013,2022-09-15 05:49:24.832966596,3,375.3,0.05,Completed,Web,West,1069.6
ORD001765,CUST0422,PROD0052,2022-09-15 09:19:24.472894580,12,257.61,0.0,Completed,Mobile,West,3091.32
ORD001766,CUST0256,PROD0058,2022-09-15 12:49:24.112822564,6,327.38,0.15,Completed,Web,East,1669.64
ORD001767,CUST0222,PROD0032,2022-09-15 16:19:23.752750552,5,256.29,0.05,Completed,In-Store,East,1217.38
ORD001768,CUST0393,PROD0105,2022-09-15 19:49:23.392678536,2,250.99,0.1,Completed,In-Store,International,451.78
ORD001769,CUST0226,PROD0188,2022-09-15 23:19:23.032606524,9,94.18,0.1,Completed,Mobile,International,762.86
ORD001770,CUST0053,PROD0083,2022-09-16 02:49:22.672534508,14,146.57,0.0,Completed,Mobile,West,2051.98
ORD001771,CUST0428,PROD0186,2022-09-16 06:19:22.312462492,13,87.84,0.15,Returned,Web,North,970.63
ORD001772,CUST0355,PROD0099,2022-09-16 09:49:21.952390480,10,105.88,0.0,Completed,Mobile,North,1058.8
ORD001773,CUST0342,PROD0104,2022-09-16 13:19:21.592318464,14,486.76,0.2,Completed,Mobile,International,5451.71
ORD001774,CUST0364,PROD0184,2022-09-16 16:49:21.232246452,4,85.03,0.0,Completed,Web,North,340.12
ORD001775,CUST0280,PROD0028,2022-09-16 20:19:20.872174436,4,141.94,0.1,Returned,Web,North,510.98
ORD001776,CUST0081,PROD0129,2022-09-16 23:49:20.512102420,5,299.39,0.0,Completed,In-Store,North,1496.95
ORD001777,CUST0202,PROD0170,2022-09-17 03:19:20.152030408,8,308.99,0.0,Completed,Web,East,2471.92
ORD001778,CUST0158,PROD0048,2022-09-17 06:49:19.791958392,10,85.45,0.0,Completed,Mobile,East,854.5
ORD001779,CUST0120,PROD0040,2022-09-17 10:19:19.431886380,4,398.92,0.1,Completed,Web,South,1436.11
ORD001780,CUST0059,PROD0097,2022-09-17 13:49:19.071814364,5,394.75,0.05,Completed,Web,North,1875.06
ORD001781,CUST0494,PROD0191,2022-09-17 17:19:18.711742348,12,126.29,0.15,Completed,Mobile,West,1288.16
ORD001782,CUST0215,PROD0114,2022-09-17 20:49:18.351670336,4,151.45,0.0,Completed,Web,International,605.8
ORD001783,CUST0128,PROD0132,2022-09-18 00:19:17.991598320,14,469.61,0.1,Completed,Mobile,North,5917.09
ORD001784,CUST0224,PROD0166,2022-09-18 03:49:17.631526308,6,414.58,0.1,Completed,Web,North,2238.73
ORD001785,CUST0209,PROD0155,2022-09-18 07:19:17.271454292,12,351.92,0.0,Completed,Web,East,4223.04
ORD001786,CUST0370,PROD0137,2022-09-18 10:49:16.911382276,3,50.29,0.05,Returned,In-Store,West,143.33
ORD001787,CUST0115,PROD0111,2022-09-18 14:19:16.551310264,8,214.95,0.05,Returned,Mobile,West,1633.62
ORD001788,CUST0209,PROD0144,2022-09-18 17:49:16.191238248,6,284.06,0.0,Completed,In-Store,West,1704.36
ORD001789,CUST0014,PROD0184,2022-09-18 21:19:15.831166236,10,101.83,0.0,Completed,In-Store,International,1018.3
ORD001790,CUST0009,PROD0076,2022-09-19 00:49:15.471094220,5,229.63,0.1,Completed,In-Store,North,1033.34
ORD001791,CUST0040,PROD0031,2022-09-19 04:19:15.111022204,13,304.5,0.0,Completed,In-Store,North,3958.5
ORD001792,CUST0450,PROD0119,2022-09-19 07:49:14.750950192,2,170.41,0.1,Completed,Web,East,306.74
ORD001793,CUST0237,PROD0142,2022-09-19 11:19:14.390878176,10,392.66,0.2,Returned,In-Store,West,3141.28
ORD001794,CUST0281,PROD0025,2022-09-19 14:49:14.030806164,10,421.82,0.05,Completed,Web,East,4007.29
ORD001795,CUST0359,PROD0034,2022-09-19 18:19:13.670734148,7,168.57,0.1,Completed,Web,International,1061.99
ORD001796,CUST0201,PROD0067,2022-09-19 21:49:13.310662132,2,420.94,0.0,Completed,Web,West,841.88
ORD001797,CUST0246,PROD0152,2022-09-20 01:19:12.950590120,1,60.75,0.15,Completed,Web,West,51.64
ORD001798,CUST0278,PROD0118,2022-09-20 04:49:12.590518104,7,420.49,0.0,Completed,Mobile,North,2943.43
ORD001799,CUST0235,PROD0073,2022-09-20 08:19:12.230446092,5,84.85,0.1,Returned,Web,North,381.82
ORD001800,CUST0494,PROD0026,2022-09-20 11:49:11.870374076,1,50.63,0.2,Completed,Web,West,40.5
ORD001801,CUST0004,PROD0148,2022-09-20 15:19:11.510302060,4,324.47,0.05,Completed,Web,North,1232.99
ORD001802,CUST0154,PROD0192,2022-09-20 18:49:11.150230048,12,241.25,0.1,Completed,Web,North,2605.5
ORD001803,CUST0442,PROD0104,2022-09-20 22:19:10.790158032,13,454.87,0.05,Completed,Mobile,International,5617.64
ORD001804,CUST0029,PROD0010,2022-09-21 01:49:10.430086020,4,187.96,0.0,Completed,Web,International,751.84
ORD001805,CUST0109,PROD0067,2022-09-21 05:19:10.070014004,10,150.7,0.1,Completed,Web,North,1356.3
ORD001806,CUST0098,PROD0152,2022-09-21 08:49:09.709941988,7,255.36,0.0,Completed,Web,West,1787.52
ORD001807,CUST0215,PROD0005,2022-09-21 12:19:09.349869976,9,233.41,0.1,Completed,Web,North,1890.62
ORD001808,CUST0293,PROD0195,2022-09-21 15:49:08.989797960,2,178.77,0.0,Completed,Mobile,South,357.54
ORD001809,CUST0075,PROD0186,2022-09-21 19:19:08.629725948,12,349.93,0.15,Completed,Web,East,3569.29
ORD001810,CUST0326,PROD0027,2022-09-21 22:49:08.269653932,14,382.19,0.0,Completed,Web,West,5350.66
ORD001811,CUST0146,PROD0113,2022-09-22 02:19:07.909581916,1,427.96,0.05,Completed,Web,North,406.56
ORD001812,CUST0128,PROD0015,2022-09-22 05:49:07.549509904,2,486.7,0.05,Completed,Web,South,924.73
ORD001813,CUST0341,PROD0163,2022-09-22 09:19:07.189437888,7,140.66,0.05,Completed,In-Store,North,935.39
ORD001814,CUST0042,PROD0105,2022-09-22 12:49:06.829365876,13,360.89,0.0,Completed,Web,International,4691.57
ORD001815,CUST0356,PROD0181,2022-09-22 16:19:06.469293860,10,203.19,0.05,Completed,Mobile,West,1930.3
ORD001816,CUST0041,PROD0044,2022-09-22 19:49:06.109221844,6,341.77,0.0,Completed,Mobile,South,2050.62
ORD001817,CUST0422,PROD0026,2022-09-22 23:19:05.749149832,4,243.23,0.05,Completed,Web,North,924.27
ORD001818,CUST0034,PROD0175,2022-09-23 02:49:05.389077816,1,496.95,0.0,Returned,In-Store,East,496.95
ORD001819,CUST0017,PROD0162,2022-09-23 06:19:05.029005804,13,367.16,0.05,Completed,Mobile,East,4534.43
ORD001820,CUST0165,PROD0095,2022-09-23 09:49:04.668933788,1,476.72,0.0,Pending,Mobile,West,476.72
ORD001821,CUST0153,PROD0178,2022-09-23 13:19:04.308861772,5,419.14,0.2,Completed,Web,South,1676.56
ORD001822,CUST0486,PROD0084,2022-09-23 16:49:03.948789760,1,452.42,0.05,Completed,Mobile,International,429.8
ORD001823,CUST0378,PROD0140,2022-09-23 20:19:03.588717744,12,409.07,0.0,Completed,Web,South,4908.84
ORD001824,CUST0076,PROD0132,2022-09-23 23:49:03.228645732,7,234.99,0.05,Completed,Web,South,1562.68
ORD001825,CUST0087,PROD0087,2022-09-24 03:19:02.868573716,13,133.38,0.15,Completed,Mobile,South,1473.85
ORD001826,CUST0117,PROD0176,2022-09-24 06:49:02.508501700,11,191.46,0.0,Completed,In-Store,East,2106.06
ORD001827,CUST0362,PROD0183,2022-09-24 10:19:02.148429688,1,19.92,0.1,Completed,Web,International,17.93
ORD001828,CUST0342,PROD0112,2022-09-24 13:49:01.788357672,1,266.76,0.05,Completed,Mobile,West,253.42
ORD001829,CUST0469,PROD0129,2022-09-24 17:19:01.428285660,2,257.48,0.0,Completed,Mobile,East,514.96
ORD001830,CUST0027,PROD0089,2022-09-24 20:49:01.068213644,13,267.37,0.15,Completed,Web,North,2954.44
ORD001831,CUST0313,PROD0066,2022-09-25 00:19:00.708141628,14,487.28,0.0,Completed,Web,North,6821.92
ORD001832,CUST0287,PROD0158,2022-09-25 03:49:00.348069616,11,456.61,0.0,Completed,Web,East,5022.71
ORD001833,CUST0134,PROD0131,2022-09-25 07:18:59.987997600,12,89.24,0.15,Pending,Mobile,West,910.25
ORD001834,CUST0219,PROD0122,2022-09-25 10:48:59.627925588,10,190.75,0.1,Completed,Mobile,West,1716.75
ORD001835,CUST0168,PROD0149,2022-09-25 14:18:59.267853572,3,217.74,0.15,Completed,Web,North,555.24
ORD001836,CUST0098,PROD0084,2022-09-25 17:48:58.907781556,13,186.66,0.1,Returned,Mobile,North,2183.92
ORD001837,CUST0268,PROD0177,2022-09-25 21:18:58.547709544,11,401.26,0.1,Completed,Mobile,South,3972.47
ORD001838,CUST0237,PROD0116,2022-09-26 00:48:58.187637528,1,266.78,0.15,Completed,Mobile,International,226.76
ORD001839,CUST0309,PROD0190,2022-09-26 04:18:57.827565516,9,290.33,0.0,Completed,Web,East,2612.97
ORD001840,CUST0455,PROD0116,2022-09-26 07:48:57.467493500,10,427.98,0.1,Completed,Mobile,South,3851.82
ORD001841,CUST0394,PROD0038,2022-09-26 11:18:57.107421484,8,404.9,0.1,Completed,In-Store,South,2915.28
ORD001842,CUST0173,PROD0143,2022-09-26 14:48:56.747349472,5,74.78,0.0,Completed,Web,North,373.9
ORD001843,CUST0401,PROD0110,2022-09-26 18:18:56.387277456,13,359.82,0.05,Completed,Web,East,4443.78
ORD001844,CUST0410,PROD0180,2022-09-26 21:48:56.027205444,11,223.36,0.0,Completed,Mobile,West,2456.96
ORD001845,CUST0469,PROD0046,2022-09-27 01:18:55.667133428,2,154.38,0.1,Completed,Web,International,277.88
ORD001846,CUST0476,PROD0025,2022-09-27 04:48:55.307061412,5,34.51,0.05,Completed,In-Store,East,163.92
ORD001847,CUST0190,PROD0021,2022-09-27 08:18:54.946989400,6,248.75,0.2,Completed,Web,North,1194.0
ORD001848,CUST0122,PROD0121,2022-09-27 11:48:54.586917384,14,184.16,0.0,Completed,Web,West,2578.24
ORD001849,CUST0046,PROD0122,2022-09-27 15:18:54.226845372,1,133.24,0.1,Completed,Web,West,119.92
ORD001850,CUST0064,PROD0133,2022-09-27 18:48:53.866773356,11,350.39,0.0,Completed,Web,North,3854.29
ORD001851,CUST0130,PROD0070,2022-09-27 22:18:53.506701340,4,387.05,0.1,Completed,Web,International,1393.38
ORD001852,CUST0310,PROD0113,2022-09-28 01:48:53.146629328,9,129.95,0.1,Completed,Mobile,West,1052.6
ORD001853,CUST0363,PROD0107,2022-09-28 05:18:52.786557312,2,34.23,0.1,Completed,Web,East,61.61
ORD001854,CUST0193,PROD0112,2022-09-28 08:48:52.426485300,5,425.89,0.15,Completed,In-Store,East,1810.03
ORD001855,CUST0307,PROD0108,2022-09-28 12:18:52.066413284,1,14.88,0.15,Completed,Mobile,West,12.65
ORD001856,CUST0181,PROD0047,2022-09-28 15:48:51.706341268,4,469.19,0.0,Completed,Web,West,1876.76
ORD001857,CUST0292,PROD0196,2022-09-28 19:18:51.346269256,4,317.53,0.0,Completed,Web,North,1270.12
ORD001858,CUST0371,PROD0091,2022-09-28 22:48:50.986197240,6,167.7,0.1,Completed,Mobile,North,905.58
ORD001859,CUST0282,PROD0018,2022-09-29 02:18:50.626125228,10,130.77,0.05,Pending,Web,North,1242.32
ORD001860,CUST0029,PROD0149,2022-09-29 05:48:50.266053212,9,14.41,0.0,Completed,Web,West,129.69
ORD001861,CUST0149,PROD0104,2022-09-29 09:18:49.905981196,3,125.38,0.05,Completed,In-Store,South,357.33
ORD001862,CUST0267,PROD0151,2022-09-29 12:48:49.545909184,9,77.49,0.05,Completed,Web,East,662.54
ORD001863,CUST0296,PROD0192,2022-09-29 16:18:49.185837168,6,309.96,0.0,Completed,Web,West,1859.76
ORD001864,CUST0011,PROD0195,2022-09-29 19:48:48.825765156,7,91.61,0.15,Pending,Mobile,South,545.08
ORD001865,CUST0164,PROD0040,2022-09-29 23:18:48.465693140,12,269.03,0.05,Completed,Mobile,West,3066.94
ORD001866,CUST0113,PROD0138,2022-09-30 02:48:48.105621124,10,299.16,0.0,Completed,Web,South,2991.6
ORD001867,CUST0187,PROD0089,2022-09-30 06:18:47.745549112,2,156.04,0.0,Completed,Mobile,South,312.08
ORD001868,CUST0295,PROD0180,2022-09-30 09:48:47.385477096,11,27.18,0.15,Completed,Mobile,South,254.13
ORD001869,CUST0232,PROD0061,2022-09-30 13:18:47.025405084,10,28.25,0.2,Completed,Mobile,International,226.0
ORD001870,CUST0227,PROD0192,2022-09-30 16:48:46.665333068,14,22.91,0.1,Completed,Web,West,288.67
ORD001871,CUST0310,PROD0005,2022-09-30 20:18:46.305261052,6,372.17,0.0,Completed,In-Store,North,2233.02
ORD001872,CUST0098,PROD0122,2022-09-30 23:48:45.945189040,6,165.82,0.2,Completed,Web,International,795.94
ORD001873,CUST0055,PROD0181,2022-10-01 03:18:45.585117024,2,400.19,0.1,Completed,Mobile,West,720.34
ORD001874,CUST0111,PROD0055,2022-10-01 06:48:45.225045012,2,221.55,0.15,Completed,Web,North,376.64
ORD001875,CUST0152,PROD0037,2022-10-01 10:18:44.864972996,14,231.97,0.1,Completed,Mobile,North,2922.82
ORD001876,CUST0246,PROD0056,2022-10-01 13:48:44.504900980,2,261.31,0.0,Completed,Web,South,522.62
ORD001877,CUST0406,PROD0187,2022-10-01 17:18:44.144828968,10,359.39,0.05,Completed,Web,East,3414.2
ORD001878,CUST0069,PROD0102,2022-10-01 20:48:43.784756952,12,144.02,0.0,Completed,Mobile,East,1728.24
ORD001879,CUST0312,PROD0093,2022-10-02 00:18:43.424684936,1,69.58,0.0,Completed,Web,South,69.58
ORD001880,CUST0289,PROD0197,2022-10-02 03:48:43.064612924,5,282.47,0.1,Completed,Web,South,1271.12
ORD001881,CUST0250,PROD0073,2022-10-02 07:18:42.704540908,8,170.22,0.15,Pending,Mobile,North,1157.5
ORD001882,CUST0036,PROD0059,2022-10-02 10:48:42.344468896,2,226.82,0.1,Completed,Mobile,North,408.28
ORD001883,CUST0239,PROD0002,2022-10-02 14:18:41.984396880,13,327.0,0.05,Completed,Web,East,4038.45
ORD001884,CUST0148,PROD0193,2022-10-02 17:48:41.624324864,5,252.12,0.0,Completed,Web,South,1260.6
ORD001885,CUST0467,PROD0104,2022-10-02 21:18:41.264252852,12,313.94,0.0,Completed,In-Store,East,3767.28
ORD001886,CUST0227,PROD0188,2022-10-03 00:48:40.904180836,8,276.66,0.0,Returned,Mobile,International,2213.28
ORD001887,CUST0244,PROD0051,2022-10-03 04:18:40.544108824,10,372.5,0.05,Pending,Web,North,3538.75
ORD001888,CUST0491,PROD0030,2022-10-03 07:48:40.184036808,14,355.91,0.1,Completed,Mobile,North,4484.47
ORD001889,CUST0337,PROD0011,2022-10-03 11:18:39.823964792,5,271.75,0.0,Completed,Mobile,North,1358.75
ORD001890,CUST0446,PROD0108,2022-10-03 14:48:39.463892780,2,342.66,0.2,Completed,Web,East,548.26
ORD001891,CUST0365,PROD0076,2022-10-03 18:18:39.103820764,3,438.04,0.0,Completed,Web,West,1314.12
ORD001892,CUST0491,PROD0167,2022-10-03 21:48:38.743748752,6,221.81,0.15,Completed,Web,East,1131.23
ORD001893,CUST0482,PROD0090,2022-10-04 01:18:38.383676736,11,212.25,0.05,Completed,In-Store,East,2218.01
ORD001894,CUST0201,PROD0123,2022-10-04 04:48:38.023604720,11,384.48,0.0,Completed,Web,South,4229.28
ORD001895,CUST0154,PROD0191,2022-10-04 08:18:37.663532708,5,295.45,0.1,Pending,Web,South,1329.52
ORD001896,CUST0450,PROD0192,2022-10-04 11:48:37.303460692,11,44.79,0.1,Pending,In-Store,South,443.42
ORD001897,CUST0073,PROD0189,2022-10-04 15:18:36.943388680,4,447.13,0.05,Returned,Web,East,1699.09
ORD001898,CUST0201,PROD0125,2022-10-04 18:48:36.583316664,4,25.08,0.05,Completed,Mobile,North,95.3
ORD001899,CUST0296,PROD0182,2022-10-04 22:18:36.223244648,5,376.71,0.0,Completed,Web,West,1883.55
ORD001900,CUST0017,PROD0122,2022-10-05 01:48:35.863172636,2,381.81,0.1,Completed,Mobile,East,687.26
ORD001901,CUST0129,PROD0094,2022-10-05 05:18:35.503100620,9,477.02,0.2,Completed,Web,South,3434.54
ORD001902,CUST0217,PROD0103,2022-10-05 08:48:35.143028608,2,36.53,0.0,Completed,Web,East,73.06
ORD001903,CUST0061,PROD0186,2022-10-05 12:18:34.782956592,10,302.46,0.0,Completed,Mobile,International,3024.6
ORD001904,CUST0427,PROD0184,2022-10-05 15:48:34.422884576,2,219.64,0.2,Completed,Mobile,North,351.42
ORD001905,CUST0104,PROD0162,2022-10-05 19:18:34.062812564,10,172.01,0.0,Completed,Mobile,North,1720.1
ORD001906,CUST0042,PROD0031,2022-10-05 22:48:33.702740548,14,54.26,0.1,Completed,Mobile,South,683.68
ORD001907,CUST0025,PROD0052,2022-10-06 02:18:33.342668536,9,285.7,0.05,Completed,Mobile,East,2442.73
ORD001908,CUST0039,PROD0089,2022-10-06 05:48:32.982596520,14,244.73,0.05,Completed,Mobile,North,3254.91
ORD001909,CUST0291,PROD0076,2022-10-06 09:18:32.622524504,3,61.23,0.05,Completed,Mobile,International,174.51
ORD001910,CUST0131,PROD0129,2022-10-06 12:48:32.262452492,10,310.12,0.0,Completed,Mobile,East,3101.2
ORD001911,CUST0498,PROD0183,2022-10-06 16:18:31.902380476,7,371.6,0.0,Pending,Mobile,International,2601.2
ORD001912,CUST0229,PROD0022,2022-10-06 19:48:31.542308464,4,385.97,0.1,Completed,Mobile,South,1389.49
ORD001913,CUST0108,PROD0040,2022-10-06 23:18:31.182236448,13,453.63,0.1,Completed,Web,West,5307.47
ORD001914,CUST0172,PROD0101,2022-10-07 02:48:30.822164432,13,210.64,0.1,Completed,Web,South,2464.49
ORD001915,CUST0435,PROD0111,2022-10-07 06:18:30.462092420,6,477.01,0.1,Completed,Web,South,2575.85
ORD001916,CUST0478,PROD0129,2022-10-07 09:48:30.102020404,14,434.06,0.0,Completed,In-Store,International,6076.84
ORD001917,CUST0102,PROD0065,2022-10-07 13:18:29.741948392,4,155.29,0.0,Returned,Mobile,North,621.16
ORD001918,CUST0354,PROD0191,2022-10-07 16:48:29.381876376,10,88.05,0.15,Returned,Mobile,International,748.42
ORD001919,CUST0012,PROD0182,2022-10-07 20:18:29.021804360,7,223.34,0.05,Completed,Web,East,1485.21
ORD001920,CUST0275,PROD0170,2022-10-07 23:48:28.661732348,1,206.93,0.0,Completed,Web,International,206.93
ORD001921,CUST0101,PROD0149,2022-10-08 03:18:28.301660332,3,292.1,0.0,Completed,In-Store,East,876.3
ORD001922,CUST0044,PROD0079,2022-10-08 06:48:27.941588320,13,295.86,0.0,Completed,In-Store,West,3846.18
ORD001923,CUST0443,PROD0022,2022-10-08 10:18:27.581516304,3,377.49,0.0,Completed,Web,North,1132.47
ORD001924,CUST0305,PROD0166,2022-10-08 13:48:27.221444288,1,259.85,0.15,Completed,Mobile,East,220.87
ORD001925,CUST0445,PROD0099,2022-10-08 17:18:26.861372276,6,61.36,0.2,Completed,Web,West,294.53
ORD001926,CUST0017,PROD0008,2022-10-08 20:48:26.501300260,13,430.56,0.15,Completed,Web,West,4757.69
ORD001927,CUST0330,PROD0190,2022-10-09 00:18:26.141228248,11,161.78,0.2,Completed,Mobile,North,1423.66
ORD001928,CUST0057,PROD0175,2022-10-09 03:48:25.781156232,14,485.94,0.2,Completed,Mobile,South,5442.53
ORD001929,CUST0311,PROD0017,2022-10-09 07:18:25.421084216,9,67.75,0.05,Completed,Mobile,South,579.26
ORD001930,CUST0497,PROD0017,2022-10-09 10:48:25.061012204,8,479.54,0.0,Completed,Web,North,3836.32
ORD001931,CUST0303,PROD0090,2022-10-09 14:18:24.700940188,11,54.6,0.1,Completed,Web,South,540.54
ORD001932,CUST0012,PROD0141,2022-10-09 17:48:24.340868176,7,123.21,0.0,Completed,Web,West,862.47
ORD001933,CUST0318,PROD0145,2022-10-09 21:18:23.980796160,10,32.82,0.0,Completed,Web,South,328.2
ORD001934,CUST0080,PROD0166,2022-10-10 00:48:23.620724144,8,355.51,0.0,Completed,Mobile,South,2844.08
ORD001935,CUST0216,PROD0081,2022-10-10 04:18:23.260652132,6,426.65,0.05,Completed,Web,International,2431.9
ORD001936,CUST0339,PROD0078,2022-10-10 07:48:22.900580116,9,222.69,0.0,Completed,Web,North,2004.21
ORD001937,CUST0264,PROD0173,2022-10-10 11:18:22.540508104,3,464.98,0.0,Completed,Web,East,1394.94
ORD001938,CUST0479,PROD0006,2022-10-10 14:48:22.180436088,10,299.25,0.05,Completed,Mobile,West,2842.88
ORD001939,CUST0149,PROD0163,2022-10-10 18:18:21.820364072,10,318.7,0.15,Completed,Mobile,West,2708.95
ORD001940,CUST0081,PROD0110,2022-10-10 21:48:21.460292060,9,424.26,0.05,Completed,Mobile,West,3627.42
ORD001941,CUST0215,PROD0014,2022-10-11 01:18:21.100220044,4,155.43,0.15,Completed,Web,West,528.46
ORD001942,CUST0485,PROD0072,2022-10-11 04:48:20.740148032,7,183.59,0.0,Completed,Web,North,1285.13
ORD001943,CUST0374,PROD0189,2022-10-11 08:18:20.380076016,13,453.92,0.0,Returned,Web,East,5900.96
ORD001944,CUST0464,PROD0143,2022-10-11 11:48:20.020004000,9,451.47,0.05,Completed,Web,West,3860.07
ORD001945,CUST0198,PROD0054,2022-10-11 15:18:19.659931988,2,488.48,0.05,Completed,Web,North,928.11
ORD001946,CUST0200,PROD0027,2022-10-11 18:48:19.299859972,2,451.9,0.1,Completed,Web,North,813.42
ORD001947,CUST0025,PROD0013,2022-10-11 22:18:18.939787960,9,72.41,0.1,Completed,Mobile,West,586.52
ORD001948,CUST0466,PROD0159,2022-10-12 01:48:18.579715944,12,413.62,0.1,Completed,In-Store,West,4467.1
ORD001949,CUST0089,PROD0163,2022-10-12 05:18:18.219643928,13,210.82,0.2,Completed,Web,South,2192.53
ORD001950,CUST0268,PROD0060,2022-10-12 08:48:17.859571916,3,495.49,0.0,Completed,Mobile,International,1486.47
ORD001951,CUST0143,PROD0006,2022-10-12 12:18:17.499499900,9,241.42,0.0,Completed,Web,West,2172.78
ORD001952,CUST0059,PROD0197,2022-10-12 15:48:17.139427888,13,281.38,0.05,Completed,Mobile,International,3475.04
ORD001953,CUST0410,PROD0058,2022-10-12 19:18:16.779355872,5,269.59,0.0,Completed,Mobile,International,1347.95
ORD001954,CUST0489,PROD0049,2022-10-12 22:48:16.419283856,6,167.65,0.0,Returned,In-Store,East,1005.9
ORD001955,CUST0365,PROD0151,2022-10-13 02:18:16.059211844,2,46.76,0.0,Completed,Web,West,93.52
ORD001956,CUST0026,PROD0162,2022-10-13 05:48:15.699139828,8,448.87,0.0,Completed,Web,West,3590.96
ORD001957,CUST0047,PROD0026,2022-10-13 09:18:15.339067816,11,403.31,0.0,Completed,Web,West,4436.41
ORD001958,CUST0288,PROD0047,2022-10-13 12:48:14.978995800,9,78.37,0.0,Completed,Web,West,705.33
ORD001959,CUST0266,PROD0005,2022-10-13 16:18:14.618923784,2,390.62,0.1,Completed,In-Store,North,703.12
ORD001960,CUST0016,PROD0020,2022-10-13 19:48:14.258851772,6,316.66,0.1,Completed,Mobile,North,1709.96
ORD001961,CUST0199,PROD0134,2022-10-13 23:18:13.898779756,6,210.48,0.1,Completed,Mobile,South,1136.59
ORD001962,CUST0401,PROD0198,2022-10-14 02:48:13.538707744,8,134.47,0.1,Completed,Mobile,West,968.18
ORD001963,CUST0407,PROD0059,2022-10-14 06:18:13.178635728,10,431.27,0.0,Completed,In-Store,West,4312.7
ORD001964,CUST0282,PROD0192,2022-10-14 09:48:12.818563712,12,353.09,0.0,Completed,Web,East,4237.08
ORD001965,CUST0469,PROD0146,2022-10-14 13:18:12.458491700,5,278.39,0.0,Completed,Web,East,1391.95
ORD001966,CUST0086,PROD0132,2022-10-14 16:48:12.098419684,9,308.69,0.15,Completed,Mobile,West,2361.48
ORD001967,CUST0250,PROD0017,2022-10-14 20:18:11.738347672,1,54.62,0.1,Pending,Web,South,49.16
ORD001968,CUST0391,PROD0014,2022-10-14 23:48:11.378275656,9,242.22,0.0,Pending,Web,North,2179.98
ORD001969,CUST0270,PROD0013,2022-10-15 03:18:11.018203640,10,104.91,0.0,Completed,Web,East,1049.1
ORD001970,CUST0335,PROD0135,2022-10-15 06:48:10.658131628,7,112.11,0.2,Completed,Mobile,International,627.82
ORD001971,CUST0117,PROD0128,2022-10-15 10:18:10.298059612,4,334.04,0.05,Pending,Mobile,West,1269.35
ORD001972,CUST0007,PROD0044,2022-10-15 13:48:09.937987600,3,456.52,0.15,Completed,Web,South,1164.13
ORD001973,CUST0137,PROD0119,2022-10-15 17:18:09.577915584,14,207.84,0.0,Completed,Mobile,North,2909.76
ORD001974,CUST0371,PROD0143,2022-10-15 20:48:09.217843568,10,111.8,0.0,Completed,Mobile,East,1118.0
ORD001975,CUST0176,PROD0019,2022-10-16 00:18:08.857771556,11,327.89,0.1,Completed,In-Store,West,3246.11
ORD001976,CUST0328,PROD0063,2022-10-16 03:48:08.497699540,14,436.88,0.1,Completed,Mobile,West,5504.69
ORD001977,CUST0498,PROD0163,2022-10-16 07:18:08.137627528,6,376.68,0.1,Completed,Mobile,South,2034.07
ORD001978,CUST0315,PROD0081,2022-10-16 10:48:07.777555512,12,435.69,0.05,Completed,Mobile,North,4966.87
ORD001979,CUST0215,PROD0163,2022-10-16 14:18:07.417483496,13,272.91,0.05,Completed,Web,International,3370.44
ORD001980,CUST0477,PROD0147,2022-10-16 17:48:07.057411484,1,378.42,0.1,Completed,Web,South,340.58
ORD001981,CUST0082,PROD0148,2022-10-16 21:18:06.697339468,3,78.63,0.0,Returned,Web,North,235.89
ORD001982,CUST0223,PROD0100,2022-10-17 00:48:06.337267456,2,180.65,0.0,Completed,Web,West,361.3
ORD001983,CUST0478,PROD0163,2022-10-17 04:18:05.977195440,11,200.88,0.15,Completed,Web,International,1878.23
ORD001984,CUST0372,PROD0160,2022-10-17 07:48:05.617123424,13,260.53,0.0,Completed,Web,West,3386.89
ORD001985,CUST0423,PROD0122,2022-10-17 11:18:05.257051412,9,465.25,0.05,Completed,Web,East,3977.89
ORD001986,CUST0483,PROD0176,2022-10-17 14:48:04.896979396,3,438.41,0.1,Pending,Web,South,1183.71
ORD001987,CUST0402,PROD0044,2022-10-17 18:18:04.536907384,13,75.92,0.2,Completed,Web,North,789.57
ORD001988,CUST0443,PROD0104,2022-10-17 21:48:04.176835368,2,94.67,0.05,Completed,Mobile,North,179.87
ORD001989,CUST0490,PROD0152,2022-10-18 01:18:03.816763352,4,185.24,0.05,Completed,Mobile,East,703.91
ORD001990,CUST0103,PROD0061,2022-10-18 04:48:03.456691340,14,152.46,0.15,Returned,Mobile,North,1814.27
ORD001991,CUST0273,PROD0125,2022-10-18 08:18:03.096619324,2,311.24,0.15,Completed,Web,International,529.11
ORD001992,CUST0014,PROD0145,2022-10-18 11:48:02.736547312,1,452.36,0.1,Completed,Web,North,407.12
ORD001993,CUST0159,PROD0071,2022-10-18 15:18:02.376475296,6,481.52,0.05,Completed,Web,East,2744.66
ORD001994,CUST0152,PROD0107,2022-10-18 18:48:02.016403280,10,330.27,0.0,Completed,Web,East,3302.7
ORD001995,CUST0483,PROD0050,2022-10-18 22:18:01.656331268,8,420.7,0.1,Returned,Mobile,East,3029.04
ORD001996,CUST0108,PROD0065,2022-10-19 01:48:01.296259252,10,267.35,0.15,Returned,Web,South,2272.48
ORD001997,CUST0188,PROD0099,2022-10-19 05:18:00.936187240,10,112.08,0.15,Returned,Mobile,International,952.68
ORD001998,CUST0301,PROD0032,2022-10-19 08:48:00.576115224,2,267.1,0.0,Returned,Mobile,South,534.2
ORD001999,CUST0098,PROD0164,2022-10-19 12:18:00.216043208,14,281.99,0.05,Completed,Web,West,3750.47
ORD002000,CUST0131,PROD0141,2022-10-19 15:47:59.855971196,9,373.8,0.05,Completed,Mobile,East,3195.99
ORD002001,CUST0293,PROD0198,2022-10-19 19:17:59.495899180,13,117.74,0.2,Completed,Web,North,1224.5
ORD002002,CUST0171,PROD0058,2022-10-19 22:47:59.135827168,3,190.47,0.1,Completed,Web,East,514.27
ORD002003,CUST0424,PROD0128,2022-10-20 02:17:58.775755152,8,188.37,0.05,Completed,Mobile,East,1431.61
ORD002004,CUST0474,PROD0142,2022-10-20 05:47:58.415683136,12,480.13,0.0,Completed,In-Store,International,5761.56
ORD002005,CUST0183,PROD0165,2022-10-20 09:17:58.055611124,8,227.53,0.05,Pending,Mobile,International,1729.23
ORD002006,CUST0471,PROD0112,2022-10-20 12:47:57.695539108,3,380.0,0.0,Completed,In-Store,North,1140.0
ORD002007,CUST0364,PROD0068,2022-10-20 16:17:57.335467096,3,377.9,0.15,Completed,Web,North,963.64
ORD002008,CUST0039,PROD0040,2022-10-20 19:47:56.975395080,12,140.12,0.1,Completed,Web,South,1513.3
ORD002009,CUST0015,PROD0187,2022-10-20 23:17:56.615323064,6,290.22,0.05,Completed,Web,International,1654.25
ORD002010,CUST0376,PROD0144,2022-10-21 02:47:56.255251052,1,448.21,0.05,Completed,Web,North,425.8
ORD002011,CUST0497,PROD0190,2022-10-21 06:17:55.895179036,4,242.85,0.15,Completed,Web,West,825.69
ORD002012,CUST0004,PROD0132,2022-10-21 09:47:55.535107024,1,473.11,0.0,Completed,Mobile,East,473.11
ORD002013,CUST0349,PROD0173,2022-10-21 13:17:55.175035008,14,115.08,0.0,Completed,Mobile,East,1611.12
ORD002014,CUST0470,PROD0090,2022-10-21 16:47:54.814962992,3,46.34,0.2,Completed,In-Store,North,111.22
ORD002015,CUST0409,PROD0028,2022-10-21 20:17:54.454890980,9,446.81,0.15,Completed,In-Store,North,3418.1
ORD002016,CUST0397,PROD0096,2022-10-21 23:47:54.094818964,14,425.36,0.15,Completed,Web,South,5061.78
ORD002017,CUST0210,PROD0194,2022-10-22 03:17:53.734746952,14,496.37,0.0,Completed,In-Store,North,6949.18
ORD002018,CUST0161,PROD0031,2022-10-22 06:47:53.374674936,5,342.9,0.0,Completed,Web,North,1714.5
ORD002019,CUST0016,PROD0003,2022-10-22 10:17:53.014602920,12,468.98,0.0,Completed,Web,North,5627.76
ORD002020,CUST0493,PROD0136,2022-10-22 13:47:52.654530908,5,415.21,0.0,Completed,Mobile,East,2076.05
ORD002021,CUST0426,PROD0024,2022-10-22 17:17:52.294458892,11,423.77,0.1,Completed,Web,South,4195.32
ORD002022,CUST0108,PROD0015,2022-10-22 20:47:51.934386880,4,288.88,0.0,Completed,In-Store,South,1155.52
ORD002023,CUST0382,PROD0171,2022-10-23 00:17:51.574314864,3,197.36,0.1,Completed,Mobile,South,532.87
ORD002024,CUST0450,PROD0159,2022-10-23 03:47:51.214242848,5,467.93,0.0,Completed,In-Store,North,2339.65
ORD002025,CUST0311,PROD0045,2022-10-23 07:17:50.854170836,14,221.74,0.0,Completed,In-Store,South,3104.36
ORD002026,CUST0227,PROD0194,2022-10-23 10:47:50.494098820,11,274.02,0.2,Completed,Mobile,North,2411.38
ORD002027,CUST0170,PROD0008,2022-10-23 14:17:50.134026808,4,228.6,0.0,Completed,Web,West,914.4
ORD002028,CUST0034,PROD0071,2022-10-23 17:47:49.773954792,8,286.76,0.0,Completed,Web,North,2294.08
ORD002029,CUST0414,PROD0108,2022-10-23 21:17:49.413882776,4,240.55,0.0,Completed,Web,International,962.2
ORD002030,CUST0251,PROD0115,2022-10-24 00:47:49.053810764,11,33.5,0.0,Completed,Web,North,368.5
ORD002031,CUST0247,PROD0103,2022-10-24 04:17:48.693738748,12,442.2,0.05,Completed,Mobile,International,5041.08
ORD002032,CUST0269,PROD0125,2022-10-24 07:47:48.333666736,8,227.75,0.0,Completed,Web,West,1822.0
ORD002033,CUST0141,PROD0057,2022-10-24 11:17:47.973594720,6,298.58,0.1,Pending,In-Store,West,1612.33
ORD002034,CUST0274,PROD0030,2022-10-24 14:47:47.613522704,14,78.2,0.15,Completed,Mobile,International,930.58
ORD002035,CUST0416,PROD0146,2022-10-24 18:17:47.253450692,12,11.66,0.05,Completed,Web,North,132.92
ORD002036,CUST0096,PROD0114,2022-10-24 21:47:46.893378676,11,130.19,0.0,Completed,Web,North,1432.09
ORD002037,CUST0227,PROD0197,2022-10-25 01:17:46.533306664,5,355.25,0.1,Completed,Web,South,1598.62
ORD002038,CUST0379,PROD0117,2022-10-25 04:47:46.173234648,4,58.61,0.0,Completed,Web,North,234.44
ORD002039,CUST0039,PROD0167,2022-10-25 08:17:45.813162632,4,455.35,0.1,Completed,Mobile,South,1639.26
ORD002040,CUST0302,PROD0060,2022-10-25 11:47:45.453090620,12,115.36,0.1,Completed,Web,East,1245.89
ORD002041,CUST0029,PROD0098,2022-10-25 15:17:45.093018604,4,110.25,0.0,Completed,Mobile,North,441.0
ORD002042,CUST0446,PROD0171,2022-10-25 18:47:44.732946592,11,98.94,0.15,Completed,Web,South,925.09
ORD002043,CUST0497,PROD0126,2022-10-25 22:17:44.372874576,13,16.85,0.2,Completed,Mobile,North,175.24
ORD002044,CUST0477,PROD0173,2022-10-26 01:47:44.012802560,13,388.18,0.15,Completed,Mobile,East,4289.39
ORD002045,CUST0318,PROD0151,2022-10-26 05:17:43.652730548,9,438.77,0.0,Completed,Web,International,3948.93
ORD002046,CUST0245,PROD0197,2022-10-26 08:47:43.292658532,4,310.94,0.05,Completed,Web,East,1181.57
ORD002047,CUST0236,PROD0094,2022-10-26 12:17:42.932586520,12,102.22,0.2,Completed,Mobile,South,981.31
ORD002048,CUST0185,PROD0134,2022-10-26 15:47:42.572514504,9,149.79,0.0,Completed,In-Store,South,1348.11
ORD002049,CUST0272,PROD0184,2022-10-26 19:17:42.212442488,13,243.2,0.15,Completed,Web,West,2687.36
ORD002050,CUST0440,PROD0122,2022-10-26 22:47:41.852370476,10,477.63,0.0,Completed,Web,North,4776.3
ORD002051,CUST0236,PROD0108,2022-10-27 02:17:41.492298460,6,131.2,0.0,Completed,Web,International,787.2
ORD002052,CUST0239,PROD0004,2022-10-27 05:47:41.132226448,10,368.51,0.1,Completed,Web,South,3316.59
ORD002053,CUST0377,PROD0093,2022-10-27 09:17:40.772154432,13,225.33,0.1,Completed,Web,South,2636.36
ORD002054,CUST0266,PROD0151,2022-10-27 12:47:40.412082416,7,155.95,0.1,Completed,Web,International,982.48
ORD002055,CUST0414,PROD0006,2022-10-27 16:17:40.052010404,12,233.4,0.2,Completed,Mobile,International,2240.64
ORD002056,CUST0409,PROD0032,2022-10-27 19:47:39.691938388,10,44.89,0.0,Completed,Web,East,448.9
ORD002057,CUST0359,PROD0106,2022-10-27 23:17:39.331866376,3,401.36,0.0,Completed,Web,North,1204.08
ORD002058,CUST0340,PROD0146,2022-10-28 02:47:38.971794360,8,129.22,0.2,Completed,Web,West,827.01
ORD002059,CUST0389,PROD0015,2022-10-28 06:17:38.611722344,3,365.45,0.0,Completed,In-Store,South,1096.35
ORD002060,CUST0065,PROD0168,2022-10-28 09:47:38.251650332,1,43.49,0.1,Returned,Web,South,39.14
ORD002061,CUST0478,PROD0122,2022-10-28 13:17:37.891578316,13,478.0,0.05,Completed,In-Store,North,5903.3
ORD002062,CUST0177,PROD0096,2022-10-28 16:47:37.531506304,13,104.58,0.0,Pending,Mobile,East,1359.54
ORD002063,CUST0003,PROD0006,2022-10-28 20:17:37.171434288,10,442.54,0.0,Completed,Web,West,4425.4
ORD002064,CUST0429,PROD0112,2022-10-28 23:47:36.811362272,12,406.64,0.05,Completed,Web,South,4635.7
ORD002065,CUST0142,PROD0120,2022-10-29 03:17:36.451290260,5,484.25,0.15,Completed,Mobile,International,2058.06
ORD002066,CUST0376,PROD0123,2022-10-29 06:47:36.091218244,2,244.17,0.1,Completed,Mobile,North,439.51
ORD002067,CUST0158,PROD0191,2022-10-29 10:17:35.731146232,10,366.42,0.1,Pending,Mobile,North,3297.78
ORD002068,CUST0498,PROD0067,2022-10-29 13:47:35.371074216,14,191.65,0.05,Completed,Mobile,East,2548.94
ORD002069,CUST0324,PROD0106,2022-10-29 17:17:35.011002200,6,100.34,0.0,Returned,Mobile,West,602.04
ORD002070,CUST0146,PROD0139,2022-10-29 20:47:34.650930188,13,227.11,0.0,Completed,Web,International,2952.43
ORD002071,CUST0446,PROD0043,2022-10-30 00:17:34.290858172,10,91.22,0.05,Completed,Mobile,West,866.59
ORD002072,CUST0293,PROD0145,2022-10-30 03:47:33.930786160,9,491.2,0.0,Returned,Mobile,North,4420.8
ORD002073,CUST0153,PROD0096,2022-10-30 07:17:33.570714144,1,57.16,0.0,Completed,Web,International,57.16
ORD002074,CUST0432,PROD0132,2022-10-30 10:47:33.210642128,14,298.71,0.05,Pending,Mobile,International,3972.84
ORD002075,CUST0193,PROD0191,2022-10-30 14:17:32.850570116,13,316.97,0.05,Completed,Mobile,North,3914.58
ORD002076,CUST0437,PROD0196,2022-10-30 17:47:32.490498100,4,273.66,0.0,Completed,Web,East,1094.64
ORD002077,CUST0494,PROD0081,2022-10-30 21:17:32.130426088,1,334.47,0.05,Completed,Web,East,317.75
ORD002078,CUST0463,PROD0041,2022-10-31 00:47:31.770354072,1,66.93,0.05,Returned,Web,South,63.58
ORD002079,CUST0073,PROD0133,2022-10-31 04:17:31.410282056,8,281.96,0.0,Completed,Web,International,2255.68
ORD002080,CUST0399,PROD0160,2022-10-31 07:47:31.050210044,14,150.73,0.2,Completed,Web,North,1688.18
ORD002081,CUST0305,PROD0198,2022-10-31 11:17:30.690138028,14,470.69,0.0,Completed,Web,East,6589.66
ORD002082,CUST0377,PROD0035,2022-10-31 14:47:30.330066016,13,383.42,0.15,Completed,Web,North,4236.79
ORD002083,CUST0344,PROD0022,2022-10-31 18:17:29.969994000,14,486.53,0.0,Completed,Web,East,6811.42
ORD002084,CUST0452,PROD0193,2022-10-31 21:47:29.609921984,11,28.4,0.15,Completed,In-Store,West,265.54
ORD002085,CUST0140,PROD0150,2022-11-01 01:17:29.249849972,2,149.72,0.0,Completed,Web,North,299.44
ORD002086,CUST0187,PROD0112,2022-11-01 04:47:28.889777956,1,105.76,0.1,Completed,Web,South,95.18
ORD002087,CUST0293,PROD0011,2022-11-01 08:17:28.529705944,11,15.47,0.0,Completed,Web,International,170.17
ORD002088,CUST0061,PROD0003,2022-11-01 11:47:28.169633928,8,128.74,0.1,Completed,Mobile,West,926.93
ORD002089,CUST0485,PROD0137,2022-11-01 15:17:27.809561912,4,342.6,0.05,Completed,Web,East,1301.88
ORD002090,CUST0427,PROD0060,2022-11-01 18:47:27.449489900,3,123.23,0.0,Completed,Web,North,369.69
ORD002091,CUST0380,PROD0076,2022-11-01 22:17:27.089417884,13,259.41,0.1,Returned,Web,South,3035.1
ORD002092,CUST0198,PROD0087,2022-11-02 01:47:26.729345872,12,445.03,0.0,Completed,In-Store,West,5340.36
ORD002093,CUST0295,PROD0014,2022-11-02 05:17:26.369273856,4,349.94,0.2,Completed,Mobile,West,1119.81
ORD002094,CUST0440,PROD0018,2022-11-02 08:47:26.009201840,14,203.37,0.0,Completed,Web,North,2847.18
ORD002095,CUST0319,PROD0113,2022-11-02 12:17:25.649129828,11,192.51,0.05,Completed,Web,West,2011.73
ORD002096,CUST0302,PROD0073,2022-11-02 15:47:25.289057812,5,233.31,0.1,Completed,Web,North,1049.9
ORD002097,CUST0344,PROD0023,2022-11-02 19:17:24.928985800,1,96.75,0.0,Pending,Web,North,96.75
ORD002098,CUST0011,PROD0083,2022-11-02 22:47:24.568913784,14,320.66,0.0,Completed,Mobile,East,4489.24
ORD002099,CUST0062,PROD0125,2022-11-03 02:17:24.208841768,11,188.43,0.1,Returned,Web,North,1865.46
ORD002100,CUST0333,PROD0175,2022-11-03 05:47:23.848769756,1,427.66,0.1,Completed,Mobile,North,384.89
ORD002101,CUST0226,PROD0069,2022-11-03 09:17:23.488697740,3,380.71,0.2,Completed,Web,West,913.7
ORD002102,CUST0153,PROD0047,2022-11-03 12:47:23.128625728,6,309.15,0.0,Completed,Mobile,East,1854.9
ORD002103,CUST0199,PROD0116,2022-11-03 16:17:22.768553712,1,188.46,0.05,Completed,Web,West,179.04
ORD002104,CUST0052,PROD0030,2022-11-03 19:47:22.408481696,14,112.87,0.0,Completed,Web,West,1580.18
ORD002105,CUST0260,PROD0025,2022-11-03 23:17:22.048409684,11,390.31,0.0,Completed,Mobile,West,4293.41
ORD002106,CUST0059,PROD0156,2022-11-04 02:47:21.688337668,12,248.34,0.1,Completed,Web,South,2682.07
ORD002107,CUST0072,PROD0112,2022-11-04 06:17:21.328265656,2,120.13,0.0,Completed,Mobile,South,240.26
ORD002108,CUST0148,PROD0025,2022-11-04 09:47:20.968193640,12,105.64,0.05,Completed,In-Store,East,1204.3
ORD002109,CUST0349,PROD0074,2022-11-04 13:17:20.608121624,14,91.05,0.05,Completed,Web,North,1210.96
ORD002110,CUST0063,PROD0058,2022-11-04 16:47:20.248049612,7,390.81,0.1,Completed,In-Store,West,2462.1
ORD002111,CUST0310,PROD0094,2022-11-04 20:17:19.887977596,14,122.2,0.2,Completed,Web,East,1368.64
ORD002112,CUST0373,PROD0119,2022-11-04 23:47:19.527905584,14,268.05,0.1,Returned,Web,North,3377.43
ORD002113,CUST0243,PROD0127,2022-11-05 03:17:19.167833568,1,231.26,0.05,Completed,Mobile,East,219.7
ORD002114,CUST0493,PROD0169,2022-11-05 06:47:18.807761552,13,294.01,0.1,Pending,Mobile,International,3439.92
ORD002115,CUST0366,PROD0025,2022-11-05 10:17:18.447689540,14,439.81,0.1,Completed,Web,North,5541.61
ORD002116,CUST0330,PROD0078,2022-11-05 13:47:18.087617524,7,435.2,0.0,Completed,Mobile,North,3046.4
ORD002117,CUST0107,PROD0099,2022-11-05 17:17:17.727545512,4,231.03,0.0,Completed,In-Store,West,924.12
ORD002118,CUST0226,PROD0116,2022-11-05 20:47:17.367473496,10,17.53,0.0,Completed,Web,North,175.3
ORD002119,CUST0313,PROD0048,2022-11-06 00:17:17.007401480,14,218.96,0.05,Returned,In-Store,North,2912.17
ORD002120,CUST0218,PROD0010,2022-11-06 03:47:16.647329468,6,307.03,0.15,Completed,Mobile,South,1565.85
ORD002121,CUST0425,PROD0099,2022-11-06 07:17:16.287257452,14,283.3,0.0,Completed,In-Store,East,3966.2
ORD002122,CUST0241,PROD0011,2022-11-06 10:47:15.927185440,8,329.15,0.0,Completed,Web,East,2633.2
ORD002123,CUST0259,PROD0085,2022-11-06 14:17:15.567113424,9,85.5,0.2,Completed,Mobile,East,615.6
ORD002124,CUST0376,PROD0149,2022-11-06 17:47:15.207041408,6,326.8,0.15,Completed,Web,International,1666.68
ORD002125,CUST0262,PROD0173,2022-11-06 21:17:14.846969396,12,99.5,0.1,Completed,In-Store,West,1074.6
ORD002126,CUST0005,PROD0135,2022-11-07 00:47:14.486897380,11,377.76,0.0,Returned,Mobile,International,4155.36
ORD002127,CUST0261,PROD0192,2022-11-07 04:17:14.126825368,13,176.15,0.0,Completed,Web,East,2289.95
ORD002128,CUST0054,PROD0126,2022-11-07 07:47:13.766753352,14,357.85,0.0,Completed,Web,North,5009.9
ORD002129,CUST0047,PROD0064,2022-11-07 11:17:13.406681336,9,33.45,0.0,Completed,Mobile,International,301.05
ORD002130,CUST0215,PROD0002,2022-11-07 14:47:13.046609324,4,209.85,0.0,Completed,Mobile,North,839.4
ORD002131,CUST0177,PROD0076,2022-11-07 18:17:12.686537308,6,355.47,0.05,Completed,Web,West,2026.18
ORD002132,CUST0009,PROD0121,2022-11-07 21:47:12.326465296,8,121.17,0.0,Completed,Web,North,969.36
ORD002133,CUST0099,PROD0042,2022-11-08 01:17:11.966393280,9,399.69,0.0,Completed,Mobile,West,3597.21
ORD002134,CUST0020,PROD0054,2022-11-08 04:47:11.606321264,3,319.08,0.0,Completed,Web,International,957.24
ORD002135,CUST0378,PROD0075,2022-11-08 08:17:11.246249252,2,297.91,0.1,Returned,Web,South,536.24
ORD002136,CUST0241,PROD0016,2022-11-08 11:47:10.886177236,6,183.24,0.1,Completed,In-Store,North,989.5
ORD002137,CUST0061,PROD0018,2022-11-08 15:17:10.526105224,4,246.4,0.05,Completed,Web,North,936.32
ORD002138,CUST0379,PROD0187,2022-11-08 18:47:10.166033208,1,302.7,0.0,Completed,Web,East,302.7
ORD002139,CUST0490,PROD0090,2022-11-08 22:17:09.805961192,8,241.51,0.0,Completed,Web,North,1932.08
ORD002140,CUST0419,PROD0144,2022-11-09 01:47:09.445889180,9,352.17,0.0,Completed,In-Store,West,3169.53
ORD002141,CUST0178,PROD0006,2022-11-09 05:17:09.085817164,14,222.51,0.0,Completed,Web,South,3115.14
ORD002142,CUST0338,PROD0185,2022-11-09 08:47:08.725745152,9,109.11,0.15,Completed,Mobile,South,834.69
ORD002143,CUST0062,PROD0108,2022-11-09 12:17:08.365673136,2,114.83,0.2,Completed,In-Store,East,183.73
ORD002144,CUST0145,PROD0175,2022-11-09 15:47:08.005601120,9,12.84,0.1,Pending,Web,East,104.0
ORD002145,CUST0216,PROD0048,2022-11-09 19:17:07.645529108,7,157.47,0.2,Completed,Mobile,North,881.83
ORD002146,CUST0003,PROD0042,2022-11-09 22:47:07.285457092,5,376.97,0.1,Completed,Web,West,1696.37
ORD002147,CUST0160,PROD0076,2022-11-10 02:17:06.925385080,7,399.14,0.0,Completed,Mobile,International,2793.98
ORD002148,CUST0227,PROD0188,2022-11-10 05:47:06.565313064,13,109.21,0.2,Returned,Web,South,1135.78
ORD002149,CUST0486,PROD0077,2022-11-10 09:17:06.205241048,9,479.93,0.0,Returned,Mobile,North,4319.37
ORD002150,CUST0269,PROD0132,2022-11-10 12:47:05.845169036,8,256.18,0.1,Completed,Web,West,1844.5
ORD002151,CUST0120,PROD0130,2022-11-10 16:17:05.485097020,6,459.32,0.0,Completed,Web,North,2755.92
ORD002152,CUST0381,PROD0059,2022-11-10 19:47:05.125025008,13,356.31,0.0,Completed,In-Store,North,4632.03
ORD002153,CUST0495,PROD0155,2022-11-10 23:17:04.764952992,4,363.99,0.1,Completed,Web,East,1310.36
ORD002154,CUST0089,PROD0027,2022-11-11 02:47:04.404880976,13,51.67,0.05,Completed,Mobile,North,638.12
ORD002155,CUST0329,PROD0079,2022-11-11 06:17:04.044808964,1,117.8,0.0,Completed,Web,North,117.8
ORD002156,CUST0068,PROD0072,2022-11-11 09:47:03.684736948,6,14.32,0.0,Completed,Web,International,85.92
ORD002157,CUST0398,PROD0007,2022-11-11 13:17:03.324664936,3,360.9,0.0,Completed,Mobile,South,1082.7
ORD002158,CUST0357,PROD0191,2022-11-11 16:47:02.964592920,6,178.77,0.2,Completed,Web,International,858.1
ORD002159,CUST0098,PROD0111,2022-11-11 20:17:02.604520904,6,395.46,0.1,Completed,In-Store,North,2135.48
ORD002160,CUST0267,PROD0119,2022-11-11 23:47:02.244448892,14,176.08,0.05,Completed,Web,West,2341.86
ORD002161,CUST0105,PROD0174,2022-11-12 03:17:01.884376876,4,411.47,0.0,Completed,Web,East,1645.88
ORD002162,CUST0440,PROD0063,2022-11-12 06:47:01.524304864,2,74.04,0.15,Completed,Mobile,North,125.87
ORD002163,CUST0323,PROD0124,2022-11-12 10:17:01.164232848,9,94.95,0.0,Completed,Web,West,854.55
ORD002164,CUST0123,PROD0012,2022-11-12 13:47:00.804160832,2,177.03,0.0,Completed,Web,International,354.06
ORD002165,CUST0476,PROD0141,2022-11-12 17:17:00.444088820,3,210.16,0.0,Returned,Mobile,North,630.48
ORD002166,CUST0029,PROD0043,2022-11-12 20:47:00.084016804,10,180.86,0.15,Completed,Web,West,1537.31
ORD002167,CUST0137,PROD0017,2022-11-13 00:16:59.723944792,1,384.19,0.0,Completed,Web,South,384.19
ORD002168,CUST0195,PROD0063,2022-11-13 03:46:59.363872776,7,57.51,0.0,Completed,Mobile,West,402.57
ORD002169,CUST0409,PROD0120,2022-11-13 07:16:59.003800760,1,182.1,0.05,Completed,Mobile,West,172.99
ORD002170,CUST0226,PROD0036,2022-11-13 10:46:58.643728748,11,420.25,0.0,Returned,Web,North,4622.75
ORD002171,CUST0332,PROD0008,2022-11-13 14:16:58.283656732,9,42.73,0.05,Completed,Mobile,North,365.34
ORD002172,CUST0170,PROD0069,2022-11-13 17:46:57.923584720,11,471.75,0.05,Completed,Mobile,East,4929.79
ORD002173,CUST0009,PROD0090,2022-11-13 21:16:57.563512704,11,493.3,0.05,Completed,Mobile,International,5154.98
ORD002174,CUST0463,PROD0036,2022-11-14 00:46:57.203440688,1,53.4,0.0,Completed,Web,South,53.4
ORD002175,CUST0040,PROD0028,2022-11-14 04:16:56.843368676,5,152.72,0.0,Returned,In-Store,East,763.6
ORD002176,CUST0025,PROD0118,2022-11-14 07:46:56.483296660,7,192.48,0.15,Completed,Web,North,1145.26
ORD002177,CUST0261,PROD0093,2022-11-14 11:16:56.123224648,3,390.43,0.15,Completed,Mobile,West,995.6
ORD002178,CUST0395,PROD0175,2022-11-14 14:46:55.763152632,9,302.0,0.0,Completed,In-Store,East,2718.0
ORD002179,CUST0443,PROD0076,2022-11-14 18:16:55.403080616,8,325.74,0.0,Completed,Mobile,West,2605.92
ORD002180,CUST0226,PROD0101,2022-11-14 21:46:55.043008604,13,381.18,0.0,Completed,In-Store,International,4955.34
ORD002181,CUST0472,PROD0158,2022-11-15 01:16:54.682936588,3,67.81,0.1,Completed,Web,North,183.09
ORD002182,CUST0124,PROD0151,2022-11-15 04:46:54.322864576,5,418.27,0.1,Completed,Web,South,1882.22
ORD002183,CUST0463,PROD0144,2022-11-15 08:16:53.962792560,7,355.75,0.0,Completed,In-Store,International,2490.25
ORD002184,CUST0038,PROD0014,2022-11-15 11:46:53.602720544,12,292.9,0.1,Completed,Web,North,3163.32
ORD002185,CUST0328,PROD0071,2022-11-15 15:16:53.242648532,14,445.97,0.1,Completed,Mobile,West,5619.22
ORD002186,CUST0251,PROD0180,2022-11-15 18:46:52.882576516,4,353.15,0.2,Completed,Web,West,1130.08
ORD002187,CUST0389,PROD0124,2022-11-15 22:16:52.522504504,5,108.83,0.0,Completed,Mobile,West,544.15
ORD002188,CUST0176,PROD0125,2022-11-16 01:46:52.162432488,3,220.58,0.0,Completed,Mobile,North,661.74
ORD002189,CUST0090,PROD0037,2022-11-16 05:16:51.802360472,9,252.08,0.0,Returned,Web,North,2268.72
ORD002190,CUST0402,PROD0029,2022-11-16 08:46:51.442288460,10,37.06,0.15,Completed,Web,West,315.01
ORD002191,CUST0454,PROD0195,2022-11-16 12:16:51.082216444,9,477.77,0.1,Completed,Mobile,North,3869.94
ORD002192,CUST0037,PROD0143,2022-11-16 15:46:50.722144432,7,73.0,0.05,Completed,Web,West,485.45
ORD002193,CUST0316,PROD0175,2022-11-16 19:16:50.362072416,10,351.76,0.0,Completed,Mobile,East,3517.6
ORD002194,CUST0176,PROD0174,2022-11-16 22:46:50.002000400,2,258.05,0.0,Completed,Mobile,South,516.1
ORD002195,CUST0461,PROD0180,2022-11-17 02:16:49.641928388,7,22.56,0.0,Pending,Web,South,157.92
ORD002196,CUST0284,PROD0019,2022-11-17 05:46:49.281856372,7,463.13,0.05,Completed,Mobile,International,3079.81
ORD002197,CUST0453,PROD0106,2022-11-17 09:16:48.921784360,11,427.4,0.0,Completed,Web,East,4701.4
ORD002198,CUST0461,PROD0021,2022-11-17 12:46:48.561712344,5,266.89,0.0,Pending,Web,East,1334.45
ORD002199,CUST0081,PROD0064,2022-11-17 16:16:48.201640328,9,122.18,0.1,Returned,Web,International,989.66
ORD002200,CUST0114,PROD0165,2022-11-17 19:46:47.841568316,13,69.6,0.0,Completed,Mobile,West,904.8
ORD002201,CUST0040,PROD0027,2022-11-17 23:16:47.481496300,12,188.06,0.05,Pending,In-Store,International,2143.88
ORD002202,CUST0301,PROD0055,2022-11-18 02:46:47.121424288,11,135.16,0.0,Completed,Web,North,1486.76
ORD002203,CUST0224,PROD0029,2022-11-18 06:16:46.761352272,3,258.28,0.15,Completed,Web,West,658.61
ORD002204,CUST0318,PROD0148,2022-11-18 09:46:46.401280256,4,483.54,0.05,Completed,Web,South,1837.45
ORD002205,CUST0349,PROD0025,2022-11-18 13:16:46.041208244,1,291.73,0.2,Completed,Mobile,West,233.38
ORD002206,CUST0115,PROD0070,2022-11-18 16:46:45.681136228,6,446.07,0.05,Completed,Web,International,2542.6
ORD002207,CUST0186,PROD0063,2022-11-18 20:16:45.321064216,4,328.93,0.2,Completed,Mobile,South,1052.58
ORD002208,CUST0323,PROD0164,2022-11-18 23:46:44.960992200,1,242.87,0.15,Completed,Web,South,206.44
ORD002209,CUST0056,PROD0130,2022-11-19 03:16:44.600920184,2,428.76,0.05,Completed,Mobile,West,814.64
ORD002210,CUST0040,PROD0150,2022-11-19 06:46:44.240848172,3,240.97,0.2,Completed,Mobile,North,578.33
ORD002211,CUST0354,PROD0016,2022-11-19 10:16:43.880776156,9,435.63,0.0,Completed,In-Store,West,3920.67
ORD002212,CUST0040,PROD0146,2022-11-19 13:46:43.520704144,13,152.87,0.0,Pending,Web,North,1987.31
ORD002213,CUST0347,PROD0197,2022-11-19 17:16:43.160632128,8,73.12,0.0,Returned,Mobile,International,584.96
ORD002214,CUST0461,PROD0182,2022-11-19 20:46:42.800560112,7,429.1,0.05,Returned,Mobile,South,2853.52
ORD002215,CUST0237,PROD0100,2022-11-20 00:16:42.440488100,13,297.83,0.1,Completed,Mobile,East,3484.61
ORD002216,CUST0289,PROD0030,2022-11-20 03:46:42.080416084,11,445.66,0.1,Completed,Web,North,4412.03
ORD002217,CUST0262,PROD0045,2022-11-20 07:16:41.720344072,12,469.54,0.0,Completed,In-Store,South,5634.48
ORD002218,CUST0216,PROD0019,2022-11-20 10:46:41.360272056,14,36.28,0.05,Completed,Web,South,482.52
ORD002219,CUST0147,PROD0034,2022-11-20 14:16:41.000200040,4,255.47,0.0,Completed,Web,East,1021.88
ORD002220,CUST0336,PROD0141,2022-11-20 17:46:40.640128028,1,193.73,0.1,Completed,Web,North,174.36
ORD002221,CUST0168,PROD0171,2022-11-20 21:16:40.280056012,8,316.67,0.0,Completed,Mobile,International,2533.36
ORD002222,CUST0092,PROD0062,2022-11-21 00:46:39.919983996,4,398.86,0.2,Pending,Mobile,North,1276.35
ORD002223,CUST0353,PROD0118,2022-11-21 04:16:39.559911984,3,147.49,0.0,Returned,Web,West,442.47
ORD002224,CUST0059,PROD0100,2022-11-21 07:46:39.199839968,9,282.83,0.0,Completed,Web,East,2545.47
ORD002225,CUST0059,PROD0022,2022-11-21 11:16:38.839767956,10,357.28,0.15,Completed,Mobile,East,3036.88
ORD002226,CUST0304,PROD0180,2022-11-21 14:46:38.479695940,4,75.87,0.05,Completed,Web,North,288.31
ORD002227,CUST0169,PROD0180,2022-11-21 18:16:38.119623924,4,408.89,0.0,Returned,In-Store,East,1635.56
ORD002228,CUST0269,PROD0111,2022-11-21 21:46:37.759551912,14,306.99,0.05,Completed,In-Store,East,4082.97
ORD002229,CUST0363,PROD0164,2022-11-22 01:16:37.399479896,9,475.27,0.0,Completed,Web,North,4277.43
ORD002230,CUST0045,PROD0073,2022-11-22 04:46:37.039407884,13,176.37,0.2,Completed,Web,North,1834.25
ORD002231,CUST0345,PROD0147,2022-11-22 08:16:36.679335868,12,62.99,0.05,Completed,In-Store,North,718.09
ORD002232,CUST0181,PROD0038,2022-11-22 11:46:36.319263852,11,258.19,0.0,Returned,Web,North,2840.09
ORD002233,CUST0170,PROD0070,2022-11-22 15:16:35.959191840,12,52.05,0.05,Completed,Web,North,593.37
ORD002234,CUST0356,PROD0116,2022-11-22 18:46:35.599119824,14,485.07,0.0,Completed,Web,North,6790.98
ORD002235,CUST0191,PROD0079,2022-11-22 22:16:35.239047812,2,28.96,0.1,Returned,Web,West,52.13
ORD002236,CUST0155,PROD0185,2022-11-23 01:46:34.878975796,14,379.22,0.2,Returned,Mobile,South,4247.26
ORD002237,CUST0422,PROD0148,2022-11-23 05:16:34.518903780,12,267.3,0.15,Completed,Mobile,South,2726.46
ORD002238,CUST0188,PROD0009,2022-11-23 08:46:34.158831768,5,190.62,0.0,Completed,In-Store,North,953.1
ORD002239,CUST0007,PROD0032,2022-11-23 12:16:33.798759752,4,42.26,0.0,Completed,Web,East,169.04
ORD002240,CUST0133,PROD0132,2022-11-23 15:46:33.438687740,9,314.86,0.0,Completed,Web,South,2833.74
ORD002241,CUST0235,PROD0050,2022-11-23 19:16:33.078615724,12,296.76,0.1,Completed,In-Store,West,3205.01
ORD002242,CUST0045,PROD0082,2022-11-23 22:46:32.718543708,5,147.63,0.05,Completed,Mobile,West,701.24
ORD002243,CUST0314,PROD0005,2022-11-24 02:16:32.358471696,9,456.01,0.05,Completed,Mobile,East,3898.89
ORD002244,CUST0249,PROD0148,2022-11-24 05:46:31.998399680,11,159.01,0.2,Completed,Web,South,1399.29
ORD002245,CUST0499,PROD0087,2022-11-24 09:16:31.638327668,9,230.37,0.0,Returned,Mobile,East,2073.33
ORD002246,CUST0031,PROD0126,2022-11-24 12:46:31.278255652,14,276.44,0.0,Completed,Web,South,3870.16
ORD002247,CUST0023,PROD0075,2022-11-24 16:16:30.918183636,2,59.11,0.0,Returned,Mobile,International,118.22
ORD002248,CUST0426,PROD0165,2022-11-24 19:46:30.558111624,14,466.76,0.0,Completed,Mobile,West,6534.64
ORD002249,CUST0394,PROD0022,2022-11-24 23:16:30.198039608,9,193.52,0.0,Completed,Mobile,East,1741.68
ORD002250,CUST0160,PROD0186,2022-11-25 02:46:29.837967596,3,49.58,0.05,Completed,Mobile,International,141.3
ORD002251,CUST0363,PROD0068,2022-11-25 06:16:29.477895580,4,199.77,0.0,Completed,Mobile,East,799.08
ORD002252,CUST0437,PROD0044,2022-11-25 09:46:29.117823564,1,304.1,0.0,Completed,Web,South,304.1
ORD002253,CUST0158,PROD0034,2022-11-25 13:16:28.757751552,14,261.69,0.1,Returned,Web,North,3297.29
ORD002254,CUST0039,PROD0077,2022-11-25 16:46:28.397679536,1,350.33,0.0,Completed,Mobile,East,350.33
ORD002255,CUST0415,PROD0042,2022-11-25 20:16:28.037607524,1,37.19,0.1,Returned,Web,International,33.47
ORD002256,CUST0082,PROD0137,2022-11-25 23:46:27.677535508,9,149.42,0.0,Completed,Web,International,1344.78
ORD002257,CUST0356,PROD0106,2022-11-26 03:16:27.317463492,11,411.42,0.05,Returned,Web,East,4299.34
ORD002258,CUST0258,PROD0095,2022-11-26 06:46:26.957391480,8,49.15,0.2,Completed,Web,South,314.56
ORD002259,CUST0206,PROD0135,2022-11-26 10:16:26.597319464,5,429.19,0.0,Completed,In-Store,West,2145.95
ORD002260,CUST0077,PROD0068,2022-11-26 13:46:26.237247452,5,55.03,0.05,Completed,Web,West,261.39
ORD002261,CUST0477,PROD0147,2022-11-26 17:16:25.877175436,9,418.88,0.15,Completed,Mobile,South,3204.43
ORD002262,CUST0012,PROD0159,2022-11-26 20:46:25.517103420,3,186.79,0.05,Returned,Mobile,East,532.35
ORD002263,CUST0295,PROD0128,2022-11-27 00:16:25.157031408,3,309.98,0.0,Completed,Web,West,929.94
ORD002264,CUST0450,PROD0163,2022-11-27 03:46:24.796959392,7,84.91,0.0,Completed,In-Store,International,594.37
ORD002265,CUST0224,PROD0185,2022-11-27 07:16:24.436887380,9,42.42,0.1,Completed,Web,West,343.6
ORD002266,CUST0013,PROD0085,2022-11-27 10:46:24.076815364,6,115.81,0.15,Completed,In-Store,North,590.63
ORD002267,CUST0046,PROD0189,2022-11-27 14:16:23.716743348,14,72.65,0.0,Completed,Web,North,1017.1
ORD002268,CUST0155,PROD0159,2022-11-27 17:46:23.356671336,2,163.08,0.0,Completed,Web,International,326.16
ORD002269,CUST0113,PROD0083,2022-11-27 21:16:22.996599320,1,262.05,0.0,Completed,Web,West,262.05
ORD002270,CUST0233,PROD0095,2022-11-28 00:46:22.636527308,2,298.49,0.0,Completed,Web,South,596.98
ORD002271,CUST0017,PROD0181,2022-11-28 04:16:22.276455292,14,397.04,0.0,Completed,Mobile,East,5558.56
ORD002272,CUST0360,PROD0032,2022-11-28 07:46:21.916383276,14,331.56,0.0,Completed,Web,International,4641.84
ORD002273,CUST0223,PROD0066,2022-11-28 11:16:21.556311264,1,308.29,0.0,Completed,Mobile,International,308.29
ORD002274,CUST0354,PROD0187,2022-11-28 14:46:21.196239248,10,211.77,0.0,Returned,Web,West,2117.7
ORD002275,CUST0188,PROD0116,2022-11-28 18:16:20.836167236,10,242.17,0.2,Completed,Mobile,North,1937.36
ORD002276,CUST0448,PROD0138,2022-11-28 21:46:20.476095220,9,213.12,0.0,Completed,Mobile,West,1918.08
ORD002277,CUST0344,PROD0130,2022-11-29 01:16:20.116023204,10,422.66,0.0,Completed,Web,North,4226.6
ORD002278,CUST0365,PROD0194,2022-11-29 04:46:19.755951192,12,122.7,0.0,Completed,Web,International,1472.4
ORD002279,CUST0163,PROD0060,2022-11-29 08:16:19.395879176,14,12.8,0.2,Completed,Mobile,North,143.36
ORD002280,CUST0496,PROD0017,2022-11-29 11:46:19.035807164,13,329.15,0.1,Pending,Web,West,3851.06
ORD002281,CUST0326,PROD0096,2022-11-29 15:16:18.675735148,8,109.21,0.1,Completed,Web,East,786.31
ORD002282,CUST0467,PROD0144,2022-11-29 18:46:18.315663132,7,446.16,0.0,Completed,Mobile,West,3123.12
ORD002283,CUST0414,PROD0016,2022-11-29 22:16:17.955591120,3,430.93,0.15,Completed,In-Store,East,1098.87
ORD002284,CUST0455,PROD0046,2022-11-30 01:46:17.595519104,8,47.6,0.05,Completed,In-Store,North,361.76
ORD002285,CUST0074,PROD0167,2022-11-30 05:16:17.235447092,2,62.13,0.0,Completed,Mobile,West,124.26
ORD002286,CUST0233,PROD0159,2022-11-30 08:46:16.875375076,2,252.63,0.05,Completed,Mobile,South,480.0
ORD002287,CUST0224,PROD0107,2022-11-30 12:16:16.515303060,11,308.52,0.15,Completed,In-Store,South,2884.66
ORD002288,CUST0482,PROD0088,2022-11-30 15:46:16.155231048,10,144.71,0.1,Completed,Mobile,International,1302.39
ORD002289,CUST0319,PROD0129,2022-11-30 19:16:15.795159032,3,361.23,0.15,Returned,Web,East,921.14
ORD002290,CUST0412,PROD0139,2022-11-30 22:46:15.435087020,7,301.51,0.2,Completed,In-Store,West,1688.46
ORD002291,CUST0060,PROD0119,2022-12-01 02:16:15.075015004,1,169.16,0.0,Completed,Web,East,169.16
ORD002292,CUST0335,PROD0085,2022-12-01 05:46:14.714942988,8,22.43,0.05,Completed,Web,West,170.47
ORD002293,CUST0222,PROD0004,2022-12-01 09:16:14.354870976,12,377.57,0.0,Returned,Mobile,West,4530.84
ORD002294,CUST0037,PROD0071,2022-12-01 12:46:13.994798960,7,115.23,0.15,Returned,Web,West,685.62
ORD002295,CUST0477,PROD0154,2022-12-01 16:16:13.634726948,4,418.89,0.0,Completed,Web,International,1675.56
ORD002296,CUST0278,PROD0111,2022-12-01 19:46:13.274654932,14,215.94,0.15,Completed,Web,East,2569.69
ORD002297,CUST0196,PROD0050,2022-12-01 23:16:12.914582916,5,292.77,0.0,Completed,Mobile,West,1463.85
ORD002298,CUST0404,PROD0140,2022-12-02 02:46:12.554510904,10,437.74,0.0,Completed,In-Store,West,4377.4
ORD002299,CUST0352,PROD0095,2022-12-02 06:16:12.194438888,13,433.18,0.0,Completed,Web,South,5631.34
ORD002300,CUST0484,PROD0092,2022-12-02 09:46:11.834366876,1,192.04,0.0,Completed,Web,East,192.04
ORD002301,CUST0242,PROD0065,2022-12-02 13:16:11.474294860,4,112.36,0.15,Completed,Web,International,382.02
ORD002302,CUST0324,PROD0047,2022-12-02 16:46:11.114222844,1,389.82,0.0,Completed,Mobile,North,389.82
ORD002303,CUST0219,PROD0181,2022-12-02 20:16:10.754150832,1,222.21,0.05,Completed,Mobile,South,211.1
ORD002304,CUST0192,PROD0106,2022-12-02 23:46:10.394078816,10,104.1,0.0,Completed,Web,East,1041.0
ORD002305,CUST0017,PROD0199,2022-12-03 03:16:10.034006804,1,453.17,0.0,Completed,Web,North,453.17
ORD002306,CUST0012,PROD0130,2022-12-03 06:46:09.673934788,7,107.07,0.0,Completed,Mobile,International,749.49
ORD002307,CUST0406,PROD0106,2022-12-03 10:16:09.313862772,7,22.65,0.0,Completed,Mobile,South,158.55
ORD002308,CUST0401,PROD0024,2022-12-03 13:46:08.953790760,4,19.94,0.15,Completed,Web,South,67.8
ORD002309,CUST0394,PROD0004,2022-12-03 17:16:08.593718744,13,314.93,0.05,Completed,Web,West,3889.39
ORD002310,CUST0374,PROD0108,2022-12-03 20:46:08.233646732,12,334.22,0.0,Completed,Web,South,4010.64
ORD002311,CUST0193,PROD0019,2022-12-04 00:16:07.873574716,2,162.41,0.05,Completed,In-Store,West,308.58
ORD002312,CUST0022,PROD0154,2022-12-04 03:46:07.513502700,12,166.81,0.0,Completed,Mobile,West,2001.72
ORD002313,CUST0474,PROD0040,2022-12-04 07:16:07.153430688,3,176.35,0.0,Completed,Mobile,West,529.05
ORD002314,CUST0120,PROD0050,2022-12-04 10:46:06.793358672,8,343.28,0.05,Completed,In-Store,West,2608.93
ORD002315,CUST0210,PROD0171,2022-12-04 14:16:06.433286660,13,38.49,0.0,Pending,Mobile,North,500.37
ORD002316,CUST0306,PROD0075,2022-12-04 17:46:06.073214644,8,465.27,0.1,Completed,In-Store,North,3349.94
ORD002317,CUST0270,PROD0195,2022-12-04 21:16:05.713142628,11,119.04,0.05,Completed,Web,South,1243.97
ORD002318,CUST0192,PROD0012,2022-12-05 00:46:05.353070616,11,499.84,0.1,Completed,Web,North,4948.42
ORD002319,CUST0175,PROD0195,2022-12-05 04:16:04.992998600,6,94.05,0.2,Pending,Mobile,East,451.44
ORD002320,CUST0285,PROD0027,2022-12-05 07:46:04.632926588,10,388.06,0.0,Pending,Mobile,South,3880.6
ORD002321,CUST0204,PROD0113,2022-12-05 11:16:04.272854572,9,119.47,0.0,Completed,Web,East,1075.23
ORD002322,CUST0164,PROD0182,2022-12-05 14:46:03.912782556,11,49.61,0.0,Completed,Web,South,545.71
ORD002323,CUST0251,PROD0194,2022-12-05 18:16:03.552710544,12,438.72,0.0,Completed,Web,East,5264.64
ORD002324,CUST0227,PROD0049,2022-12-05 21:46:03.192638528,9,430.79,0.15,Pending,Web,South,3295.54
ORD002325,CUST0436,PROD0144,2022-12-06 01:16:02.832566516,4,207.75,0.1,Completed,Web,North,747.9
ORD002326,CUST0381,PROD0130,2022-12-06 04:46:02.472494500,12,354.17,0.05,Returned,Mobile,East,4037.54
ORD002327,CUST0460,PROD0060,2022-12-06 08:16:02.112422484,1,282.96,0.05,Completed,In-Store,West,268.81
ORD002328,CUST0007,PROD0182,2022-12-06 11:46:01.752350472,1,427.95,0.0,Completed,Mobile,West,427.95
ORD002329,CUST0029,PROD0030,2022-12-06 15:16:01.392278456,12,164.38,0.05,Completed,Mobile,International,1873.93
ORD002330,CUST0395,PROD0084,2022-12-06 18:46:01.032206444,10,266.6,0.1,Completed,In-Store,West,2399.4
ORD002331,CUST0033,PROD0166,2022-12-06 22:16:00.672134428,5,247.83,0.05,Returned,Web,West,1177.19
ORD002332,CUST0134,PROD0028,2022-12-07 01:46:00.312062412,14,183.41,0.0,Completed,Web,North,2567.74
ORD002333,CUST0367,PROD0025,2022-12-07 05:15:59.951990400,13,446.81,0.1,Returned,Web,North,5227.68
ORD002334,CUST0079,PROD0096,2022-12-07 08:45:59.591918384,2,91.28,0.0,Completed,In-Store,West,182.56
ORD002335,CUST0416,PROD0125,2022-12-07 12:15:59.231846372,6,83.26,0.05,Completed,Web,North,474.58
ORD002336,CUST0435,PROD0010,2022-12-07 15:45:58.871774356,7,292.69,0.05,Completed,Mobile,South,1946.39
ORD002337,CUST0459,PROD0188,2022-12-07 19:15:58.511702340,1,332.17,0.0,Completed,Web,North,332.17
ORD002338,CUST0058,PROD0042,2022-12-07 22:45:58.151630328,6,105.36,0.1,Completed,In-Store,North,568.94
ORD002339,CUST0471,PROD0040,2022-12-08 02:15:57.791558312,8,201.45,0.15,Pending,Web,West,1369.86
ORD002340,CUST0026,PROD0077,2022-12-08 05:45:57.431486300,12,473.82,0.0,Completed,Mobile,South,5685.84
ORD002341,CUST0482,PROD0105,2022-12-08 09:15:57.071414284,5,130.84,0.2,Completed,Web,South,523.36
ORD002342,CUST0430,PROD0118,2022-12-08 12:45:56.711342268,14,337.5,0.05,Returned,Web,North,4488.75
ORD002343,CUST0226,PROD0042,2022-12-08 16:15:56.351270256,12,372.67,0.1,Completed,Mobile,West,4024.84
ORD002344,CUST0285,PROD0047,2022-12-08 19:45:55.991198240,7,229.58,0.15,Completed,In-Store,West,1366.0
ORD002345,CUST0004,PROD0165,2022-12-08 23:15:55.631126228,10,469.39,0.05,Completed,Mobile,South,4459.2
ORD002346,CUST0465,PROD0022,2022-12-09 02:45:55.271054212,6,370.96,0.15,Returned,In-Store,West,1891.9
ORD002347,CUST0099,PROD0185,2022-12-09 06:15:54.910982196,4,234.38,0.0,Completed,Mobile,North,937.52
ORD002348,CUST0397,PROD0107,2022-12-09 09:45:54.550910184,7,288.97,0.0,Completed,Mobile,West,2022.79
ORD002349,CUST0489,PROD0027,2022-12-09 13:15:54.190838168,10,349.38,0.1,Returned,Web,West,3144.42
ORD002350,CUST0039,PROD0041,2022-12-09 16:45:53.830766156,9,300.17,0.15,Completed,Web,International,2296.3
ORD002351,CUST0271,PROD0080,2022-12-09 20:15:53.470694140,10,440.56,0.15,Completed,Web,North,3744.76
ORD002352,CUST0375,PROD0162,2022-12-09 23:45:53.110622124,10,184.88,0.1,Completed,In-Store,North,1663.92
ORD002353,CUST0285,PROD0160,2022-12-10 03:15:52.750550112,13,156.94,0.05,Returned,In-Store,South,1938.21
ORD002354,CUST0157,PROD0089,2022-12-10 06:45:52.390478096,7,114.78,0.0,Completed,Mobile,North,803.46
ORD002355,CUST0075,PROD0066,2022-12-10 10:15:52.030406084,12,28.51,0.2,Completed,Web,North,273.7
ORD002356,CUST0372,PROD0012,2022-12-10 13:45:51.670334068,14,31.08,0.0,Completed,Web,South,435.12
ORD002357,CUST0288,PROD0168,2022-12-10 17:15:51.310262052,5,436.33,0.1,Completed,In-Store,South,1963.48
ORD002358,CUST0130,PROD0073,2022-12-10 20:45:50.950190040,7,342.41,0.05,Completed,Web,International,2277.03
ORD002359,CUST0175,PROD0076,2022-12-11 00:15:50.590118024,3,333.66,0.1,Completed,Mobile,North,900.88
ORD002360,CUST0462,PROD0090,2022-12-11 03:45:50.230046012,2,311.17,0.0,Completed,Web,International,622.34
ORD002361,CUST0084,PROD0010,2022-12-11 07:15:49.869973996,11,426.12,0.2,Completed,Web,West,3749.86
ORD002362,CUST0022,PROD0096,2022-12-11 10:45:49.509901980,5,245.33,0.05,Completed,Mobile,International,1165.32
ORD002363,CUST0459,PROD0176,2022-12-11 14:15:49.149829968,4,436.5,0.2,Completed,Web,International,1396.8
ORD002364,CUST0027,PROD0020,2022-12-11 17:45:48.789757952,5,186.13,0.0,Completed,Web,West,930.65
ORD002365,CUST0195,PROD0039,2022-12-11 21:15:48.429685940,8,464.09,0.05,Completed,In-Store,West,3527.08
ORD002366,CUST0337,PROD0060,2022-12-12 00:45:48.069613924,12,352.34,0.1,Completed,Mobile,South,3805.27
ORD002367,CUST0382,PROD0066,2022-12-12 04:15:47.709541908,4,136.02,0.1,Completed,Mobile,East,489.67
ORD002368,CUST0236,PROD0065,2022-12-12 07:45:47.349469896,9,286.4,0.2,Completed,Mobile,International,2062.08
ORD002369,CUST0440,PROD0179,2022-12-12 11:15:46.989397880,7,271.18,0.0,Completed,Web,South,1898.26
ORD002370,CUST0092,PROD0124,2022-12-12 14:45:46.629325868,10,77.57,0.0,Completed,Web,North,775.7
ORD002371,CUST0477,PROD0164,2022-12-12 18:15:46.269253852,13,299.71,0.05,Completed,Web,West,3701.42
ORD002372,CUST0021,PROD0152,2022-12-12 21:45:45.909181836,12,164.24,0.0,Completed,Web,East,1970.88
ORD002373,CUST0303,PROD0155,2022-12-13 01:15:45.549109824,7,35.65,0.2,Completed,Web,West,199.64
ORD002374,CUST0464,PROD0130,2022-12-13 04:45:45.189037808,13,474.84,0.0,Completed,Mobile,North,6172.92
ORD002375,CUST0357,PROD0159,2022-12-13 08:15:44.828965796,13,324.33,0.05,Returned,Web,East,4005.48
ORD002376,CUST0443,PROD0057,2022-12-13 11:45:44.468893780,8,439.69,0.0,Completed,Mobile,North,3517.52
ORD002377,CUST0084,PROD0078,2022-12-13 15:15:44.108821764,12,341.27,0.05,Completed,Web,International,3890.48
ORD002378,CUST0262,PROD0194,2022-12-13 18:45:43.748749752,6,184.92,0.0,Completed,Web,North,1109.52
ORD002379,CUST0147,PROD0029,2022-12-13 22:15:43.388677736,8,261.22,0.0,Completed,Web,West,2089.76
ORD002380,CUST0441,PROD0015,2022-12-14 01:45:43.028605724,3,341.12,0.0,Completed,Mobile,North,1023.36
ORD002381,CUST0453,PROD0012,2022-12-14 05:15:42.668533708,10,480.52,0.0,Completed,Web,North,4805.2
ORD002382,CUST0387,PROD0101,2022-12-14 08:45:42.308461692,10,134.3,0.2,Completed,Mobile,North,1074.4
ORD002383,CUST0257,PROD0156,2022-12-14 12:15:41.948389680,14,438.74,0.0,Completed,Mobile,South,6142.36
ORD002384,CUST0058,PROD0084,2022-12-14 15:45:41.588317664,1,462.8,0.05,Completed,Web,East,439.66
ORD002385,CUST0380,PROD0125,2022-12-14 19:15:41.228245652,6,338.5,0.2,Completed,Mobile,North,1624.8
ORD002386,CUST0422,PROD0103,2022-12-14 22:45:40.868173636,1,466.32,0.1,Completed,In-Store,South,419.69
ORD002387,CUST0015,PROD0024,2022-12-15 02:15:40.508101620,9,204.96,0.2,Completed,Mobile,North,1475.71
ORD002388,CUST0162,PROD0149,2022-12-15 05:45:40.148029608,14,476.98,0.2,Returned,Web,International,5342.18
ORD002389,CUST0445,PROD0138,2022-12-15 09:15:39.787957592,2,354.36,0.05,Completed,Mobile,North,673.28
ORD002390,CUST0163,PROD0110,2022-12-15 12:45:39.427885580,11,30.58,0.1,Completed,Mobile,South,302.74
ORD002391,CUST0320,PROD0078,2022-12-15 16:15:39.067813564,2,454.37,0.0,Completed,Web,East,908.74
ORD002392,CUST0497,PROD0101,2022-12-15 19:45:38.707741548,7,247.39,0.05,Completed,Web,International,1645.14
ORD002393,CUST0281,PROD0146,2022-12-15 23:15:38.347669536,2,235.56,0.15,Completed,Web,International,400.45
ORD002394,CUST0280,PROD0142,2022-12-16 02:45:37.987597520,10,287.57,0.05,Completed,Web,International,2731.91
ORD002395,CUST0012,PROD0162,2022-12-16 06:15:37.627525508,8,83.2,0.1,Completed,Web,North,599.04
ORD002396,CUST0274,PROD0128,2022-12-16 09:45:37.267453492,6,239.89,0.1,Completed,Web,West,1295.41
ORD002397,CUST0271,PROD0058,2022-12-16 13:15:36.907381476,14,417.25,0.0,Completed,Web,West,5841.5
ORD002398,CUST0492,PROD0076,2022-12-16 16:45:36.547309464,7,17.59,0.15,Completed,In-Store,International,104.66
ORD002399,CUST0208,PROD0150,2022-12-16 20:15:36.187237448,7,143.73,0.05,Completed,Mobile,South,955.8
ORD002400,CUST0027,PROD0198,2022-12-16 23:45:35.827165436,6,11.2,0.0,Completed,In-Store,International,67.2
ORD002401,CUST0072,PROD0036,2022-12-17 03:15:35.467093420,10,213.7,0.15,Completed,Mobile,South,1816.45
ORD002402,CUST0060,PROD0173,2022-12-17 06:45:35.107021404,11,366.87,0.05,Completed,Web,East,3833.79
ORD002403,CUST0430,PROD0164,2022-12-17 10:15:34.746949392,9,401.4,0.1,Completed,Web,South,3251.34
ORD002404,CUST0473,PROD0022,2022-12-17 13:45:34.386877376,13,473.14,0.05,Completed,Mobile,South,5843.28
ORD002405,CUST0145,PROD0127,2022-12-17 17:15:34.026805364,9,308.17,0.0,Completed,Web,East,2773.53
ORD002406,CUST0093,PROD0080,2022-12-17 20:45:33.666733348,7,134.77,0.15,Completed,Web,South,801.88
ORD002407,CUST0309,PROD0189,2022-12-18 00:15:33.306661332,9,462.83,0.05,Completed,Web,West,3957.2
ORD002408,CUST0008,PROD0100,2022-12-18 03:45:32.946589320,13,389.9,0.0,Completed,Web,East,5068.7
ORD002409,CUST0079,PROD0184,2022-12-18 07:15:32.586517304,10,291.47,0.0,Completed,Web,West,2914.7
ORD002410,CUST0027,PROD0096,2022-12-18 10:45:32.226445292,3,350.86,0.15,Completed,Web,North,894.69
ORD002411,CUST0174,PROD0161,2022-12-18 14:15:31.866373276,3,462.92,0.0,Pending,Web,International,1388.76
ORD002412,CUST0050,PROD0173,2022-12-18 17:45:31.506301260,1,359.07,0.15,Pending,Mobile,West,305.21
ORD002413,CUST0199,PROD0164,2022-12-18 21:15:31.146229248,5,190.5,0.0,Completed,Web,North,952.5
ORD002414,CUST0387,PROD0148,2022-12-19 00:45:30.786157232,4,359.38,0.1,Completed,Mobile,West,1293.77
ORD002415,CUST0349,PROD0018,2022-12-19 04:15:30.426085220,2,29.74,0.2,Completed,Mobile,North,47.58
ORD002416,CUST0448,PROD0038,2022-12-19 07:45:30.066013204,9,199.34,0.0,Completed,Mobile,North,1794.06
ORD002417,CUST0428,PROD0195,2022-12-19 11:15:29.705941188,3,209.1,0.05,Returned,Web,East,595.93
ORD002418,CUST0181,PROD0151,2022-12-19 14:45:29.345869176,8,91.75,0.1,Completed,Mobile,East,660.6
ORD002419,CUST0024,PROD0109,2022-12-19 18:15:28.985797160,6,21.31,0.1,Completed,Web,North,115.07
ORD002420,CUST0316,PROD0123,2022-12-19 21:45:28.625725148,14,75.36,0.05,Completed,Web,South,1002.29
ORD002421,CUST0378,PROD0144,2022-12-20 01:15:28.265653132,13,330.76,0.1,Completed,Mobile,International,3869.89
ORD002422,CUST0387,PROD0187,2022-12-20 04:45:27.905581116,5,403.12,0.1,Completed,Web,South,1814.04
ORD002423,CUST0404,PROD0197,2022-12-20 08:15:27.545509104,1,494.22,0.15,Completed,Web,North,420.09
ORD002424,CUST0046,PROD0196,2022-12-20 11:45:27.185437088,4,179.72,0.1,Completed,Web,International,646.99
ORD002425,CUST0015,PROD0149,2022-12-20 15:15:26.825365076,3,303.7,0.0,Pending,Web,South,911.1
ORD002426,CUST0153,PROD0104,2022-12-20 18:45:26.465293060,1,469.2,0.2,Completed,Web,West,375.36
ORD002427,CUST0222,PROD0198,2022-12-20 22:15:26.105221044,12,91.85,0.05,Completed,In-Store,North,1047.09
ORD002428,CUST0206,PROD0140,2022-12-21 01:45:25.745149032,5,361.65,0.0,Completed,Web,East,1808.25
ORD002429,CUST0455,PROD0144,2022-12-21 05:15:25.385077016,6,379.94,0.0,Completed,Web,South,2279.64
ORD002430,CUST0273,PROD0081,2022-12-21 08:45:25.025005004,2,53.6,0.0,Completed,Mobile,International,107.2
ORD002431,CUST0382,PROD0087,2022-12-21 12:15:24.664932988,14,432.01,0.0,Completed,Mobile,South,6048.14
ORD002432,CUST0236,PROD0142,2022-12-21 15:45:24.304860972,3,408.42,0.0,Completed,In-Store,East,1225.26
ORD002433,CUST0340,PROD0061,2022-12-21 19:15:23.944788960,11,26.37,0.0,Completed,In-Store,International,290.07
ORD002434,CUST0228,PROD0199,2022-12-21 22:45:23.584716944,14,54.63,0.1,Completed,Mobile,International,688.34
ORD002435,CUST0009,PROD0046,2022-12-22 02:15:23.224644932,6,34.07,0.0,Completed,In-Store,North,204.42
ORD002436,CUST0166,PROD0032,2022-12-22 05:45:22.864572916,4,174.02,0.0,Completed,Web,West,696.08
ORD002437,CUST0432,PROD0015,2022-12-22 09:15:22.504500900,9,259.55,0.0,Completed,Mobile,South,2335.95
ORD002438,CUST0444,PROD0044,2022-12-22 12:45:22.144428888,5,270.85,0.0,Completed,In-Store,East,1354.25
ORD002439,CUST0319,PROD0145,2022-12-22 16:15:21.784356872,4,141.16,0.0,Completed,Mobile,South,564.64
ORD002440,CUST0214,PROD0169,2022-12-22 19:45:21.424284860,2,456.68,0.05,Completed,In-Store,South,867.69
ORD002441,CUST0117,PROD0054,2022-12-22 23:15:21.064212844,6,190.45,0.2,Completed,Web,North,914.16
ORD002442,CUST0386,PROD0044,2022-12-23 02:45:20.704140828,10,32.32,0.15,Completed,Web,East,274.72
ORD002443,CUST0344,PROD0098,2022-12-23 06:15:20.344068816,2,157.11,0.15,Completed,In-Store,East,267.09
ORD002444,CUST0072,PROD0005,2022-12-23 09:45:19.983996800,12,270.24,0.0,Completed,Web,North,3242.88
ORD002445,CUST0395,PROD0109,2022-12-23 13:15:19.623924788,13,210.03,0.0,Completed,Mobile,East,2730.39
ORD002446,CUST0064,PROD0027,2022-12-23 16:45:19.263852772,7,144.18,0.0,Completed,Web,International,1009.26
ORD002447,CUST0205,PROD0116,2022-12-23 20:15:18.903780756,3,74.35,0.1,Completed,Mobile,West,200.74
ORD002448,CUST0209,PROD0087,2022-12-23 23:45:18.543708744,9,411.39,0.0,Completed,In-Store,East,3702.51
ORD002449,CUST0072,PROD0104,2022-12-24 03:15:18.183636728,11,498.11,0.05,Returned,Web,International,5205.25
ORD002450,CUST0277,PROD0123,2022-12-24 06:45:17.823564716,5,171.48,0.0,Completed,Web,East,857.4
ORD002451,CUST0274,PROD0079,2022-12-24 10:15:17.463492700,8,196.99,0.0,Completed,Web,North,1575.92
ORD002452,CUST0478,PROD0043,2022-12-24 13:45:17.103420684,11,312.84,0.2,Returned,In-Store,East,2752.99
ORD002453,CUST0320,PROD0097,2022-12-24 17:15:16.743348672,6,362.04,0.1,Completed,Mobile,North,1955.02
ORD002454,CUST0338,PROD0031,2022-12-24 20:45:16.383276656,14,202.09,0.15,Completed,Web,West,2404.87
ORD002455,CUST0366,PROD0099,2022-12-25 00:15:16.023204644,12,453.42,0.05,Pending,Web,International,5168.99
ORD002456,CUST0495,PROD0017,2022-12-25 03:45:15.663132628,10,284.4,0.15,Completed,Mobile,South,2417.4
ORD002457,CUST0095,PROD0083,2022-12-25 07:15:15.303060612,8,230.69,0.1,Completed,Mobile,South,1660.97
ORD002458,CUST0166,PROD0110,2022-12-25 10:45:14.942988600,13,326.87,0.2,Completed,Web,South,3399.45
ORD002459,CUST0032,PROD0182,2022-12-25 14:15:14.582916584,13,476.87,0.0,Completed,Web,South,6199.31
ORD002460,CUST0011,PROD0190,2022-12-25 17:45:14.222844572,11,399.33,0.05,Completed,Mobile,West,4173.0
ORD002461,CUST0301,PROD0032,2022-12-25 21:15:13.862772556,12,29.61,0.1,Completed,Mobile,East,319.79
ORD002462,CUST0217,PROD0168,2022-12-26 00:45:13.502700540,3,172.83,0.0,Completed,In-Store,North,518.49
ORD002463,CUST0289,PROD0141,2022-12-26 04:15:13.142628528,3,240.57,0.15,Returned,Web,West,613.45
ORD002464,CUST0102,PROD0035,2022-12-26 07:45:12.782556512,5,164.11,0.2,Completed,Mobile,North,656.44
ORD002465,CUST0425,PROD0133,2022-12-26 11:15:12.422484500,11,353.09,0.05,Completed,Mobile,International,3689.79
ORD002466,CUST0392,PROD0029,2022-12-26 14:45:12.062412484,10,414.87,0.0,Completed,In-Store,South,4148.7
ORD002467,CUST0267,PROD0070,2022-12-26 18:15:11.702340468,3,368.36,0.05,Completed,Web,East,1049.83
ORD002468,CUST0214,PROD0153,2022-12-26 21:45:11.342268456,8,494.77,0.15,Completed,Web,North,3364.44
ORD002469,CUST0179,PROD0095,2022-12-27 01:15:10.982196440,10,143.55,0.1,Completed,Web,South,1291.95
ORD002470,CUST0088,PROD0022,2022-12-27 04:45:10.622124428,13,438.74,0.0,Completed,In-Store,West,5703.62
ORD002471,CUST0041,PROD0194,2022-12-27 08:15:10.262052412,12,385.65,0.05,Completed,Web,East,4396.41
ORD002472,CUST0401,PROD0173,2022-12-27 11:45:09.901980396,14,187.47,0.0,Completed,Web,International,2624.58
ORD002473,CUST0076,PROD0069,2022-12-27 15:15:09.541908384,8,369.72,0.1,Completed,Mobile,East,2661.98
ORD002474,CUST0377,PROD0089,2022-12-27 18:45:09.181836368,2,61.0,0.0,Completed,Web,International,122.0
ORD002475,CUST0046,PROD0072,2022-12-27 22:15:08.821764356,12,396.77,0.05,Completed,Web,International,4523.18
ORD002476,CUST0160,PROD0129,2022-12-28 01:45:08.461692340,4,270.84,0.1,Completed,Web,East,975.02
ORD002477,CUST0463,PROD0172,2022-12-28 05:15:08.101620324,10,153.22,0.0,Completed,Mobile,East,1532.2
ORD002478,CUST0080,PROD0087,2022-12-28 08:45:07.741548312,13,331.33,0.0,Completed,Mobile,West,4307.29
ORD002479,CUST0310,PROD0096,2022-12-28 12:15:07.381476296,1,324.39,0.0,Returned,Mobile,North,324.39
ORD002480,CUST0086,PROD0075,2022-12-28 15:45:07.021404284,4,112.65,0.0,Completed,In-Store,International,450.6
ORD002481,CUST0092,PROD0167,2022-12-28 19:15:06.661332268,12,24.89,0.0,Completed,Web,East,298.68
ORD002482,CUST0148,PROD0054,2022-12-28 22:45:06.301260252,13,222.48,0.2,Completed,Mobile,West,2313.79
ORD002483,CUST0161,PROD0088,2022-12-29 02:15:05.941188240,13,289.06,0.15,Completed,Web,North,3194.11
ORD002484,CUST0202,PROD0157,2022-12-29 05:45:05.581116224,11,439.54,0.15,Completed,Web,West,4109.7
ORD002485,CUST0424,PROD0054,2022-12-29 09:15:05.221044212,13,464.83,0.2,Completed,Web,South,4834.23
ORD002486,CUST0416,PROD0016,2022-12-29 12:45:04.860972196,4,269.11,0.0,Completed,Web,West,1076.44
ORD002487,CUST0242,PROD0099,2022-12-29 16:15:04.500900180,10,379.36,0.0,Completed,Web,East,3793.6
ORD002488,CUST0353,PROD0020,2022-12-29 19:45:04.140828168,9,225.26,0.0,Completed,Web,South,2027.34
ORD002489,CUST0002,PROD0046,2022-12-29 23:15:03.780756152,3,375.58,0.15,Completed,Mobile,International,957.73
ORD002490,CUST0225,PROD0195,2022-12-30 02:45:03.420684140,2,110.35,0.1,Completed,Web,West,198.63
ORD002491,CUST0289,PROD0193,2022-12-30 06:15:03.060612124,9,191.82,0.0,Completed,Mobile,International,1726.38
ORD002492,CUST0233,PROD0127,2022-12-30 09:45:02.700540108,9,320.77,0.0,Completed,Web,South,2886.93
ORD002493,CUST0461,PROD0058,2022-12-30 13:15:02.340468096,1,18.9,0.05,Completed,Web,East,17.95
ORD002494,CUST0414,PROD0181,2022-12-30 16:45:01.980396080,6,364.01,0.05,Completed,Web,East,2074.86
ORD002495,CUST0417,PROD0111,2022-12-30 20:15:01.620324068,10,419.41,0.15,Completed,Web,West,3564.98
ORD002496,CUST0077,PROD0129,2022-12-30 23:45:01.260252052,8,205.58,0.0,Completed,Web,North,1644.64
ORD002497,CUST0116,PROD0081,2022-12-31 03:15:00.900180036,3,229.49,0.2,Completed,Mobile,South,550.78
ORD002498,CUST0154,PROD0194,2022-12-31 06:45:00.540108024,11,427.13,0.05,Completed,Mobile,International,4463.51
ORD002499,CUST0406,PROD0157,2022-12-31 10:15:00.180036008,9,390.07,0.1,Returned,Web,South,3159.57
ORD002500,CUST0103,PROD0084,2022-12-31 13:44:59.819963996,2,151.19,0.2,Completed,Web,International,241.9
ORD002501,CUST0194,PROD0070,2022-12-31 17:14:59.459891980,6,168.75,0.2,Completed,Mobile,North,810.0
ORD002502,CUST0166,PROD0008,2022-12-31 20:44:59.099819964,1,342.65,0.0,Completed,Web,International,342.65
ORD002503,CUST0359,PROD0029,2023-01-01 00:14:58.739747952,13,285.97,0.0,Completed,Web,West,3717.61
ORD002504,CUST0090,PROD0112,2023-01-01 03:44:58.379675936,7,89.49,0.05,Completed,Mobile,West,595.11
ORD002505,CUST0174,PROD0179,2023-01-01 07:14:58.019603924,3,161.87,0.05,Pending,Mobile,South,461.33
ORD002506,CUST0122,PROD0161,2023-01-01 10:44:57.659531908,7,450.99,0.1,Completed,Mobile,International,2841.24
ORD002507,CUST0498,PROD0131,2023-01-01 14:14:57.299459892,4,347.21,0.2,Completed,Mobile,East,1111.07
ORD002508,CUST0143,PROD0188,2023-01-01 17:44:56.939387880,9,493.13,0.0,Completed,Web,West,4438.17
ORD002509,CUST0482,PROD0163,2023-01-01 21:14:56.579315864,5,385.84,0.05,Completed,Web,North,1832.74
ORD002510,CUST0106,PROD0197,2023-01-02 00:44:56.219243852,3,471.57,0.0,Completed,Web,East,1414.71
ORD002511,CUST0375,PROD0108,2023-01-02 04:14:55.859171836,8,115.93,0.15,Completed,Mobile,International,788.32
ORD002512,CUST0428,PROD0109,2023-01-02 07:44:55.499099820,6,388.03,0.2,Completed,In-Store,North,1862.54
ORD002513,CUST0305,PROD0020,2023-01-02 11:14:55.139027808,2,19.91,0.05,Completed,Web,West,37.83
ORD002514,CUST0360,PROD0073,2023-01-02 14:44:54.778955792,3,338.67,0.0,Completed,Web,North,1016.01
ORD002515,CUST0459,PROD0167,2023-01-02 18:14:54.418883780,8,239.95,0.1,Completed,Web,International,1727.64
ORD002516,CUST0317,PROD0004,2023-01-02 21:44:54.058811764,10,179.91,0.1,Completed,Web,International,1619.19
ORD002517,CUST0451,PROD0019,2023-01-03 01:14:53.698739748,7,432.58,0.0,Pending,Web,South,3028.06
ORD002518,CUST0123,PROD0102,2023-01-03 04:44:53.338667736,10,428.59,0.15,Completed,Mobile,North,3643.01
ORD002519,CUST0390,PROD0173,2023-01-03 08:14:52.978595720,6,20.93,0.2,Completed,In-Store,West,100.46
ORD002520,CUST0009,PROD0171,2023-01-03 11:44:52.618523708,14,308.66,0.05,Returned,Web,North,4105.18
ORD002521,CUST0262,PROD0141,2023-01-03 15:14:52.258451692,1,190.24,0.05,Completed,Web,East,180.73
ORD002522,CUST0073,PROD0141,2023-01-03 18:44:51.898379676,9,213.67,0.0,Completed,Web,South,1923.03
ORD002523,CUST0359,PROD0188,2023-01-03 22:14:51.538307664,3,417.7,0.05,Completed,Web,East,1190.44
ORD002524,CUST0223,PROD0185,2023-01-04 01:44:51.178235648,14,161.82,0.05,Completed,Web,North,2152.21
ORD002525,CUST0416,PROD0086,2023-01-04 05:14:50.818163636,5,472.09,0.0,Completed,Mobile,North,2360.45
ORD002526,CUST0041,PROD0052,2023-01-04 08:44:50.458091620,7,98.02,0.0,Completed,Web,North,686.14
ORD002527,CUST0370,PROD0111,2023-01-04 12:14:50.098019604,7,334.73,0.0,Pending,In-Store,East,2343.11
ORD002528,CUST0204,PROD0181,2023-01-04 15:44:49.737947592,3,339.33,0.0,Completed,Mobile,East,1017.99
ORD002529,CUST0264,PROD0109,2023-01-04 19:14:49.377875576,4,133.58,0.05,Completed,Mobile,North,507.6
ORD002530,CUST0328,PROD0086,2023-01-04 22:44:49.017803564,10,169.13,0.1,Completed,Web,East,1522.17
ORD002531,CUST0178,PROD0043,2023-01-05 02:14:48.657731548,7,419.05,0.1,Completed,Mobile,International,2640.02
ORD002532,CUST0348,PROD0042,2023-01-05 05:44:48.297659532,8,383.28,0.0,Completed,Web,South,3066.24
ORD002533,CUST0318,PROD0090,2023-01-05 09:14:47.937587520,2,171.26,0.05,Completed,Web,West,325.39
ORD002534,CUST0084,PROD0115,2023-01-05 12:44:47.577515504,9,271.64,0.15,Completed,Web,West,2078.05
ORD002535,CUST0318,PROD0026,2023-01-05 16:14:47.217443492,7,40.22,0.05,Completed,In-Store,North,267.46
ORD002536,CUST0111,PROD0151,2023-01-05 19:44:46.857371476,13,112.29,0.2,Completed,Web,South,1167.82
ORD002537,CUST0251,PROD0043,2023-01-05 23:14:46.497299460,8,248.05,0.05,Completed,Web,East,1885.18
ORD002538,CUST0383,PROD0077,2023-01-06 02:44:46.137227448,6,52.13,0.1,Completed,Web,West,281.5
ORD002539,CUST0007,PROD0156,2023-01-06 06:14:45.777155432,6,423.23,0.0,Returned,Web,South,2539.38
ORD002540,CUST0459,PROD0137,2023-01-06 09:44:45.417083420,9,361.82,0.1,Completed,Web,International,2930.74
ORD002541,CUST0084,PROD0020,2023-01-06 13:14:45.057011404,4,472.38,0.15,Completed,Web,West,1606.09
ORD002542,CUST0208,PROD0184,2023-01-06 16:44:44.696939388,11,349.8,0.2,Completed,Mobile,South,3078.24
ORD002543,CUST0388,PROD0039,2023-01-06 20:14:44.336867376,11,470.8,0.2,Pending,Web,North,4143.04
ORD002544,CUST0390,PROD0179,2023-01-06 23:44:43.976795360,5,281.71,0.0,Completed,Mobile,North,1408.55
ORD002545,CUST0314,PROD0012,2023-01-07 03:14:43.616723348,9,304.11,0.05,Completed,Mobile,East,2600.14
ORD002546,CUST0022,PROD0183,2023-01-07 06:44:43.256651332,1,488.72,0.05,Completed,Web,East,464.28
ORD002547,CUST0410,PROD0011,2023-01-07 10:14:42.896579316,4,324.64,0.05,Completed,Mobile,West,1233.63
ORD002548,CUST0383,PROD0154,2023-01-07 13:44:42.536507304,7,25.09,0.0,Completed,Mobile,West,175.63
ORD002549,CUST0003,PROD0042,2023-01-07 17:14:42.176435288,11,364.66,0.15,Completed,Mobile,North,3409.57
ORD002550,CUST0127,PROD0155,2023-01-07 20:44:41.816363276,9,453.68,0.2,Completed,Mobile,East,3266.5
ORD002551,CUST0297,PROD0011,2023-01-08 00:14:41.456291260,14,399.83,0.05,Completed,Mobile,North,5317.74
ORD002552,CUST0188,PROD0038,2023-01-08 03:44:41.096219244,13,296.08,0.0,Completed,Web,South,3849.04
ORD002553,CUST0362,PROD0098,2023-01-08 07:14:40.736147232,11,338.94,0.0,Completed,Mobile,West,3728.34
ORD002554,CUST0014,PROD0171,2023-01-08 10:44:40.376075216,12,495.19,0.1,Completed,Web,South,5348.05
ORD002555,CUST0459,PROD0019,2023-01-08 14:14:40.016003204,13,54.42,0.0,Completed,Mobile,West,707.46
ORD002556,CUST0466,PROD0192,2023-01-08 17:44:39.655931188,10,336.95,0.2,Completed,Web,International,2695.6
ORD002557,CUST0012,PROD0134,2023-01-08 21:14:39.295859172,6,148.86,0.1,Completed,Mobile,East,803.84
ORD002558,CUST0087,PROD0174,2023-01-09 00:44:38.935787160,12,323.64,0.1,Returned,Web,North,3495.31
ORD002559,CUST0012,PROD0116,2023-01-09 04:14:38.575715144,8,307.74,0.05,Completed,Mobile,South,2338.82
ORD002560,CUST0397,PROD0113,2023-01-09 07:44:38.215643128,13,85.19,0.0,Completed,Mobile,North,1107.47
ORD002561,CUST0025,PROD0170,2023-01-09 11:14:37.855571116,9,111.31,0.2,Completed,In-Store,East,801.43
ORD002562,CUST0301,PROD0065,2023-01-09 14:44:37.495499100,10,314.6,0.1,Completed,Mobile,West,2831.4
ORD002563,CUST0243,PROD0099,2023-01-09 18:14:37.135427088,4,72.83,0.2,Completed,Web,East,233.06
ORD002564,CUST0122,PROD0072,2023-01-09 21:44:36.775355072,1,139.94,0.05,Completed,In-Store,West,132.94
ORD002565,CUST0147,PROD0187,2023-01-10 01:14:36.415283056,14,419.27,0.1,Completed,Mobile,West,5282.8
ORD002566,CUST0055,PROD0052,2023-01-10 04:44:36.055211044,8,170.27,0.0,Completed,Mobile,International,1362.16
ORD002567,CUST0238,PROD0118,2023-01-10 08:14:35.695139028,2,249.15,0.1,Completed,In-Store,South,448.47
ORD002568,CUST0356,PROD0175,2023-01-10 11:44:35.335067016,11,471.16,0.1,Completed,Web,International,4664.48
ORD002569,CUST0173,PROD0120,2023-01-10 15:14:34.974995000,1,121.3,0.1,Completed,Web,West,109.17
ORD002570,CUST0392,PROD0007,2023-01-10 18:44:34.614922984,13,200.92,0.1,Completed,Mobile,South,2350.76
ORD002571,CUST0221,PROD0011,2023-01-10 22:14:34.254850972,7,307.16,0.0,Completed,Mobile,International,2150.12
ORD002572,CUST0119,PROD0103,2023-01-11 01:44:33.894778956,12,380.12,0.2,Completed,Web,International,3649.15
ORD002573,CUST0309,PROD0061,2023-01-11 05:14:33.534706944,10,451.81,0.2,Completed,Mobile,East,3614.48
ORD002574,CUST0183,PROD0068,2023-01-11 08:44:33.174634928,9,458.58,0.0,Completed,Web,West,4127.22
ORD002575,CUST0288,PROD0153,2023-01-11 12:14:32.814562912,11,390.55,0.2,Completed,Mobile,South,3436.84
ORD002576,CUST0307,PROD0140,2023-01-11 15:44:32.454490900,12,121.88,0.0,Completed,Mobile,South,1462.56
ORD002577,CUST0300,PROD0154,2023-01-11 19:14:32.094418884,12,22.16,0.1,Completed,Web,North,239.33
ORD002578,CUST0082,PROD0102,2023-01-11 22:44:31.734346872,9,198.05,0.0,Completed,Mobile,East,1782.45
ORD002579,CUST0454,PROD0110,2023-01-12 02:14:31.374274856,3,79.36,0.2,Completed,Mobile,East,190.46
ORD002580,CUST0402,PROD0140,2023-01-12 05:44:31.014202840,6,358.09,0.0,Completed,Web,North,2148.54
ORD002581,CUST0211,PROD0171,2023-01-12 09:14:30.654130828,7,333.95,0.05,Completed,Web,West,2220.77
ORD002582,CUST0150,PROD0051,2023-01-12 12:44:30.294058812,14,31.55,0.05,Completed,Web,North,419.61
ORD002583,CUST0037,PROD0117,2023-01-12 16:14:29.933986800,10,419.93,0.0,Completed,Mobile,North,4199.3
ORD002584,CUST0352,PROD0165,2023-01-12 19:44:29.573914784,9,131.88,0.1,Completed,Web,South,1068.23
ORD002585,CUST0312,PROD0046,2023-01-12 23:14:29.213842768,2,221.79,0.0,Completed,Web,South,443.58
ORD002586,CUST0361,PROD0053,2023-01-13 02:44:28.853770756,8,337.29,0.1,Pending,Web,South,2428.49
ORD002587,CUST0059,PROD0088,2023-01-13 06:14:28.493698740,14,220.42,0.2,Returned,Web,South,2468.7
ORD002588,CUST0131,PROD0121,2023-01-13 09:44:28.133626728,7,226.23,0.15,Completed,Mobile,South,1346.07
ORD002589,CUST0412,PROD0013,2023-01-13 13:14:27.773554712,4,42.16,0.15,Completed,Mobile,North,143.34
ORD002590,CUST0202,PROD0089,2023-01-13 16:44:27.413482696,2,206.71,0.0,Completed,Web,South,413.42
ORD002591,CUST0243,PROD0125,2023-01-13 20:14:27.053410684,8,384.78,0.0,Completed,Mobile,International,3078.24
ORD002592,CUST0035,PROD0118,2023-01-13 23:44:26.693338668,11,458.44,0.05,Completed,Mobile,North,4790.7
ORD002593,CUST0445,PROD0054,2023-01-14 03:14:26.333266656,5,212.61,0.0,Completed,Web,West,1063.05
ORD002594,CUST0093,PROD0185,2023-01-14 06:44:25.973194640,6,217.56,0.2,Returned,Web,North,1044.29
ORD002595,CUST0438,PROD0116,2023-01-14 10:14:25.613122624,14,354.29,0.0,Completed,In-Store,South,4960.06
ORD002596,CUST0447,PROD0118,2023-01-14 13:44:25.253050612,11,471.96,0.2,Completed,Mobile,South,4153.25
ORD002597,CUST0207,PROD0004,2023-01-14 17:14:24.892978596,7,140.86,0.0,Completed,Mobile,International,986.02
ORD002598,CUST0353,PROD0075,2023-01-14 20:44:24.532906584,10,225.67,0.15,Completed,Web,South,1918.19
ORD002599,CUST0391,PROD0049,2023-01-15 00:14:24.172834568,1,400.03,0.0,Completed,Mobile,West,400.03
ORD002600,CUST0332,PROD0007,2023-01-15 03:44:23.812762552,8,308.75,0.0,Completed,Mobile,East,2470.0
ORD002601,CUST0305,PROD0110,2023-01-15 07:14:23.452690540,4,64.19,0.1,Completed,Mobile,North,231.08
ORD002602,CUST0350,PROD0122,2023-01-15 10:44:23.092618524,13,317.59,0.0,Completed,In-Store,International,4128.67
ORD002603,CUST0213,PROD0011,2023-01-15 14:14:22.732546512,9,101.51,0.1,Completed,In-Store,South,822.23
ORD002604,CUST0159,PROD0092,2023-01-15 17:44:22.372474496,1,260.01,0.05,Completed,In-Store,North,247.01
ORD002605,CUST0442,PROD0182,2023-01-15 21:14:22.012402480,11,269.26,0.0,Completed,Web,South,2961.86
ORD002606,CUST0445,PROD0173,2023-01-16 00:44:21.652330468,2,439.34,0.2,Completed,In-Store,South,702.94
ORD002607,CUST0024,PROD0023,2023-01-16 04:14:21.292258452,14,236.62,0.05,Completed,Web,North,3147.05
ORD002608,CUST0404,PROD0028,2023-01-16 07:44:20.932186440,6,146.93,0.1,Completed,In-Store,East,793.42
ORD002609,CUST0293,PROD0111,2023-01-16 11:14:20.572114424,11,123.17,0.05,Completed,Web,South,1287.13
ORD002610,CUST0004,PROD0057,2023-01-16 14:44:20.212042408,10,438.38,0.1,Completed,Mobile,East,3945.42
ORD002611,CUST0220,PROD0026,2023-01-16 18:14:19.851970396,11,93.8,0.0,Completed,Web,North,1031.8
ORD002612,CUST0364,PROD0153,2023-01-16 21:44:19.491898380,14,218.68,0.0,Completed,Mobile,International,3061.52
ORD002613,CUST0382,PROD0054,2023-01-17 01:14:19.131826368,1,101.71,0.05,Completed,Web,North,96.62
ORD002614,CUST0020,PROD0029,2023-01-17 04:44:18.771754352,4,388.92,0.05,Returned,Web,West,1477.9
ORD002615,CUST0444,PROD0097,2023-01-17 08:14:18.411682336,8,242.44,0.0,Returned,Mobile,West,1939.52
ORD002616,CUST0152,PROD0164,2023-01-17 11:44:18.051610324,10,182.06,0.1,Completed,Mobile,North,1638.54
ORD002617,CUST0050,PROD0014,2023-01-17 15:14:17.691538308,5,186.94,0.1,Completed,Web,North,841.23
ORD002618,CUST0177,PROD0078,2023-01-17 18:44:17.331466296,13,427.58,0.0,Completed,Web,North,5558.54
ORD002619,CUST0435,PROD0035,2023-01-17 22:14:16.971394280,9,281.35,0.0,Completed,Web,North,2532.15
ORD002620,CUST0096,PROD0030,2023-01-18 01:44:16.611322264,11,361.76,0.05,Completed,Mobile,North,3780.39
ORD002621,CUST0105,PROD0092,2023-01-18 05:14:16.251250252,11,449.55,0.0,Completed,In-Store,West,4945.05
ORD002622,CUST0420,PROD0017,2023-01-18 08:44:15.891178236,6,451.85,0.0,Completed,Mobile,South,2711.1
ORD002623,CUST0250,PROD0195,2023-01-18 12:14:15.531106224,1,170.97,0.0,Completed,Web,East,170.97
ORD002624,CUST0117,PROD0158,2023-01-18 15:44:15.171034208,6,476.7,0.2,Completed,Web,North,2288.16
ORD002625,CUST0354,PROD0093,2023-01-18 19:14:14.810962192,6,22.19,0.1,Completed,In-Store,International,119.83
ORD002626,CUST0228,PROD0173,2023-01-18 22:44:14.450890180,13,194.65,0.0,Completed,Web,North,2530.45
ORD002627,CUST0066,PROD0079,2023-01-19 02:14:14.090818164,6,448.94,0.0,Completed,Mobile,South,2693.64
ORD002628,CUST0335,PROD0110,2023-01-19 05:44:13.730746152,8,144.57,0.1,Pending,Web,North,1040.9
ORD002629,CUST0418,PROD0179,2023-01-19 09:14:13.370674136,6,143.81,0.05,Completed,Mobile,North,819.72
ORD002630,CUST0420,PROD0102,2023-01-19 12:44:13.010602120,5,158.28,0.1,Completed,In-Store,West,712.26
ORD002631,CUST0262,PROD0106,2023-01-19 16:14:12.650530108,11,310.03,0.2,Returned,Web,West,2728.26
ORD002632,CUST0295,PROD0047,2023-01-19 19:44:12.290458092,2,224.78,0.05,Completed,Mobile,West,427.08
ORD002633,CUST0426,PROD0181,2023-01-19 23:14:11.930386080,4,366.1,0.0,Completed,Mobile,East,1464.4
ORD002634,CUST0243,PROD0064,2023-01-20 02:44:11.570314064,14,448.51,0.1,Completed,Web,International,5651.23
ORD002635,CUST0371,PROD0166,2023-01-20 06:14:11.210242048,10,340.36,0.2,Completed,Web,East,2722.88
ORD002636,CUST0186,PROD0064,2023-01-20 09:44:10.850170036,5,110.19,0.05,Completed,Mobile,South,523.4
ORD002637,CUST0246,PROD0087,2023-01-20 13:14:10.490098020,10,467.01,0.1,Pending,Web,North,4203.09
ORD002638,CUST0125,PROD0007,2023-01-20 16:44:10.130026008,4,139.6,0.0,Completed,Mobile,North,558.4
ORD002639,CUST0268,PROD0022,2023-01-20 20:14:09.769953992,2,83.45,0.0,Completed,Web,East,166.9
ORD002640,CUST0131,PROD0081,2023-01-20 23:44:09.409881976,7,54.08,0.1,Completed,Web,South,340.7
ORD002641,CUST0237,PROD0169,2023-01-21 03:14:09.049809964,10,286.06,0.2,Completed,Web,East,2288.48
ORD002642,CUST0018,PROD0074,2023-01-21 06:44:08.689737948,10,65.74,0.1,Completed,Web,North,591.66
ORD002643,CUST0040,PROD0138,2023-01-21 10:14:08.329665936,2,78.0,0.1,Completed,Web,West,140.4
ORD002644,CUST0021,PROD0185,2023-01-21 13:44:07.969593920,1,157.01,0.0,Completed,Web,International,157.01
ORD002645,CUST0399,PROD0135,2023-01-21 17:14:07.609521904,14,148.01,0.0,Completed,Mobile,South,2072.14
ORD002646,CUST0225,PROD0125,2023-01-21 20:44:07.249449892,5,306.08,0.05,Completed,In-Store,West,1453.88
ORD002647,CUST0355,PROD0050,2023-01-22 00:14:06.889377876,12,410.21,0.0,Completed,Mobile,International,4922.52
ORD002648,CUST0282,PROD0052,2023-01-22 03:44:06.529305864,13,383.06,0.1,Completed,Web,International,4481.8
ORD002649,CUST0008,PROD0161,2023-01-22 07:14:06.169233848,1,138.62,0.0,Completed,In-Store,South,138.62
ORD002650,CUST0100,PROD0001,2023-01-22 10:44:05.809161832,1,130.2,0.1,Completed,Web,West,117.18
ORD002651,CUST0240,PROD0181,2023-01-22 14:14:05.449089820,1,483.24,0.15,Completed,Web,North,410.75
ORD002652,CUST0478,PROD0188,2023-01-22 17:44:05.089017804,6,14.04,0.05,Completed,Web,East,80.03
ORD002653,CUST0087,PROD0162,2023-01-22 21:14:04.728945792,9,441.06,0.0,Completed,Web,West,3969.54
ORD002654,CUST0298,PROD0004,2023-01-23 00:44:04.368873776,10,107.87,0.1,Returned,In-Store,West,970.83
ORD002655,CUST0428,PROD0145,2023-01-23 04:14:04.008801760,13,474.17,0.2,Completed,Web,North,4931.37
ORD002656,CUST0014,PROD0132,2023-01-23 07:44:03.648729748,11,177.73,0.1,Completed,Mobile,West,1759.53
ORD002657,CUST0334,PROD0171,2023-01-23 11:14:03.288657732,12,225.77,0.0,Completed,Web,South,2709.24
ORD002658,CUST0002,PROD0004,2023-01-23 14:44:02.928585720,1,356.49,0.0,Completed,Mobile,North,356.49
ORD002659,CUST0375,PROD0001,2023-01-23 18:14:02.568513704,5,297.96,0.0,Returned,Mobile,East,1489.8
ORD002660,CUST0293,PROD0071,2023-01-23 21:44:02.208441688,9,165.79,0.0,Completed,Web,International,1492.11
ORD002661,CUST0325,PROD0178,2023-01-24 01:14:01.848369676,14,281.38,0.15,Completed,Mobile,International,3348.42
ORD002662,CUST0422,PROD0189,2023-01-24 04:44:01.488297660,9,368.05,0.15,Completed,Mobile,West,2815.58
ORD002663,CUST0493,PROD0035,2023-01-24 08:14:01.128225648,1,30.74,0.0,Completed,Mobile,North,30.74
ORD002664,CUST0041,PROD0008,2023-01-24 11:44:00.768153632,8,15.49,0.0,Completed,Mobile,North,123.92
ORD002665,CUST0318,PROD0152,2023-01-24 15:14:00.408081616,1,234.45,0.0,Completed,Mobile,North,234.45
ORD002666,CUST0316,PROD0036,2023-01-24 18:44:00.048009604,8,74.6,0.2,Completed,Web,North,477.44
ORD002667,CUST0381,PROD0178,2023-01-24 22:13:59.687937588,1,335.53,0.05,Completed,Mobile,South,318.75
ORD002668,CUST0111,PROD0123,2023-01-25 01:43:59.327865576,12,114.89,0.1,Completed,Web,South,1240.81
ORD002669,CUST0014,PROD0043,2023-01-25 05:13:58.967793560,5,222.1,0.05,Completed,Web,North,1054.97
ORD002670,CUST0231,PROD0027,2023-01-25 08:43:58.607721544,8,106.86,0.1,Completed,In-Store,International,769.39
ORD002671,CUST0473,PROD0032,2023-01-25 12:13:58.247649532,6,278.76,0.0,Completed,Web,East,1672.56
ORD002672,CUST0084,PROD0078,2023-01-25 15:43:57.887577516,9,66.87,0.0,Completed,Web,West,601.83
ORD002673,CUST0130,PROD0121,2023-01-25 19:13:57.527505504,1,21.32,0.1,Completed,Web,South,19.19
ORD002674,CUST0231,PROD0146,2023-01-25 22:43:57.167433488,9,35.05,0.05,Completed,Web,South,299.68
ORD002675,CUST0326,PROD0156,2023-01-26 02:13:56.807361472,1,477.59,0.0,Completed,Web,South,477.59
ORD002676,CUST0145,PROD0157,2023-01-26 05:43:56.447289460,10,79.72,0.0,Completed,In-Store,South,797.2
ORD002677,CUST0379,PROD0016,2023-01-26 09:13:56.087217444,10,357.15,0.0,Returned,Web,East,3571.5
ORD002678,CUST0345,PROD0099,2023-01-26 12:43:55.727145432,3,43.28,0.05,Completed,Mobile,East,123.35
ORD002679,CUST0028,PROD0047,2023-01-26 16:13:55.367073416,1,63.0,0.1,Completed,Web,West,56.7
ORD002680,CUST0066,PROD0187,2023-01-26 19:43:55.007001400,3,259.35,0.2,Completed,Mobile,International,622.44
ORD002681,CUST0163,PROD0031,2023-01-26 23:13:54.646929388,12,237.79,0.0,Pending,In-Store,East,2853.48
ORD002682,CUST0229,PROD0004,2023-01-27 02:43:54.286857372,11,476.27,0.0,Completed,Web,North,5238.97
ORD002683,CUST0261,PROD0165,2023-01-27 06:13:53.926785360,13,472.97,0.0,Completed,Mobile,International,6148.61
ORD002684,CUST0449,PROD0017,2023-01-27 09:43:53.566713344,2,392.01,0.05,Completed,In-Store,West,744.82
ORD002685,CUST0424,PROD0039,2023-01-27 13:13:53.206641328,2,305.03,0.05,Completed,Mobile,East,579.56
ORD002686,CUST0460,PROD0048,2023-01-27 16:43:52.846569316,9,232.93,0.1,Completed,Web,West,1886.73
ORD002687,CUST0440,PROD0174,2023-01-27 20:13:52.486497300,8,184.53,0.0,Completed,Mobile,North,1476.24
ORD002688,CUST0164,PROD0176,2023-01-27 23:43:52.126425288,1,474.07,0.05,Completed,Mobile,North,450.37
ORD002689,CUST0301,PROD0039,2023-01-28 03:13:51.766353272,12,305.43,0.15,Completed,Web,North,3115.39
ORD002690,CUST0407,PROD0132,2023-01-28 06:43:51.406281256,14,293.75,0.2,Completed,Web,North,3290.0
ORD002691,CUST0303,PROD0030,2023-01-28 10:13:51.046209244,4,123.63,0.2,Completed,Web,South,395.62
ORD002692,CUST0287,PROD0158,2023-01-28 13:43:50.686137228,13,32.88,0.1,Pending,Web,North,384.7
ORD002693,CUST0395,PROD0022,2023-01-28 17:13:50.326065216,1,473.14,0.2,Completed,In-Store,International,378.51
ORD002694,CUST0010,PROD0066,2023-01-28 20:43:49.965993200,1,163.73,0.0,Completed,Web,East,163.73
ORD002695,CUST0195,PROD0108,2023-01-29 00:13:49.605921184,12,226.87,0.0,Pending,Web,South,2722.44
ORD002696,CUST0118,PROD0012,2023-01-29 03:43:49.245849172,12,66.17,0.0,Returned,Mobile,North,794.04
ORD002697,CUST0270,PROD0036,2023-01-29 07:13:48.885777156,4,420.09,0.1,Completed,Web,East,1512.32
ORD002698,CUST0080,PROD0018,2023-01-29 10:43:48.525705144,2,23.54,0.2,Returned,Web,North,37.66
ORD002699,CUST0458,PROD0090,2023-01-29 14:13:48.165633128,3,418.66,0.0,Completed,Mobile,West,1255.98
ORD002700,CUST0093,PROD0181,2023-01-29 17:43:47.805561112,11,78.74,0.1,Completed,Web,West,779.53
ORD002701,CUST0266,PROD0199,2023-01-29 21:13:47.445489100,9,444.42,0.1,Completed,Web,East,3599.8
ORD002702,CUST0332,PROD0001,2023-01-30 00:43:47.085417084,2,367.59,0.2,Completed,Web,North,588.14
ORD002703,CUST0350,PROD0127,2023-01-30 04:13:46.725345072,4,90.69,0.1,Completed,Mobile,West,326.48
ORD002704,CUST0361,PROD0186,2023-01-30 07:43:46.365273056,1,287.25,0.2,Completed,Mobile,South,229.8
ORD002705,CUST0257,PROD0090,2023-01-30 11:13:46.005201040,2,163.2,0.0,Completed,In-Store,North,326.4
ORD002706,CUST0133,PROD0087,2023-01-30 14:43:45.645129028,5,97.33,0.0,Completed,Web,East,486.65
ORD002707,CUST0276,PROD0090,2023-01-30 18:13:45.285057012,14,431.0,0.05,Completed,Mobile,International,5732.3
ORD002708,CUST0264,PROD0134,2023-01-30 21:43:44.924985000,10,207.73,0.0,Completed,In-Store,South,2077.3
ORD002709,CUST0171,PROD0070,2023-01-31 01:13:44.564912984,1,205.29,0.0,Completed,Web,International,205.29
ORD002710,CUST0460,PROD0044,2023-01-31 04:43:44.204840968,11,93.24,0.1,Completed,In-Store,North,923.08
ORD002711,CUST0001,PROD0152,2023-01-31 08:13:43.844768956,7,197.7,0.1,Completed,In-Store,North,1245.51
ORD002712,CUST0313,PROD0086,2023-01-31 11:43:43.484696940,4,437.09,0.1,Completed,Web,West,1573.52
ORD002713,CUST0064,PROD0019,2023-01-31 15:13:43.124624928,6,187.93,0.0,Completed,Web,North,1127.58
ORD002714,CUST0374,PROD0101,2023-01-31 18:43:42.764552912,8,476.29,0.05,Completed,Web,South,3619.8
ORD002715,CUST0468,PROD0146,2023-01-31 22:13:42.404480896,13,473.69,0.0,Completed,Web,North,6157.97
ORD002716,CUST0284,PROD0095,2023-02-01 01:43:42.044408884,6,81.0,0.0,Pending,In-Store,South,486.0
ORD002717,CUST0121,PROD0101,2023-02-01 05:13:41.684336868,14,96.88,0.05,Completed,In-Store,South,1288.5
ORD002718,CUST0107,PROD0030,2023-02-01 08:43:41.324264856,2,432.71,0.0,Completed,Web,West,865.42
ORD002719,CUST0421,PROD0170,2023-02-01 12:13:40.964192840,1,202.45,0.0,Completed,Mobile,West,202.45
ORD002720,CUST0175,PROD0033,2023-02-01 15:43:40.604120824,8,12.14,0.1,Completed,Mobile,International,87.41
ORD002721,CUST0485,PROD0012,2023-02-01 19:13:40.244048812,8,144.2,0.0,Returned,Web,West,1153.6
ORD002722,CUST0204,PROD0118,2023-02-01 22:43:39.883976796,9,302.84,0.2,Completed,Mobile,West,2180.45
ORD002723,CUST0165,PROD0094,2023-02-02 02:13:39.523904784,6,401.64,0.05,Completed,In-Store,West,2289.35
ORD002724,CUST0305,PROD0155,2023-02-02 05:43:39.163832768,12,75.36,0.2,Completed,Web,International,723.46
ORD002725,CUST0497,PROD0167,2023-02-02 09:13:38.803760752,1,64.17,0.0,Completed,Web,South,64.17
ORD002726,CUST0120,PROD0137,2023-02-02 12:43:38.443688740,14,461.83,0.05,Completed,Web,South,6142.34
ORD002727,CUST0044,PROD0149,2023-02-02 16:13:38.083616724,9,378.06,0.0,Completed,Web,West,3402.54
ORD002728,CUST0312,PROD0076,2023-02-02 19:43:37.723544712,12,298.99,0.15,Completed,Web,North,3049.7
ORD002729,CUST0156,PROD0029,2023-02-02 23:13:37.363472696,13,386.9,0.0,Completed,Web,International,5029.7
ORD002730,CUST0367,PROD0161,2023-02-03 02:43:37.003400680,14,220.14,0.0,Completed,Mobile,East,3081.96
ORD002731,CUST0207,PROD0190,2023-02-03 06:13:36.643328668,3,381.64,0.15,Completed,Mobile,South,973.18
ORD002732,CUST0390,PROD0117,2023-02-03 09:43:36.283256652,11,192.18,0.0,Completed,Web,West,2113.98
ORD002733,CUST0108,PROD0015,2023-02-03 13:13:35.923184640,6,129.61,0.0,Completed,Web,South,777.66
ORD002734,CUST0251,PROD0002,2023-02-03 16:43:35.563112624,10,367.22,0.0,Completed,Mobile,International,3672.2
ORD002735,CUST0445,PROD0180,2023-02-03 20:13:35.203040608,13,215.64,0.1,Completed,Mobile,International,2522.99
ORD002736,CUST0404,PROD0117,2023-02-03 23:43:34.842968596,10,490.87,0.0,Completed,Web,West,4908.7
ORD002737,CUST0370,PROD0172,2023-02-04 03:13:34.482896580,11,181.25,0.05,Completed,Web,North,1894.06
ORD002738,CUST0334,PROD0182,2023-02-04 06:43:34.122824568,12,461.65,0.0,Completed,Mobile,South,5539.8
ORD002739,CUST0130,PROD0018,2023-02-04 10:13:33.762752552,14,467.15,0.05,Completed,Web,East,6213.09
ORD002740,CUST0457,PROD0003,2023-02-04 13:43:33.402680536,9,128.51,0.1,Completed,Web,International,1040.93
ORD002741,CUST0293,PROD0135,2023-02-04 17:13:33.042608524,11,401.13,0.05,Completed,Web,North,4191.81
ORD002742,CUST0020,PROD0171,2023-02-04 20:43:32.682536508,13,222.21,0.05,Completed,Web,North,2744.29
ORD002743,CUST0282,PROD0166,2023-02-05 00:13:32.322464496,3,459.59,0.0,Completed,Web,North,1378.77
ORD002744,CUST0285,PROD0165,2023-02-05 03:43:31.962392480,5,230.56,0.0,Completed,Web,East,1152.8
ORD002745,CUST0001,PROD0186,2023-02-05 07:13:31.602320464,13,374.71,0.0,Completed,Mobile,International,4871.23
ORD002746,CUST0119,PROD0161,2023-02-05 10:43:31.242248452,14,238.81,0.05,Completed,Mobile,North,3176.17
ORD002747,CUST0035,PROD0108,2023-02-05 14:13:30.882176436,5,121.62,0.05,Completed,In-Store,North,577.7
ORD002748,CUST0198,PROD0187,2023-02-05 17:43:30.522104424,10,107.68,0.2,Returned,Web,West,861.44
ORD002749,CUST0485,PROD0095,2023-02-05 21:13:30.162032408,7,218.46,0.0,Completed,Web,West,1529.22
ORD002750,CUST0245,PROD0122,2023-02-06 00:43:29.801960392,4,380.19,0.05,Completed,Mobile,West,1444.72
ORD002751,CUST0059,PROD0011,2023-02-06 04:13:29.441888380,11,306.49,0.05,Completed,Mobile,West,3202.82
ORD002752,CUST0325,PROD0068,2023-02-06 07:43:29.081816364,4,347.43,0.05,Completed,Web,North,1320.23
ORD002753,CUST0161,PROD0123,2023-02-06 11:13:28.721744352,7,148.34,0.15,Completed,Web,South,882.62
ORD002754,CUST0497,PROD0196,2023-02-06 14:43:28.361672336,9,245.9,0.0,Completed,Web,International,2213.1
ORD002755,CUST0179,PROD0113,2023-02-06 18:13:28.001600320,11,31.75,0.0,Completed,Web,International,349.25
ORD002756,CUST0206,PROD0098,2023-02-06 21:43:27.641528308,4,410.59,0.1,Completed,Web,East,1478.12
ORD002757,CUST0012,PROD0093,2023-02-07 01:13:27.281456292,4,495.05,0.0,Completed,In-Store,West,1980.2
ORD002758,CUST0490,PROD0022,2023-02-07 04:43:26.921384280,6,209.37,0.0,Completed,Web,International,1256.22
ORD002759,CUST0276,PROD0194,2023-02-07 08:13:26.561312264,6,15.37,0.0,Completed,In-Store,South,92.22
ORD002760,CUST0181,PROD0172,2023-02-07 11:43:26.201240248,7,93.2,0.0,Completed,Mobile,North,652.4
ORD002761,CUST0242,PROD0127,2023-02-07 15:13:25.841168236,1,329.74,0.1,Completed,Web,West,296.77
ORD002762,CUST0216,PROD0134,2023-02-07 18:43:25.481096220,13,309.92,0.0,Completed,Mobile,International,4028.96
ORD002763,CUST0251,PROD0170,2023-02-07 22:13:25.121024208,11,396.05,0.05,Completed,Mobile,West,4138.72
ORD002764,CUST0299,PROD0025,2023-02-08 01:43:24.760952192,14,134.4,0.05,Completed,Web,West,1787.52
ORD002765,CUST0126,PROD0185,2023-02-08 05:13:24.400880176,3,384.18,0.05,Completed,Web,South,1094.91
ORD002766,CUST0482,PROD0085,2023-02-08 08:43:24.040808164,9,347.11,0.2,Completed,Mobile,North,2499.19
ORD002767,CUST0217,PROD0055,2023-02-08 12:13:23.680736148,6,168.18,0.0,Completed,Mobile,North,1009.08
ORD002768,CUST0306,PROD0144,2023-02-08 15:43:23.320664136,6,277.29,0.2,Completed,Mobile,International,1330.99
ORD002769,CUST0285,PROD0095,2023-02-08 19:13:22.960592120,5,82.16,0.05,Completed,Web,East,390.26
ORD002770,CUST0185,PROD0142,2023-02-08 22:43:22.600520104,11,231.76,0.1,Completed,Web,North,2294.42
ORD002771,CUST0039,PROD0167,2023-02-09 02:13:22.240448092,3,441.79,0.05,Completed,Web,International,1259.1
ORD002772,CUST0223,PROD0156,2023-02-09 05:43:21.880376076,11,216.38,0.05,Completed,Web,East,2261.17
ORD002773,CUST0184,PROD0179,2023-02-09 09:13:21.520304064,5,421.39,0.15,Completed,Mobile,West,1790.91
ORD002774,CUST0495,PROD0119,2023-02-09 12:43:21.160232048,14,299.22,0.15,Pending,In-Store,East,3560.72
ORD002775,CUST0427,PROD0177,2023-02-09 16:13:20.800160032,1,104.02,0.0,Completed,Mobile,North,104.02
ORD002776,CUST0178,PROD0009,2023-02-09 19:43:20.440088020,3,294.74,0.0,Completed,Mobile,East,884.22
ORD002777,CUST0407,PROD0186,2023-02-09 23:13:20.080016004,4,257.93,0.05,Returned,Mobile,International,980.13
ORD002778,CUST0428,PROD0173,2023-02-10 02:43:19.719943992,5,205.33,0.2,Completed,Mobile,North,821.32
ORD002779,CUST0294,PROD0150,2023-02-10 06:13:19.359871976,10,68.62,0.0,Returned,Mobile,West,686.2
ORD002780,CUST0340,PROD0160,2023-02-10 09:43:18.999799960,9,214.19,0.1,Completed,Web,North,1734.94
ORD002781,CUST0151,PROD0197,2023-02-10 13:13:18.639727948,4,45.65,0.1,Completed,In-Store,South,164.34
ORD002782,CUST0384,PROD0197,2023-02-10 16:43:18.279655932,3,58.4,0.1,Completed,Web,South,157.68
ORD002783,CUST0126,PROD0042,2023-02-10 20:13:17.919583920,10,213.8,0.05,Completed,Web,International,2031.1
ORD002784,CUST0301,PROD0053,2023-02-10 23:43:17.559511904,1,159.64,0.05,Completed,Web,East,151.66
ORD002785,CUST0308,PROD0187,2023-02-11 03:13:17.199439888,13,463.52,0.2,Completed,Web,South,4820.61
ORD002786,CUST0336,PROD0074,2023-02-11 06:43:16.839367876,10,194.1,0.1,Pending,Mobile,West,1746.9
ORD002787,CUST0434,PROD0039,2023-02-11 10:13:16.479295860,6,381.35,0.1,Completed,Web,North,2059.29
ORD002788,CUST0234,PROD0122,2023-02-11 13:43:16.119223848,7,269.82,0.0,Completed,Mobile,North,1888.74
ORD002789,CUST0380,PROD0015,2023-02-11 17:13:15.759151832,10,355.0,0.1,Completed,Web,North,3195.0
ORD002790,CUST0375,PROD0199,2023-02-11 20:43:15.399079816,8,137.46,0.0,Completed,Web,West,1099.68
ORD002791,CUST0008,PROD0157,2023-02-12 00:13:15.039007804,12,471.53,0.0,Completed,Web,East,5658.36
ORD002792,CUST0498,PROD0123,2023-02-12 03:43:14.678935788,1,269.74,0.1,Completed,Mobile,International,242.77
ORD002793,CUST0341,PROD0111,2023-02-12 07:13:14.318863776,12,417.35,0.05,Completed,Mobile,East,4757.79
ORD002794,CUST0129,PROD0131,2023-02-12 10:43:13.958791760,4,188.87,0.1,Completed,Web,North,679.93
ORD002795,CUST0264,PROD0083,2023-02-12 14:13:13.598719744,11,59.1,0.0,Completed,Web,West,650.1
ORD002796,CUST0157,PROD0010,2023-02-12 17:43:13.238647732,5,340.12,0.05,Completed,In-Store,South,1615.57
ORD002797,CUST0352,PROD0092,2023-02-12 21:13:12.878575716,2,13.8,0.05,Completed,Web,International,26.22
ORD002798,CUST0358,PROD0029,2023-02-13 00:43:12.518503704,1,242.89,0.05,Completed,Web,South,230.75
ORD002799,CUST0005,PROD0035,2023-02-13 04:13:12.158431688,8,104.47,0.0,Returned,Web,North,835.76
ORD002800,CUST0495,PROD0006,2023-02-13 07:43:11.798359672,6,317.41,0.1,Returned,Web,East,1714.01
ORD002801,CUST0086,PROD0140,2023-02-13 11:13:11.438287660,5,489.92,0.15,Completed,Web,North,2082.16
ORD002802,CUST0175,PROD0111,2023-02-13 14:43:11.078215644,13,237.56,0.0,Completed,Web,North,3088.28
ORD002803,CUST0290,PROD0038,2023-02-13 18:13:10.718143632,9,410.57,0.0,Completed,In-Store,East,3695.13
ORD002804,CUST0193,PROD0077,2023-02-13 21:43:10.358071616,13,258.81,0.1,Completed,Mobile,North,3028.08
ORD002805,CUST0311,PROD0093,2023-02-14 01:13:09.997999600,11,252.96,0.1,Completed,Mobile,North,2504.3
ORD002806,CUST0119,PROD0147,2023-02-14 04:43:09.637927588,13,465.91,0.1,Completed,Mobile,South,5451.15
ORD002807,CUST0218,PROD0067,2023-02-14 08:13:09.277855572,11,446.08,0.1,Completed,Mobile,East,4416.19
ORD002808,CUST0427,PROD0136,2023-02-14 11:43:08.917783560,2,395.04,0.0,Completed,Mobile,South,790.08
ORD002809,CUST0458,PROD0008,2023-02-14 15:13:08.557711544,10,155.17,0.0,Completed,In-Store,North,1551.7
ORD002810,CUST0414,PROD0122,2023-02-14 18:43:08.197639528,12,277.05,0.0,Completed,Web,East,3324.6
ORD002811,CUST0114,PROD0084,2023-02-14 22:13:07.837567516,8,119.71,0.0,Completed,Web,West,957.68
ORD002812,CUST0466,PROD0175,2023-02-15 01:43:07.477495500,11,227.52,0.1,Completed,Mobile,West,2252.45
ORD002813,CUST0145,PROD0132,2023-02-15 05:13:07.117423488,14,247.26,0.0,Completed,In-Store,South,3461.64
ORD002814,CUST0026,PROD0179,2023-02-15 08:43:06.757351472,10,417.5,0.2,Completed,In-Store,North,3340.0
ORD002815,CUST0136,PROD0085,2023-02-15 12:13:06.397279456,13,449.05,0.15,Returned,Mobile,East,4962.0
ORD002816,CUST0303,PROD0195,2023-02-15 15:43:06.037207444,9,213.16,0.15,Completed,Web,International,1630.67
ORD002817,CUST0232,PROD0045,2023-02-15 19:13:05.677135428,1,18.68,0.2,Completed,Web,East,14.94
ORD002818,CUST0369,PROD0136,2023-02-15 22:43:05.317063416,7,432.27,0.05,Completed,In-Store,North,2874.6
ORD002819,CUST0076,PROD0087,2023-02-16 02:13:04.956991400,8,95.4,0.15,Returned,Web,North,648.72
ORD002820,CUST0475,PROD0016,2023-02-16 05:43:04.596919384,3,314.72,0.0,Completed,Web,International,944.16
ORD002821,CUST0328,PROD0077,2023-02-16 09:13:04.236847372,14,22.24,0.0,Completed,In-Store,West,311.36
ORD002822,CUST0345,PROD0195,2023-02-16 12:43:03.876775356,4,205.76,0.1,Completed,Web,South,740.74
ORD002823,CUST0302,PROD0009,2023-02-16 16:13:03.516703344,13,493.12,0.0,Completed,Mobile,South,6410.56
ORD002824,CUST0452,PROD0060,2023-02-16 19:43:03.156631328,3,59.34,0.2,Completed,Mobile,International,142.42
ORD002825,CUST0289,PROD0078,2023-02-16 23:13:02.796559312,7,217.61,0.1,Completed,Web,North,1370.94
ORD002826,CUST0001,PROD0077,2023-02-17 02:43:02.436487300,9,160.5,0.1,Completed,Web,East,1300.05
ORD002827,CUST0147,PROD0071,2023-02-17 06:13:02.076415284,3,453.49,0.0,Completed,Web,West,1360.47
ORD002828,CUST0287,PROD0015,2023-02-17 09:43:01.716343272,13,435.98,0.1,Completed,Mobile,South,5100.97
ORD002829,CUST0464,PROD0071,2023-02-17 13:13:01.356271256,6,126.47,0.0,Completed,Web,North,758.82
ORD002830,CUST0142,PROD0102,2023-02-17 16:43:00.996199240,8,49.78,0.15,Completed,Web,North,338.5
ORD002831,CUST0053,PROD0169,2023-02-17 20:13:00.636127228,6,317.3,0.0,Completed,In-Store,International,1903.8
ORD002832,CUST0304,PROD0022,2023-02-17 23:43:00.276055212,2,174.82,0.1,Completed,Web,East,314.68
ORD002833,CUST0069,PROD0152,2023-02-18 03:12:59.915983200,13,339.32,0.0,Completed,Web,West,4411.16
ORD002834,CUST0361,PROD0113,2023-02-18 06:42:59.555911184,7,25.74,0.0,Returned,Web,East,180.18
ORD002835,CUST0090,PROD0172,2023-02-18 10:12:59.195839168,2,75.37,0.05,Completed,Web,International,143.2
ORD002836,CUST0446,PROD0001,2023-02-18 13:42:58.835767156,2,346.32,0.0,Completed,In-Store,International,692.64
ORD002837,CUST0220,PROD0010,2023-02-18 17:12:58.475695140,2,114.06,0.1,Completed,Web,East,205.31
ORD002838,CUST0450,PROD0110,2023-02-18 20:42:58.115623128,11,430.22,0.0,Completed,Web,South,4732.42
ORD002839,CUST0498,PROD0184,2023-02-19 00:12:57.755551112,1,38.71,0.0,Completed,In-Store,East,38.71
ORD002840,CUST0192,PROD0113,2023-02-19 03:42:57.395479096,14,115.59,0.05,Completed,Mobile,West,1537.35
ORD002841,CUST0454,PROD0050,2023-02-19 07:12:57.035407084,11,499.29,0.0,Completed,Web,East,5492.19
ORD002842,CUST0063,PROD0012,2023-02-19 10:42:56.675335068,1,222.21,0.0,Pending,In-Store,West,222.21
ORD002843,CUST0073,PROD0089,2023-02-19 14:12:56.315263056,14,354.45,0.15,Completed,Mobile,North,4217.96
ORD002844,CUST0161,PROD0188,2023-02-19 17:42:55.955191040,7,99.5,0.0,Completed,Web,South,696.5
ORD002845,CUST0169,PROD0154,2023-02-19 21:12:55.595119024,13,308.84,0.0,Completed,Mobile,West,4014.92
ORD002846,CUST0089,PROD0112,2023-02-20 00:42:55.235047012,14,365.79,0.0,Completed,In-Store,North,5121.06
ORD002847,CUST0176,PROD0078,2023-02-20 04:12:54.874974996,14,164.09,0.05,Completed,Web,South,2182.4
ORD002848,CUST0269,PROD0169,2023-02-20 07:42:54.514902984,14,416.16,0.05,Completed,Mobile,International,5534.93
ORD002849,CUST0073,PROD0164,2023-02-20 11:12:54.154830968,12,305.67,0.0,Completed,In-Store,East,3668.04
ORD002850,CUST0245,PROD0121,2023-02-20 14:42:53.794758952,5,200.67,0.1,Completed,Mobile,International,903.02
ORD002851,CUST0077,PROD0023,2023-02-20 18:12:53.434686940,11,283.24,0.0,Completed,Web,West,3115.64
ORD002852,CUST0159,PROD0171,2023-02-20 21:42:53.074614924,3,292.61,0.05,Completed,Web,West,833.94
ORD002853,CUST0489,PROD0134,2023-02-21 01:12:52.714542912,1,91.11,0.0,Returned,Mobile,East,91.11
ORD002854,CUST0459,PROD0197,2023-02-21 04:42:52.354470896,11,207.34,0.1,Returned,Web,North,2052.67
ORD002855,CUST0324,PROD0171,2023-02-21 08:12:51.994398880,10,178.28,0.2,Completed,In-Store,East,1426.24
ORD002856,CUST0098,PROD0025,2023-02-21 11:42:51.634326868,6,206.44,0.05,Completed,Web,South,1176.71
ORD002857,CUST0381,PROD0018,2023-02-21 15:12:51.274254852,11,382.94,0.2,Completed,Web,International,3369.87
ORD002858,CUST0102,PROD0190,2023-02-21 18:42:50.914182840,1,246.44,0.0,Completed,Mobile,South,246.44
ORD002859,CUST0494,PROD0141,2023-02-21 22:12:50.554110824,9,470.75,0.0,Completed,Mobile,North,4236.75
ORD002860,CUST0132,PROD0043,2023-02-22 01:42:50.194038808,2,153.9,0.0,Completed,Web,East,307.8
ORD002861,CUST0102,PROD0078,2023-02-22 05:12:49.833966792,1,213.69,0.0,Completed,Web,East,213.69
ORD002862,CUST0019,PROD0028,2023-02-22 08:42:49.473894784,12,395.61,0.0,Returned,Mobile,North,4747.32
ORD002863,CUST0454,PROD0146,2023-02-22 12:12:49.113822768,7,277.55,0.0,Completed,In-Store,North,1942.85
ORD002864,CUST0482,PROD0059,2023-02-22 15:42:48.753750752,6,278.04,0.05,Completed,Mobile,West,1584.83
ORD002865,CUST0082,PROD0188,2023-02-22 19:12:48.393678736,6,36.14,0.0,Completed,Web,East,216.84
ORD002866,CUST0397,PROD0063,2023-02-22 22:42:48.033606720,14,205.31,0.0,Returned,Web,North,2874.34
ORD002867,CUST0489,PROD0185,2023-02-23 02:12:47.673534712,5,142.66,0.0,Completed,Mobile,East,713.3
ORD002868,CUST0279,PROD0092,2023-02-23 05:42:47.313462696,11,499.67,0.15,Returned,In-Store,South,4671.91
ORD002869,CUST0339,PROD0179,2023-02-23 09:12:46.953390680,4,161.09,0.0,Completed,Web,North,644.36
ORD002870,CUST0365,PROD0056,2023-02-23 12:42:46.593318664,11,443.4,0.1,Completed,Mobile,International,4389.66
ORD002871,CUST0331,PROD0155,2023-02-23 16:12:46.233246648,4,341.35,0.1,Completed,Web,South,1228.86
ORD002872,CUST0129,PROD0160,2023-02-23 19:42:45.873174640,3,177.05,0.05,Completed,Mobile,North,504.59
ORD002873,CUST0344,PROD0111,2023-02-23 23:12:45.513102624,10,276.33,0.0,Completed,Mobile,International,2763.3
ORD002874,CUST0310,PROD0137,2023-02-24 02:42:45.153030608,8,421.86,0.0,Completed,Web,West,3374.88
ORD002875,CUST0455,PROD0068,2023-02-24 06:12:44.792958592,7,442.85,0.05,Returned,Mobile,South,2944.95
ORD002876,CUST0089,PROD0046,2023-02-24 09:42:44.432886576,9,88.59,0.0,Completed,Web,South,797.31
ORD002877,CUST0213,PROD0067,2023-02-24 13:12:44.072814568,1,176.39,0.0,Completed,Web,International,176.39
ORD002878,CUST0143,PROD0154,2023-02-24 16:42:43.712742552,7,174.26,0.0,Completed,Mobile,South,1219.82
ORD002879,CUST0065,PROD0136,2023-02-24 20:12:43.352670536,10,30.6,0.15,Completed,Web,East,260.1
ORD002880,CUST0076,PROD0006,2023-02-24 23:42:42.992598520,4,303.14,0.05,Completed,Mobile,East,1151.93
ORD002881,CUST0199,PROD0024,2023-02-25 03:12:42.632526504,7,428.86,0.1,Completed,Web,South,2701.82
ORD002882,CUST0143,PROD0176,2023-02-25 06:42:42.272454496,13,196.97,0.05,Completed,Mobile,East,2432.58
ORD002883,CUST0405,PROD0094,2023-02-25 10:12:41.912382480,12,372.62,0.15,Completed,Web,East,3800.72
ORD002884,CUST0403,PROD0173,2023-02-25 13:42:41.552310464,1,317.57,0.05,Completed,Mobile,North,301.69
ORD002885,CUST0316,PROD0013,2023-02-25 17:12:41.192238448,5,194.07,0.05,Completed,Mobile,West,921.83
ORD002886,CUST0093,PROD0197,2023-02-25 20:42:40.832166432,3,79.12,0.2,Completed,In-Store,North,189.89
ORD002887,CUST0473,PROD0025,2023-02-26 00:12:40.472094424,5,357.57,0.1,Completed,In-Store,East,1609.06
ORD002888,CUST0417,PROD0148,2023-02-26 03:42:40.112022408,4,428.74,0.0,Completed,Web,East,1714.96
ORD002889,CUST0305,PROD0118,2023-02-26 07:12:39.751950392,2,346.07,0.0,Completed,Web,West,692.14
ORD002890,CUST0224,PROD0082,2023-02-26 10:42:39.391878376,11,18.76,0.1,Pending,Mobile,South,185.72
ORD002891,CUST0497,PROD0111,2023-02-26 14:12:39.031806360,4,115.95,0.15,Completed,Mobile,West,394.23
ORD002892,CUST0291,PROD0082,2023-02-26 17:42:38.671734352,3,44.05,0.05,Completed,Web,North,125.54
ORD002893,CUST0428,PROD0066,2023-02-26 21:12:38.311662336,13,289.49,0.05,Completed,Web,West,3575.2
ORD002894,CUST0102,PROD0045,2023-02-27 00:42:37.951590320,1,380.67,0.1,Completed,Mobile,West,342.6
ORD002895,CUST0474,PROD0114,2023-02-27 04:12:37.591518304,12,64.18,0.05,Completed,In-Store,International,731.65
ORD002896,CUST0267,PROD0175,2023-02-27 07:42:37.231446288,10,420.79,0.1,Completed,In-Store,East,3787.11
ORD002897,CUST0355,PROD0063,2023-02-27 11:12:36.871374280,8,282.2,0.0,Completed,Web,South,2257.6
ORD002898,CUST0456,PROD0076,2023-02-27 14:42:36.511302264,5,348.08,0.2,Completed,Web,North,1392.32
ORD002899,CUST0110,PROD0114,2023-02-27 18:12:36.151230248,4,485.99,0.1,Completed,Web,South,1749.56
ORD002900,CUST0462,PROD0111,2023-02-27 21:42:35.791158232,10,51.0,0.1,Completed,Web,East,459.0
ORD002901,CUST0330,PROD0183,2023-02-28 01:12:35.431086216,12,451.6,0.0,Completed,Mobile,North,5419.2
ORD002902,CUST0450,PROD0147,2023-02-28 04:42:35.071014208,5,71.79,0.0,Returned,Mobile,International,358.95
ORD002903,CUST0430,PROD0035,2023-02-28 08:12:34.710942192,4,202.55,0.05,Completed,Web,International,769.69
ORD002904,CUST0265,PROD0053,2023-02-28 11:42:34.350870176,3,427.2,0.1,Completed,Web,North,1153.44
ORD002905,CUST0003,PROD0026,2023-02-28 15:12:33.990798160,5,454.06,0.1,Completed,Web,East,2043.27
ORD002906,CUST0085,PROD0014,2023-02-28 18:42:33.630726144,4,258.12,0.0,Completed,In-Store,West,1032.48
ORD002907,CUST0282,PROD0118,2023-02-28 22:12:33.270654136,1,301.11,0.1,Completed,Web,North,271.0
ORD002908,CUST0328,PROD0045,2023-03-01 01:42:32.910582120,12,356.99,0.15,Completed,Web,East,3641.3
ORD002909,CUST0304,PROD0172,2023-03-01 05:12:32.550510104,3,418.05,0.0,Completed,Mobile,South,1254.15
ORD002910,CUST0450,PROD0193,2023-03-01 08:42:32.190438088,10,69.54,0.05,Completed,Mobile,North,660.63
ORD002911,CUST0454,PROD0051,2023-03-01 12:12:31.830366072,10,406.93,0.1,Completed,In-Store,East,3662.37
ORD002912,CUST0412,PROD0171,2023-03-01 15:42:31.470294064,8,245.83,0.05,Completed,Web,International,1868.31
ORD002913,CUST0117,PROD0119,2023-03-01 19:12:31.110222048,7,230.81,0.1,Returned,Mobile,South,1454.1
ORD002914,CUST0221,PROD0151,2023-03-01 22:42:30.750150032,2,217.71,0.05,Completed,Web,East,413.65
ORD002915,CUST0154,PROD0184,2023-03-02 02:12:30.390078016,1,259.51,0.2,Completed,In-Store,South,207.61
ORD002916,CUST0153,PROD0019,2023-03-02 05:42:30.030006000,3,473.07,0.0,Completed,Mobile,International,1419.21
ORD002917,CUST0012,PROD0082,2023-03-02 09:12:29.669933992,5,278.62,0.05,Completed,Mobile,International,1323.44
ORD002918,CUST0133,PROD0076,2023-03-02 12:42:29.309861976,10,477.06,0.0,Completed,Web,North,4770.6
ORD002919,CUST0482,PROD0183,2023-03-02 16:12:28.949789960,11,98.34,0.0,Completed,Mobile,International,1081.74
ORD002920,CUST0304,PROD0092,2023-03-02 19:42:28.589717944,12,364.83,0.0,Completed,Web,North,4377.96
ORD002921,CUST0293,PROD0188,2023-03-02 23:12:28.229645928,1,408.0,0.0,Completed,Web,North,408.0
ORD002922,CUST0463,PROD0187,2023-03-03 02:42:27.869573920,3,342.77,0.2,Completed,Web,West,822.65
ORD002923,CUST0300,PROD0033,2023-03-03 06:12:27.509501904,3,307.39,0.2,Completed,Mobile,South,737.74
ORD002924,CUST0228,PROD0147,2023-03-03 09:42:27.149429888,5,286.76,0.0,Completed,Web,East,1433.8
ORD002925,CUST0271,PROD0028,2023-03-03 13:12:26.789357872,3,431.86,0.1,Completed,In-Store,West,1166.02
ORD002926,CUST0043,PROD0123,2023-03-03 16:42:26.429285856,13,412.61,0.05,Completed,Mobile,North,5095.73
ORD002927,CUST0432,PROD0180,2023-03-03 20:12:26.069213848,9,69.92,0.15,Completed,Web,South,534.89
ORD002928,CUST0343,PROD0126,2023-03-03 23:42:25.709141832,1,425.81,0.1,Completed,Mobile,East,383.23
ORD002929,CUST0326,PROD0177,2023-03-04 03:12:25.349069816,4,212.89,0.0,Completed,Web,South,851.56
ORD002930,CUST0302,PROD0037,2023-03-04 06:42:24.988997800,13,134.31,0.1,Completed,Web,North,1571.43
ORD002931,CUST0498,PROD0154,2023-03-04 10:12:24.628925784,13,436.19,0.1,Completed,Mobile,North,5103.42
ORD002932,CUST0364,PROD0099,2023-03-04 13:42:24.268853776,10,221.69,0.05,Completed,In-Store,West,2106.05
ORD002933,CUST0379,PROD0098,2023-03-04 17:12:23.908781760,10,406.1,0.2,Completed,Web,International,3248.8
ORD002934,CUST0427,PROD0127,2023-03-04 20:42:23.548709744,4,139.07,0.2,Completed,Mobile,North,445.02
ORD002935,CUST0493,PROD0168,2023-03-05 00:12:23.188637728,1,11.93,0.05,Completed,Mobile,North,11.33
ORD002936,CUST0021,PROD0080,2023-03-05 03:42:22.828565712,14,252.78,0.1,Completed,Web,West,3185.03
ORD002937,CUST0407,PROD0038,2023-03-05 07:12:22.468493704,2,59.11,0.2,Completed,Mobile,International,94.58
ORD002938,CUST0107,PROD0077,2023-03-05 10:42:22.108421688,11,379.64,0.0,Completed,Mobile,South,4176.04
ORD002939,CUST0336,PROD0126,2023-03-05 14:12:21.748349672,1,145.28,0.0,Completed,Web,International,145.28
ORD002940,CUST0303,PROD0087,2023-03-05 17:42:21.388277656,6,227.39,0.0,Completed,In-Store,East,1364.34
ORD002941,CUST0117,PROD0054,2023-03-05 21:12:21.028205640,3,52.65,0.15,Completed,Mobile,International,134.26
ORD002942,CUST0124,PROD0150,2023-03-06 00:42:20.668133632,7,150.46,0.1,Completed,Web,North,947.9
ORD002943,CUST0399,PROD0016,2023-03-06 04:12:20.308061616,5,392.93,0.0,Pending,In-Store,International,1964.65
ORD002944,CUST0281,PROD0028,2023-03-06 07:42:19.947989600,9,84.28,0.2,Completed,Web,South,606.82
ORD002945,CUST0292,PROD0163,2023-03-06 11:12:19.587917584,7,327.11,0.1,Completed,In-Store,International,2060.79
ORD002946,CUST0203,PROD0188,2023-03-06 14:42:19.227845568,4,459.54,0.15,Completed,Web,East,1562.44
ORD002947,CUST0051,PROD0173,2023-03-06 18:12:18.867773560,5,343.12,0.0,Completed,Mobile,East,1715.6
ORD002948,CUST0271,PROD0046,2023-03-06 21:42:18.507701544,5,407.4,0.05,Completed,Web,West,1935.15
ORD002949,CUST0324,PROD0072,2023-03-07 01:12:18.147629528,11,63.4,0.1,Returned,Mobile,West,627.66
ORD002950,CUST0277,PROD0183,2023-03-07 04:42:17.787557512,5,132.86,0.05,Completed,Web,East,631.08
ORD002951,CUST0141,PROD0085,2023-03-07 08:12:17.427485496,10,448.32,0.1,Completed,Web,South,4034.88
ORD002952,CUST0470,PROD0026,2023-03-07 11:42:17.067413488,9,360.4,0.15,Completed,Web,West,2757.06
ORD002953,CUST0275,PROD0085,2023-03-07 15:12:16.707341472,10,323.38,0.0,Completed,In-Store,International,3233.8
ORD002954,CUST0290,PROD0153,2023-03-07 18:42:16.347269456,3,335.25,0.15,Completed,Web,North,854.89
ORD002955,CUST0334,PROD0065,2023-03-07 22:12:15.987197440,6,212.96,0.0,Completed,Mobile,East,1277.76
ORD002956,CUST0381,PROD0134,2023-03-08 01:42:15.627125424,8,31.83,0.0,Completed,Mobile,International,254.64
ORD002957,CUST0452,PROD0151,2023-03-08 05:12:15.267053416,11,394.38,0.0,Completed,In-Store,West,4338.18
ORD002958,CUST0496,PROD0115,2023-03-08 08:42:14.906981400,9,342.57,0.0,Completed,Web,West,3083.13
ORD002959,CUST0373,PROD0064,2023-03-08 12:12:14.546909384,13,241.67,0.0,Completed,In-Store,International,3141.71
ORD002960,CUST0052,PROD0087,2023-03-08 15:42:14.186837368,7,450.88,0.15,Completed,Web,West,2682.74
ORD002961,CUST0494,PROD0171,2023-03-08 19:12:13.826765352,12,174.72,0.1,Completed,Mobile,West,1886.98
ORD002962,CUST0027,PROD0107,2023-03-08 22:42:13.466693344,3,154.22,0.05,Completed,Mobile,International,439.53
ORD002963,CUST0157,PROD0151,2023-03-09 02:12:13.106621328,1,437.67,0.1,Completed,Web,International,393.9
ORD002964,CUST0239,PROD0096,2023-03-09 05:42:12.746549312,4,400.52,0.0,Returned,Web,West,1602.08
ORD002965,CUST0156,PROD0158,2023-03-09 09:12:12.386477296,13,262.34,0.0,Completed,Web,North,3410.42
ORD002966,CUST0291,PROD0077,2023-03-09 12:42:12.026405280,6,74.06,0.1,Pending,Web,North,399.92
ORD002967,CUST0136,PROD0146,2023-03-09 16:12:11.666333272,3,115.39,0.1,Pending,In-Store,East,311.55
ORD002968,CUST0144,PROD0087,2023-03-09 19:42:11.306261256,14,331.55,0.1,Completed,Web,West,4177.53
ORD002969,CUST0106,PROD0149,2023-03-09 23:12:10.946189240,1,198.67,0.05,Returned,In-Store,South,188.74
ORD002970,CUST0420,PROD0057,2023-03-10 02:42:10.586117224,6,419.87,0.1,Completed,Web,North,2267.3
ORD002971,CUST0158,PROD0103,2023-03-10 06:12:10.226045208,14,475.48,0.1,Completed,In-Store,South,5991.05
ORD002972,CUST0146,PROD0151,2023-03-10 09:42:09.865973200,1,404.76,0.2,Completed,Mobile,West,323.81
ORD002973,CUST0002,PROD0091,2023-03-10 13:12:09.505901184,9,195.0,0.0,Completed,Mobile,International,1755.0
ORD002974,CUST0433,PROD0045,2023-03-10 16:42:09.145829168,11,396.46,0.05,Completed,Web,International,4143.01
ORD002975,CUST0077,PROD0172,2023-03-10 20:12:08.785757152,14,182.21,0.1,Completed,Mobile,South,2295.85
ORD002976,CUST0132,PROD0088,2023-03-10 23:42:08.425685136,12,91.88,0.2,Completed,Web,South,882.05
ORD002977,CUST0090,PROD0115,2023-03-11 03:12:08.065613128,1,26.36,0.0,Completed,Web,South,26.36
ORD002978,CUST0345,PROD0047,2023-03-11 06:42:07.705541112,13,199.0,0.05,Completed,Mobile,South,2457.65
ORD002979,CUST0350,PROD0168,2023-03-11 10:12:07.345469096,6,452.74,0.0,Completed,Mobile,West,2716.44
ORD002980,CUST0459,PROD0179,2023-03-11 13:42:06.985397080,1,127.1,0.05,Returned,Web,South,120.74
ORD002981,CUST0263,PROD0170,2023-03-11 17:12:06.625325064,12,111.19,0.0,Completed,Mobile,North,1334.28
ORD002982,CUST0351,PROD0135,2023-03-11 20:42:06.265253056,7,485.21,0.0,Completed,Mobile,South,3396.47
ORD002983,CUST0108,PROD0050,2023-03-12 00:12:05.905181040,3,22.25,0.05,Completed,Web,North,63.41
ORD002984,CUST0074,PROD0176,2023-03-12 03:42:05.545109024,6,395.03,0.0,Completed,Mobile,North,2370.18
ORD002985,CUST0039,PROD0084,2023-03-12 07:12:05.185037008,7,167.47,0.0,Completed,Mobile,East,1172.29
ORD002986,CUST0397,PROD0091,2023-03-12 10:42:04.824964992,1,28.37,0.0,Completed,Web,North,28.37
ORD002987,CUST0159,PROD0134,2023-03-12 14:12:04.464892984,1,459.72,0.0,Completed,Mobile,East,459.72
ORD002988,CUST0071,PROD0091,2023-03-12 17:42:04.104820968,13,78.42,0.2,Completed,Mobile,South,815.57
ORD002989,CUST0447,PROD0137,2023-03-12 21:12:03.744748952,5,280.37,0.05,Completed,Mobile,East,1331.76
ORD002990,CUST0312,PROD0109,2023-03-13 00:42:03.384676936,6,144.29,0.15,Completed,Web,International,735.88
ORD002991,CUST0241,PROD0057,2023-03-13 04:12:03.024604920,9,41.94,0.05,Completed,Mobile,East,358.59
ORD002992,CUST0426,PROD0031,2023-03-13 07:42:02.664532912,14,34.46,0.2,Completed,Web,East,385.95
ORD002993,CUST0445,PROD0021,2023-03-13 11:12:02.304460896,1,66.62,0.05,Completed,Web,International,63.29
ORD002994,CUST0298,PROD0090,2023-03-13 14:42:01.944388880,13,44.97,0.05,Completed,Web,South,555.38
ORD002995,CUST0440,PROD0040,2023-03-13 18:12:01.584316864,4,382.67,0.05,Completed,In-Store,North,1454.15
ORD002996,CUST0036,PROD0112,2023-03-13 21:42:01.224244848,10,247.93,0.1,Completed,Mobile,South,2231.37
ORD002997,CUST0084,PROD0045,2023-03-14 01:12:00.864172840,8,178.02,0.05,Completed,Web,South,1352.95
ORD002998,CUST0452,PROD0077,2023-03-14 04:42:00.504100824,10,215.0,0.0,Returned,Web,East,2150.0
ORD002999,CUST0374,PROD0177,2023-03-14 08:12:00.144028808,9,465.18,0.0,Completed,Web,North,4186.62
ORD003000,CUST0263,PROD0087,2023-03-14 11:41:59.783956792,13,456.27,0.1,Completed,Web,International,5338.36
ORD003001,CUST0310,PROD0148,2023-03-14 15:11:59.423884776,3,360.68,0.05,Completed,Mobile,North,1027.94
ORD003002,CUST0385,PROD0101,2023-03-14 18:41:59.063812768,11,443.49,0.0,Completed,Mobile,International,4878.39
ORD003003,CUST0172,PROD0117,2023-03-14 22:11:58.703740752,2,166.63,0.0,Completed,In-Store,International,333.26
ORD003004,CUST0376,PROD0092,2023-03-15 01:41:58.343668736,4,196.74,0.05,Completed,In-Store,International,747.61
ORD003005,CUST0173,PROD0145,2023-03-15 05:11:57.983596720,2,310.72,0.15,Completed,Mobile,West,528.22
ORD003006,CUST0362,PROD0028,2023-03-15 08:41:57.623524704,1,315.58,0.0,Completed,Web,North,315.58
ORD003007,CUST0047,PROD0169,2023-03-15 12:11:57.263452696,12,246.03,0.0,Returned,Web,West,2952.36
ORD003008,CUST0379,PROD0194,2023-03-15 15:41:56.903380680,3,206.32,0.15,Completed,Mobile,North,526.12
ORD003009,CUST0141,PROD0025,2023-03-15 19:11:56.543308664,7,493.23,0.1,Pending,Web,International,3107.35
ORD003010,CUST0375,PROD0058,2023-03-15 22:41:56.183236648,13,412.35,0.0,Completed,Mobile,South,5360.55
ORD003011,CUST0406,PROD0041,2023-03-16 02:11:55.823164632,13,223.14,0.15,Completed,In-Store,South,2465.7
ORD003012,CUST0118,PROD0134,2023-03-16 05:41:55.463092624,1,366.37,0.05,Completed,In-Store,International,348.05
ORD003013,CUST0277,PROD0075,2023-03-16 09:11:55.103020608,2,142.09,0.05,Completed,Web,North,269.97
ORD003014,CUST0214,PROD0038,2023-03-16 12:41:54.742948592,1,59.08,0.2,Pending,Web,North,47.26
ORD003015,CUST0220,PROD0134,2023-03-16 16:11:54.382876576,8,182.69,0.2,Completed,Mobile,South,1169.22
ORD003016,CUST0393,PROD0173,2023-03-16 19:41:54.022804560,5,207.46,0.0,Completed,Mobile,West,1037.3
ORD003017,CUST0026,PROD0075,2023-03-16 23:11:53.662732552,8,18.1,0.0,Returned,Web,East,144.8
ORD003018,CUST0009,PROD0142,2023-03-17 02:41:53.302660536,3,409.25,0.0,Completed,Mobile,West,1227.75
ORD003019,CUST0271,PROD0066,2023-03-17 06:11:52.942588520,13,186.0,0.0,Completed,Mobile,International,2418.0
ORD003020,CUST0010,PROD0168,2023-03-17 09:41:52.582516504,12,294.4,0.0,Completed,Web,North,3532.8
ORD003021,CUST0472,PROD0003,2023-03-17 13:11:52.222444488,7,46.24,0.0,Completed,Web,East,323.68
ORD003022,CUST0378,PROD0117,2023-03-17 16:41:51.862372480,8,95.75,0.2,Completed,In-Store,West,612.8
ORD003023,CUST0121,PROD0099,2023-03-17 20:11:51.502300464,6,445.95,0.15,Completed,Mobile,East,2274.34
ORD003024,CUST0125,PROD0152,2023-03-17 23:41:51.142228448,13,308.26,0.05,Completed,Web,South,3807.01
ORD003025,CUST0170,PROD0019,2023-03-18 03:11:50.782156432,13,475.64,0.05,Completed,Mobile,North,5874.15
ORD003026,CUST0072,PROD0146,2023-03-18 06:41:50.422084416,7,499.39,0.0,Completed,Mobile,North,3495.73
ORD003027,CUST0152,PROD0192,2023-03-18 10:11:50.062012408,14,192.21,0.0,Pending,In-Store,North,2690.94
ORD003028,CUST0208,PROD0116,2023-03-18 13:41:49.701940392,12,156.41,0.0,Completed,Web,South,1876.92
ORD003029,CUST0049,PROD0125,2023-03-18 17:11:49.341868376,2,430.59,0.1,Completed,In-Store,North,775.06
ORD003030,CUST0154,PROD0088,2023-03-18 20:41:48.981796360,8,499.32,0.0,Completed,Web,South,3994.56
ORD003031,CUST0347,PROD0035,2023-03-19 00:11:48.621724344,5,318.52,0.15,Completed,Mobile,North,1353.71
ORD003032,CUST0293,PROD0190,2023-03-19 03:41:48.261652336,7,399.62,0.1,Completed,Mobile,West,2517.61
ORD003033,CUST0068,PROD0001,2023-03-19 07:11:47.901580320,1,393.06,0.0,Completed,Web,International,393.06
ORD003034,CUST0050,PROD0153,2023-03-19 10:41:47.541508304,5,184.12,0.0,Completed,Web,South,920.6
ORD003035,CUST0152,PROD0173,2023-03-19 14:11:47.181436288,1,291.39,0.1,Returned,In-Store,East,262.25
ORD003036,CUST0019,PROD0177,2023-03-19 17:41:46.821364272,12,418.2,0.2,Completed,Mobile,International,4014.72
ORD003037,CUST0100,PROD0126,2023-03-19 21:11:46.461292264,13,347.18,0.1,Completed,Web,East,4062.01
ORD003038,CUST0060,PROD0089,2023-03-20 00:41:46.101220248,8,20.37,0.0,Completed,Web,International,162.96
ORD003039,CUST0167,PROD0144,2023-03-20 04:11:45.741148232,4,174.99,0.05,Completed,Web,North,664.96
ORD003040,CUST0202,PROD0147,2023-03-20 07:41:45.381076216,4,80.79,0.0,Completed,Web,International,323.16
ORD003041,CUST0345,PROD0151,2023-03-20 11:11:45.021004200,2,124.16,0.2,Completed,In-Store,East,198.66
ORD003042,CUST0146,PROD0025,2023-03-20 14:41:44.660932192,5,453.69,0.1,Completed,Mobile,North,2041.6
ORD003043,CUST0403,PROD0016,2023-03-20 18:11:44.300860176,1,28.08,0.1,Completed,In-Store,International,25.27
ORD003044,CUST0164,PROD0182,2023-03-20 21:41:43.940788160,9,117.7,0.05,Returned,Web,International,1006.33
ORD003045,CUST0458,PROD0073,2023-03-21 01:11:43.580716144,5,161.69,0.1,Completed,Mobile,South,727.6
ORD003046,CUST0481,PROD0129,2023-03-21 04:41:43.220644128,6,312.27,0.0,Completed,Web,International,1873.62
ORD003047,CUST0439,PROD0042,2023-03-21 08:11:42.860572120,2,271.71,0.0,Completed,Mobile,North,543.42
ORD003048,CUST0242,PROD0147,2023-03-21 11:41:42.500500104,10,116.95,0.0,Completed,Web,West,1169.5
ORD003049,CUST0069,PROD0162,2023-03-21 15:11:42.140428088,10,90.48,0.2,Completed,Web,North,723.84
ORD003050,CUST0175,PROD0080,2023-03-21 18:41:41.780356072,1,126.03,0.1,Completed,Mobile,North,113.43
ORD003051,CUST0049,PROD0104,2023-03-21 22:11:41.420284056,4,256.24,0.0,Completed,Web,West,1024.96
ORD003052,CUST0483,PROD0183,2023-03-22 01:41:41.060212048,7,142.88,0.15,Completed,Mobile,South,850.14
ORD003053,CUST0108,PROD0146,2023-03-22 05:11:40.700140032,6,474.33,0.0,Completed,Mobile,North,2845.98
ORD003054,CUST0226,PROD0034,2023-03-22 08:41:40.340068016,10,237.29,0.0,Completed,Mobile,South,2372.9
ORD003055,CUST0161,PROD0089,2023-03-22 12:11:39.979996000,1,38.81,0.0,Completed,In-Store,North,38.81
ORD003056,CUST0119,PROD0125,2023-03-22 15:41:39.619923984,1,367.34,0.05,Pending,Web,West,348.97
ORD003057,CUST0149,PROD0045,2023-03-22 19:11:39.259851976,8,171.13,0.05,Completed,Web,North,1300.59
ORD003058,CUST0465,PROD0134,2023-03-22 22:41:38.899779960,4,330.21,0.05,Completed,Mobile,West,1254.8
ORD003059,CUST0150,PROD0021,2023-03-23 02:11:38.539707944,5,147.0,0.1,Returned,Mobile,South,661.5
ORD003060,CUST0432,PROD0122,2023-03-23 05:41:38.179635928,13,289.66,0.0,Completed,Web,South,3765.58
ORD003061,CUST0293,PROD0070,2023-03-23 09:11:37.819563912,7,388.35,0.1,Completed,Mobile,South,2446.61
ORD003062,CUST0143,PROD0096,2023-03-23 12:41:37.459491904,8,464.72,0.0,Completed,Web,East,3717.76
ORD003063,CUST0419,PROD0105,2023-03-23 16:11:37.099419888,10,137.95,0.1,Completed,Web,North,1241.55
ORD003064,CUST0476,PROD0048,2023-03-23 19:41:36.739347872,7,174.08,0.1,Pending,Web,East,1096.7
ORD003065,CUST0455,PROD0039,2023-03-23 23:11:36.379275856,2,237.49,0.1,Completed,Web,South,427.48
ORD003066,CUST0160,PROD0031,2023-03-24 02:41:36.019203840,14,464.32,0.05,Returned,Web,International,6175.46
ORD003067,CUST0011,PROD0010,2023-03-24 06:11:35.659131832,4,451.68,0.1,Completed,Web,North,1626.05
ORD003068,CUST0138,PROD0030,2023-03-24 09:41:35.299059816,10,54.04,0.0,Completed,Web,West,540.4
ORD003069,CUST0457,PROD0018,2023-03-24 13:11:34.938987800,12,74.65,0.15,Completed,Web,North,761.43
ORD003070,CUST0078,PROD0188,2023-03-24 16:41:34.578915784,1,252.8,0.0,Pending,Web,North,252.8
ORD003071,CUST0077,PROD0088,2023-03-24 20:11:34.218843768,10,62.24,0.0,Returned,Mobile,North,622.4
ORD003072,CUST0441,PROD0125,2023-03-24 23:41:33.858771760,9,179.33,0.05,Completed,Web,North,1533.27
ORD003073,CUST0254,PROD0073,2023-03-25 03:11:33.498699744,3,82.71,0.1,Completed,Web,East,223.32
ORD003074,CUST0409,PROD0015,2023-03-25 06:41:33.138627728,12,321.66,0.0,Completed,Web,International,3859.92
ORD003075,CUST0258,PROD0004,2023-03-25 10:11:32.778555712,3,475.25,0.2,Returned,Web,North,1140.6
ORD003076,CUST0320,PROD0191,2023-03-25 13:41:32.418483696,10,498.4,0.2,Completed,Web,East,3987.2
ORD003077,CUST0291,PROD0168,2023-03-25 17:11:32.058411680,9,193.87,0.1,Completed,Web,South,1570.35
ORD003078,CUST0263,PROD0009,2023-03-25 20:41:31.698339672,10,303.52,0.05,Completed,Mobile,South,2883.44
ORD003079,CUST0085,PROD0109,2023-03-26 00:11:31.338267656,3,429.57,0.1,Completed,Mobile,South,1159.84
ORD003080,CUST0146,PROD0137,2023-03-26 03:41:30.978195640,8,67.56,0.0,Completed,In-Store,International,540.48
ORD003081,CUST0323,PROD0154,2023-03-26 07:11:30.618123624,2,347.89,0.05,Completed,Mobile,North,660.99
ORD003082,CUST0042,PROD0132,2023-03-26 10:41:30.258051608,14,210.33,0.2,Completed,Web,West,2355.7
ORD003083,CUST0374,PROD0016,2023-03-26 14:11:29.897979600,13,111.01,0.2,Completed,Web,South,1154.5
ORD003084,CUST0125,PROD0143,2023-03-26 17:41:29.537907584,3,207.35,0.2,Completed,Mobile,South,497.64
ORD003085,CUST0167,PROD0099,2023-03-26 21:11:29.177835568,2,47.22,0.0,Completed,Web,South,94.44
ORD003086,CUST0425,PROD0121,2023-03-27 00:41:28.817763552,1,350.75,0.0,Completed,Web,South,350.75
ORD003087,CUST0241,PROD0052,2023-03-27 04:11:28.457691536,2,133.84,0.0,Completed,Web,North,267.68
ORD003088,CUST0459,PROD0069,2023-03-27 07:41:28.097619528,8,162.59,0.05,Completed,Mobile,North,1235.68
ORD003089,CUST0487,PROD0005,2023-03-27 11:11:27.737547512,9,69.33,0.0,Completed,In-Store,South,623.97
ORD003090,CUST0280,PROD0020,2023-03-27 14:41:27.377475496,13,433.68,0.0,Completed,In-Store,West,5637.84
ORD003091,CUST0188,PROD0079,2023-03-27 18:11:27.017403480,2,251.79,0.1,Completed,Web,North,453.22
ORD003092,CUST0302,PROD0146,2023-03-27 21:41:26.657331464,7,290.35,0.1,Completed,Web,West,1829.21
ORD003093,CUST0019,PROD0111,2023-03-28 01:11:26.297259456,5,289.02,0.1,Completed,Mobile,South,1300.59
ORD003094,CUST0068,PROD0002,2023-03-28 04:41:25.937187440,3,211.14,0.15,Completed,Mobile,International,538.41
ORD003095,CUST0218,PROD0093,2023-03-28 08:11:25.577115424,9,104.34,0.0,Completed,Web,South,939.06
ORD003096,CUST0102,PROD0013,2023-03-28 11:41:25.217043408,6,375.12,0.0,Returned,Mobile,North,2250.72
ORD003097,CUST0042,PROD0004,2023-03-28 15:11:24.856971392,11,72.26,0.1,Completed,Mobile,International,715.37
ORD003098,CUST0288,PROD0170,2023-03-28 18:41:24.496899384,1,60.9,0.05,Completed,In-Store,North,57.86
ORD003099,CUST0167,PROD0109,2023-03-28 22:11:24.136827368,5,357.97,0.05,Completed,Mobile,East,1700.36
ORD003100,CUST0109,PROD0074,2023-03-29 01:41:23.776755352,7,112.33,0.0,Pending,Web,East,786.31
ORD003101,CUST0494,PROD0189,2023-03-29 05:11:23.416683336,4,160.32,0.0,Completed,Mobile,South,641.28
ORD003102,CUST0036,PROD0095,2023-03-29 08:41:23.056611320,8,242.86,0.1,Pending,Mobile,International,1748.59
ORD003103,CUST0232,PROD0105,2023-03-29 12:11:22.696539312,10,230.18,0.15,Completed,Mobile,West,1956.53
ORD003104,CUST0229,PROD0008,2023-03-29 15:41:22.336467296,5,357.2,0.2,Completed,Mobile,West,1428.8
ORD003105,CUST0353,PROD0067,2023-03-29 19:11:21.976395280,9,315.48,0.05,Completed,In-Store,International,2697.35
ORD003106,CUST0164,PROD0191,2023-03-29 22:41:21.616323264,9,325.75,0.05,Completed,Mobile,East,2785.16
ORD003107,CUST0387,PROD0110,2023-03-30 02:11:21.256251248,9,359.89,0.15,Completed,Web,North,2753.16
ORD003108,CUST0073,PROD0009,2023-03-30 05:41:20.896179240,1,153.38,0.05,Completed,Mobile,West,145.71
ORD003109,CUST0136,PROD0117,2023-03-30 09:11:20.536107224,2,167.94,0.05,Completed,Mobile,South,319.09
ORD003110,CUST0353,PROD0011,2023-03-30 12:41:20.176035208,3,224.62,0.2,Completed,Web,North,539.09
ORD003111,CUST0379,PROD0099,2023-03-30 16:11:19.815963192,14,160.66,0.1,Completed,Web,East,2024.32
ORD003112,CUST0070,PROD0042,2023-03-30 19:41:19.455891176,4,492.62,0.2,Completed,Mobile,International,1576.38
ORD003113,CUST0425,PROD0141,2023-03-30 23:11:19.095819168,10,408.89,0.0,Completed,Web,North,4088.9
ORD003114,CUST0487,PROD0164,2023-03-31 02:41:18.735747152,9,90.68,0.05,Pending,Mobile,West,775.31
ORD003115,CUST0196,PROD0120,2023-03-31 06:11:18.375675136,10,12.74,0.15,Completed,Web,South,108.29
ORD003116,CUST0269,PROD0141,2023-03-31 09:41:18.015603120,13,30.96,0.0,Completed,In-Store,North,402.48
ORD003117,CUST0049,PROD0012,2023-03-31 13:11:17.655531104,6,129.59,0.1,Completed,Web,West,699.79
ORD003118,CUST0316,PROD0037,2023-03-31 16:41:17.295459096,1,66.0,0.0,Completed,Web,International,66.0
ORD003119,CUST0130,PROD0074,2023-03-31 20:11:16.935387080,12,271.34,0.15,Completed,Web,South,2767.67
ORD003120,CUST0444,PROD0073,2023-03-31 23:41:16.575315064,9,430.42,0.1,Completed,Mobile,South,3486.4
ORD003121,CUST0005,PROD0052,2023-04-01 03:11:16.215243048,6,371.01,0.0,Completed,Web,South,2226.06
ORD003122,CUST0428,PROD0199,2023-04-01 06:41:15.855171032,4,115.65,0.05,Completed,Web,West,439.47
ORD003123,CUST0027,PROD0130,2023-04-01 10:11:15.495099024,14,205.66,0.1,Completed,Mobile,North,2591.32
ORD003124,CUST0160,PROD0056,2023-04-01 13:41:15.135027008,4,258.87,0.1,Completed,Web,North,931.93
ORD003125,CUST0149,PROD0060,2023-04-01 17:11:14.774954992,3,407.0,0.05,Completed,Mobile,West,1159.95
ORD003126,CUST0264,PROD0023,2023-04-01 20:41:14.414882976,7,421.17,0.15,Completed,Mobile,South,2505.96
ORD003127,CUST0230,PROD0103,2023-04-02 00:11:14.054810960,3,455.76,0.05,Completed,Mobile,South,1298.92
ORD003128,CUST0200,PROD0040,2023-04-02 03:41:13.694738952,2,259.53,0.05,Completed,Web,International,493.11
ORD003129,CUST0050,PROD0064,2023-04-02 07:11:13.334666936,10,350.19,0.0,Returned,Mobile,International,3501.9
ORD003130,CUST0067,PROD0085,2023-04-02 10:41:12.974594920,8,64.78,0.2,Completed,Web,International,414.59
ORD003131,CUST0300,PROD0151,2023-04-02 14:11:12.614522904,4,286.99,0.0,Completed,In-Store,South,1147.96
ORD003132,CUST0381,PROD0157,2023-04-02 17:41:12.254450888,8,131.86,0.05,Completed,In-Store,International,1002.14
ORD003133,CUST0058,PROD0179,2023-04-02 21:11:11.894378880,1,221.54,0.15,Completed,Web,West,188.31
ORD003134,CUST0259,PROD0197,2023-04-03 00:41:11.534306864,5,320.68,0.0,Pending,Web,North,1603.4
ORD003135,CUST0342,PROD0089,2023-04-03 04:11:11.174234848,13,135.92,0.05,Pending,Web,East,1678.61
ORD003136,CUST0326,PROD0031,2023-04-03 07:41:10.814162832,9,35.57,0.0,Completed,Web,North,320.13
ORD003137,CUST0130,PROD0178,2023-04-03 11:11:10.454090816,1,15.01,0.1,Completed,Mobile,West,13.51
ORD003138,CUST0215,PROD0020,2023-04-03 14:41:10.094018808,11,20.86,0.05,Completed,Mobile,West,217.99
ORD003139,CUST0172,PROD0183,2023-04-03 18:11:09.733946792,13,14.09,0.15,Completed,Web,West,155.69
ORD003140,CUST0258,PROD0130,2023-04-03 21:41:09.373874776,4,64.07,0.15,Pending,Mobile,North,217.84
ORD003141,CUST0102,PROD0153,2023-04-04 01:11:09.013802760,6,127.35,0.1,Completed,In-Store,East,687.69
ORD003142,CUST0209,PROD0013,2023-04-04 04:41:08.653730744,10,118.4,0.1,Completed,Mobile,North,1065.6
ORD003143,CUST0291,PROD0122,2023-04-04 08:11:08.293658736,8,493.53,0.05,Completed,Web,International,3750.83
ORD003144,CUST0354,PROD0103,2023-04-04 11:41:07.933586720,14,159.94,0.0,Completed,Mobile,West,2239.16
ORD003145,CUST0471,PROD0106,2023-04-04 15:11:07.573514704,3,72.44,0.1,Pending,Mobile,North,195.59
ORD003146,CUST0286,PROD0119,2023-04-04 18:41:07.213442688,5,277.33,0.2,Completed,In-Store,North,1109.32
ORD003147,CUST0116,PROD0070,2023-04-04 22:11:06.853370672,7,430.4,0.05,Completed,Web,West,2862.16
ORD003148,CUST0264,PROD0195,2023-04-05 01:41:06.493298664,1,342.25,0.0,Completed,Web,East,342.25
ORD003149,CUST0150,PROD0186,2023-04-05 05:11:06.133226648,7,155.08,0.0,Completed,Mobile,West,1085.56
ORD003150,CUST0300,PROD0099,2023-04-05 08:41:05.773154632,13,285.19,0.05,Returned,Mobile,South,3522.1
ORD003151,CUST0442,PROD0082,2023-04-05 12:11:05.413082616,12,360.28,0.0,Pending,Mobile,West,4323.36
ORD003152,CUST0036,PROD0075,2023-04-05 15:41:05.053010600,11,366.77,0.05,Returned,Web,North,3832.75
ORD003153,CUST0453,PROD0118,2023-04-05 19:11:04.692938592,8,336.6,0.05,Completed,Mobile,East,2558.16
ORD003154,CUST0333,PROD0084,2023-04-05 22:41:04.332866576,8,436.7,0.05,Completed,Web,International,3318.92
ORD003155,CUST0477,PROD0192,2023-04-06 02:11:03.972794560,9,436.35,0.0,Completed,Web,East,3927.15
ORD003156,CUST0287,PROD0069,2023-04-06 05:41:03.612722544,6,293.68,0.1,Completed,Mobile,North,1585.87
ORD003157,CUST0303,PROD0059,2023-04-06 09:11:03.252650528,12,220.63,0.15,Completed,Web,International,2250.43
ORD003158,CUST0311,PROD0188,2023-04-06 12:41:02.892578520,6,324.37,0.2,Completed,Web,North,1556.98
ORD003159,CUST0208,PROD0126,2023-04-06 16:11:02.532506504,2,410.92,0.05,Completed,Mobile,West,780.75
ORD003160,CUST0106,PROD0111,2023-04-06 19:41:02.172434488,3,12.77,0.0,Completed,Mobile,East,38.31
ORD003161,CUST0446,PROD0062,2023-04-06 23:11:01.812362472,4,496.08,0.2,Completed,Web,South,1587.46
ORD003162,CUST0158,PROD0144,2023-04-07 02:41:01.452290456,4,99.62,0.1,Completed,Mobile,North,358.63
ORD003163,CUST0121,PROD0128,2023-04-07 06:11:01.092218448,8,240.42,0.0,Returned,Web,North,1923.36
ORD003164,CUST0055,PROD0105,2023-04-07 09:41:00.732146432,14,437.29,0.0,Completed,Web,International,6122.06
ORD003165,CUST0400,PROD0068,2023-04-07 13:11:00.372074416,1,120.27,0.0,Completed,Web,International,120.27
ORD003166,CUST0012,PROD0015,2023-04-07 16:41:00.012002400,10,243.63,0.0,Returned,Web,East,2436.3
ORD003167,CUST0145,PROD0183,2023-04-07 20:10:59.651930384,14,74.97,0.0,Completed,In-Store,North,1049.58
ORD003168,CUST0400,PROD0035,2023-04-07 23:40:59.291858376,4,203.59,0.2,Completed,Web,International,651.49
ORD003169,CUST0396,PROD0183,2023-04-08 03:10:58.931786360,11,96.8,0.05,Completed,Mobile,East,1011.56
ORD003170,CUST0136,PROD0014,2023-04-08 06:40:58.571714344,12,188.18,0.1,Completed,Mobile,South,2032.34
ORD003171,CUST0468,PROD0177,2023-04-08 10:10:58.211642328,13,193.0,0.15,Completed,In-Store,South,2132.65
ORD003172,CUST0003,PROD0102,2023-04-08 13:40:57.851570312,11,496.65,0.1,Returned,Web,South,4916.84
ORD003173,CUST0144,PROD0100,2023-04-08 17:10:57.491498304,11,497.46,0.15,Completed,In-Store,East,4651.25
ORD003174,CUST0030,PROD0007,2023-04-08 20:40:57.131426288,4,66.25,0.2,Completed,In-Store,East,212.0
ORD003175,CUST0237,PROD0030,2023-04-09 00:10:56.771354272,1,365.72,0.05,Completed,Web,East,347.43
ORD003176,CUST0279,PROD0049,2023-04-09 03:40:56.411282256,3,35.36,0.2,Completed,Web,International,84.86
ORD003177,CUST0348,PROD0144,2023-04-09 07:10:56.051210240,5,24.79,0.1,Completed,Web,South,111.56
ORD003178,CUST0115,PROD0111,2023-04-09 10:40:55.691138232,6,61.61,0.0,Completed,Mobile,East,369.66
ORD003179,CUST0104,PROD0179,2023-04-09 14:10:55.331066216,9,483.09,0.1,Completed,Mobile,South,3913.03
ORD003180,CUST0118,PROD0072,2023-04-09 17:40:54.970994200,9,471.02,0.1,Completed,Web,West,3815.26
ORD003181,CUST0005,PROD0080,2023-04-09 21:10:54.610922184,9,105.02,0.2,Completed,Mobile,North,756.14
ORD003182,CUST0468,PROD0083,2023-04-10 00:40:54.250850168,11,89.22,0.0,Completed,Web,North,981.42
ORD003183,CUST0360,PROD0042,2023-04-10 04:10:53.890778160,1,127.86,0.05,Completed,Mobile,West,121.47
ORD003184,CUST0248,PROD0017,2023-04-10 07:40:53.530706144,12,262.62,0.0,Completed,Web,North,3151.44
ORD003185,CUST0364,PROD0191,2023-04-10 11:10:53.170634128,9,289.16,0.0,Completed,Mobile,East,2602.44
ORD003186,CUST0321,PROD0173,2023-04-10 14:40:52.810562112,13,118.58,0.0,Completed,Web,International,1541.54
ORD003187,CUST0121,PROD0007,2023-04-10 18:10:52.450490096,8,380.75,0.05,Pending,Web,East,2893.7
ORD003188,CUST0286,PROD0155,2023-04-10 21:40:52.090418088,2,161.68,0.15,Returned,Mobile,North,274.86
ORD003189,CUST0149,PROD0010,2023-04-11 01:10:51.730346072,13,461.84,0.0,Completed,Web,South,6003.92
ORD003190,CUST0084,PROD0034,2023-04-11 04:40:51.370274056,11,331.79,0.05,Completed,Mobile,West,3467.21
ORD003191,CUST0454,PROD0036,2023-04-11 08:10:51.010202040,1,223.81,0.0,Completed,In-Store,South,223.81
ORD003192,CUST0406,PROD0153,2023-04-11 11:40:50.650130024,1,397.06,0.0,Completed,Web,West,397.06
ORD003193,CUST0466,PROD0006,2023-04-11 15:10:50.290058016,12,410.78,0.05,Completed,Mobile,West,4682.89
ORD003194,CUST0456,PROD0152,2023-04-11 18:40:49.929986000,6,152.34,0.0,Completed,Web,East,914.04
ORD003195,CUST0231,PROD0146,2023-04-11 22:10:49.569913984,9,176.46,0.05,Completed,Web,West,1508.73
ORD003196,CUST0288,PROD0134,2023-04-12 01:40:49.209841968,7,468.62,0.0,Completed,Web,South,3280.34
ORD003197,CUST0161,PROD0029,2023-04-12 05:10:48.849769952,5,90.72,0.0,Completed,In-Store,East,453.6
ORD003198,CUST0272,PROD0126,2023-04-12 08:40:48.489697944,11,30.65,0.05,Completed,Web,West,320.29
ORD003199,CUST0460,PROD0153,2023-04-12 12:10:48.129625928,2,232.49,0.05,Completed,In-Store,North,441.73
ORD003200,CUST0038,PROD0183,2023-04-12 15:40:47.769553912,1,402.59,0.0,Completed,In-Store,South,402.59
ORD003201,CUST0226,PROD0081,2023-04-12 19:10:47.409481896,2,388.12,0.05,Completed,Web,West,737.43
ORD003202,CUST0142,PROD0174,2023-04-12 22:40:47.049409880,1,460.57,0.15,Pending,Mobile,West,391.48
ORD003203,CUST0292,PROD0152,2023-04-13 02:10:46.689337872,3,271.27,0.1,Completed,Mobile,East,732.43
ORD003204,CUST0481,PROD0075,2023-04-13 05:40:46.329265856,6,59.03,0.0,Pending,Web,West,354.18
ORD003205,CUST0151,PROD0026,2023-04-13 09:10:45.969193840,13,298.46,0.05,Completed,Web,East,3685.98
ORD003206,CUST0114,PROD0127,2023-04-13 12:40:45.609121824,8,391.41,0.1,Completed,Web,International,2818.15
ORD003207,CUST0237,PROD0115,2023-04-13 16:10:45.249049808,3,55.73,0.0,Completed,Mobile,West,167.19
ORD003208,CUST0066,PROD0126,2023-04-13 19:40:44.888977800,10,94.6,0.15,Completed,Mobile,South,804.1
ORD003209,CUST0361,PROD0028,2023-04-13 23:10:44.528905784,9,16.02,0.2,Completed,Web,South,115.34
ORD003210,CUST0341,PROD0131,2023-04-14 02:40:44.168833768,10,300.89,0.15,Completed,Web,West,2557.56
ORD003211,CUST0258,PROD0075,2023-04-14 06:10:43.808761752,5,444.5,0.15,Completed,In-Store,International,1889.12
ORD003212,CUST0475,PROD0166,2023-04-14 09:40:43.448689736,7,338.63,0.1,Completed,Web,North,2133.37
ORD003213,CUST0249,PROD0189,2023-04-14 13:10:43.088617728,8,491.2,0.1,Completed,Mobile,East,3536.64
ORD003214,CUST0457,PROD0078,2023-04-14 16:40:42.728545712,3,40.89,0.1,Completed,Web,North,110.4
ORD003215,CUST0449,PROD0179,2023-04-14 20:10:42.368473696,2,452.47,0.15,Completed,Mobile,South,769.2
ORD003216,CUST0331,PROD0090,2023-04-14 23:40:42.008401680,2,408.89,0.1,Completed,In-Store,West,736.0
ORD003217,CUST0323,PROD0176,2023-04-15 03:10:41.648329664,5,163.98,0.0,Completed,Web,North,819.9
ORD003218,CUST0180,PROD0021,2023-04-15 06:40:41.288257656,1,487.03,0.0,Completed,Web,West,487.03
ORD003219,CUST0190,PROD0054,2023-04-15 10:10:40.928185640,2,151.09,0.15,Completed,Web,International,256.85
ORD003220,CUST0407,PROD0184,2023-04-15 13:40:40.568113624,13,445.76,0.0,Completed,Web,International,5794.88
ORD003221,CUST0154,PROD0103,2023-04-15 17:10:40.208041608,9,441.57,0.1,Completed,Web,North,3576.72
ORD003222,CUST0196,PROD0059,2023-04-15 20:40:39.847969592,7,381.25,0.2,Completed,Mobile,West,2135.0
ORD003223,CUST0466,PROD0072,2023-04-16 00:10:39.487897584,6,286.1,0.1,Completed,Web,International,1544.94
ORD003224,CUST0311,PROD0179,2023-04-16 03:40:39.127825568,9,68.8,0.2,Returned,Web,North,495.36
ORD003225,CUST0262,PROD0020,2023-04-16 07:10:38.767753552,7,270.67,0.1,Completed,Mobile,South,1705.22
ORD003226,CUST0419,PROD0112,2023-04-16 10:40:38.407681536,14,184.83,0.0,Completed,Mobile,International,2587.62
ORD003227,CUST0406,PROD0059,2023-04-16 14:10:38.047609520,11,398.19,0.15,Completed,Web,North,3723.08
ORD003228,CUST0427,PROD0071,2023-04-16 17:40:37.687537512,5,381.48,0.0,Completed,Mobile,International,1907.4
ORD003229,CUST0143,PROD0137,2023-04-16 21:10:37.327465496,9,456.2,0.05,Completed,Mobile,East,3900.51
ORD003230,CUST0342,PROD0109,2023-04-17 00:40:36.967393480,6,17.27,0.0,Completed,Mobile,North,103.62
ORD003231,CUST0316,PROD0129,2023-04-17 04:10:36.607321464,6,406.46,0.0,Completed,Web,South,2438.76
ORD003232,CUST0101,PROD0157,2023-04-17 07:40:36.247249448,11,469.85,0.05,Returned,Web,South,4909.93
ORD003233,CUST0244,PROD0191,2023-04-17 11:10:35.887177440,4,396.76,0.0,Completed,Mobile,South,1587.04
ORD003234,CUST0490,PROD0056,2023-04-17 14:40:35.527105424,13,73.8,0.1,Pending,Mobile,East,863.46
ORD003235,CUST0012,PROD0196,2023-04-17 18:10:35.167033408,12,49.83,0.15,Completed,Mobile,East,508.27
ORD003236,CUST0239,PROD0035,2023-04-17 21:40:34.806961392,1,20.21,0.0,Completed,Web,East,20.21
ORD003237,CUST0049,PROD0123,2023-04-18 01:10:34.446889376,5,318.09,0.0,Completed,Mobile,North,1590.45
ORD003238,CUST0042,PROD0131,2023-04-18 04:40:34.086817368,11,318.54,0.1,Completed,Mobile,West,3153.55
ORD003239,CUST0166,PROD0104,2023-04-18 08:10:33.726745352,9,493.59,0.1,Completed,Web,East,3998.08
ORD003240,CUST0082,PROD0007,2023-04-18 11:40:33.366673336,13,205.04,0.2,Completed,Web,West,2132.42
ORD003241,CUST0429,PROD0027,2023-04-18 15:10:33.006601320,8,172.63,0.0,Completed,Mobile,West,1381.04
ORD003242,CUST0291,PROD0001,2023-04-18 18:40:32.646529304,8,315.97,0.15,Completed,Mobile,South,2148.6
ORD003243,CUST0158,PROD0199,2023-04-18 22:10:32.286457296,5,414.55,0.05,Completed,Web,North,1969.11
ORD003244,CUST0216,PROD0172,2023-04-19 01:40:31.926385280,12,469.02,0.1,Completed,Mobile,International,5065.42
ORD003245,CUST0490,PROD0087,2023-04-19 05:10:31.566313264,9,403.53,0.0,Completed,Mobile,West,3631.77
ORD003246,CUST0158,PROD0041,2023-04-19 08:40:31.206241248,3,219.07,0.05,Completed,Mobile,North,624.35
ORD003247,CUST0462,PROD0123,2023-04-19 12:10:30.846169232,3,321.11,0.0,Pending,Mobile,West,963.33
ORD003248,CUST0134,PROD0075,2023-04-19 15:40:30.486097224,1,429.59,0.0,Completed,Mobile,North,429.59
ORD003249,CUST0067,PROD0042,2023-04-19 19:10:30.126025208,9,250.4,0.05,Completed,Web,North,2140.92
ORD003250,CUST0336,PROD0117,2023-04-19 22:40:29.765953192,6,116.18,0.15,Completed,Web,East,592.52
ORD003251,CUST0007,PROD0161,2023-04-20 02:10:29.405881176,2,93.16,0.1,Returned,Mobile,North,167.69
ORD003252,CUST0436,PROD0178,2023-04-20 05:40:29.045809160,8,10.08,0.05,Completed,Web,International,76.61
ORD003253,CUST0014,PROD0063,2023-04-20 09:10:28.685737152,12,361.94,0.05,Completed,Mobile,International,4126.12
ORD003254,CUST0073,PROD0165,2023-04-20 12:40:28.325665136,9,64.44,0.05,Completed,Mobile,East,550.96
ORD003255,CUST0399,PROD0187,2023-04-20 16:10:27.965593120,9,129.48,0.2,Completed,Web,North,932.26
ORD003256,CUST0405,PROD0127,2023-04-20 19:40:27.605521104,2,155.96,0.05,Completed,Mobile,South,296.32
ORD003257,CUST0163,PROD0176,2023-04-20 23:10:27.245449088,2,284.59,0.0,Completed,Mobile,South,569.18
ORD003258,CUST0066,PROD0133,2023-04-21 02:40:26.885377080,13,205.0,0.0,Completed,Web,East,2665.0
ORD003259,CUST0347,PROD0048,2023-04-21 06:10:26.525305064,7,340.59,0.1,Returned,Web,North,2145.72
ORD003260,CUST0130,PROD0003,2023-04-21 09:40:26.165233048,11,37.26,0.05,Completed,In-Store,East,389.37
ORD003261,CUST0419,PROD0116,2023-04-21 13:10:25.805161032,4,70.73,0.0,Pending,Web,South,282.92
ORD003262,CUST0466,PROD0175,2023-04-21 16:40:25.445089016,13,254.61,0.15,Completed,Mobile,International,2813.44
ORD003263,CUST0206,PROD0190,2023-04-21 20:10:25.085017008,1,175.11,0.1,Completed,Web,International,157.6
ORD003264,CUST0276,PROD0099,2023-04-21 23:40:24.724944992,8,154.95,0.1,Completed,Web,East,1115.64
ORD003265,CUST0466,PROD0116,2023-04-22 03:10:24.364872976,2,42.84,0.0,Completed,Web,East,85.68
ORD003266,CUST0256,PROD0014,2023-04-22 06:40:24.004800960,14,448.9,0.0,Completed,Mobile,North,6284.6
ORD003267,CUST0266,PROD0191,2023-04-22 10:10:23.644728944,3,348.99,0.2,Completed,Web,North,837.58
ORD003268,CUST0025,PROD0112,2023-04-22 13:40:23.284656936,5,69.59,0.15,Completed,Web,International,295.76
ORD003269,CUST0450,PROD0061,2023-04-22 17:10:22.924584920,14,41.87,0.0,Completed,Mobile,West,586.18
ORD003270,CUST0281,PROD0159,2023-04-22 20:40:22.564512904,3,487.69,0.0,Completed,Web,North,1463.07
ORD003271,CUST0253,PROD0095,2023-04-23 00:10:22.204440888,7,343.77,0.05,Completed,Web,East,2286.07
ORD003272,CUST0310,PROD0017,2023-04-23 03:40:21.844368872,7,214.55,0.0,Completed,Web,International,1501.85
ORD003273,CUST0289,PROD0124,2023-04-23 07:10:21.484296864,14,353.85,0.1,Completed,Web,South,4458.51
ORD003274,CUST0164,PROD0024,2023-04-23 10:40:21.124224848,2,380.6,0.2,Completed,Mobile,North,608.96
ORD003275,CUST0095,PROD0116,2023-04-23 14:10:20.764152832,13,392.18,0.0,Completed,Web,International,5098.34
ORD003276,CUST0270,PROD0151,2023-04-23 17:40:20.404080816,13,244.16,0.0,Completed,Web,East,3174.08
ORD003277,CUST0321,PROD0082,2023-04-23 21:10:20.044008800,7,220.64,0.15,Completed,In-Store,South,1312.81
ORD003278,CUST0110,PROD0050,2023-04-24 00:40:19.683936792,11,15.4,0.0,Completed,In-Store,South,169.4
ORD003279,CUST0336,PROD0079,2023-04-24 04:10:19.323864776,6,464.01,0.2,Completed,Mobile,International,2227.25
ORD003280,CUST0310,PROD0079,2023-04-24 07:40:18.963792760,10,305.62,0.1,Completed,In-Store,West,2750.58
ORD003281,CUST0238,PROD0070,2023-04-24 11:10:18.603720744,9,109.55,0.2,Completed,Mobile,South,788.76
ORD003282,CUST0381,PROD0027,2023-04-24 14:40:18.243648728,13,460.61,0.0,Completed,Mobile,North,5987.93
ORD003283,CUST0436,PROD0015,2023-04-24 18:10:17.883576720,9,458.32,0.0,Completed,Mobile,South,4124.88
ORD003284,CUST0387,PROD0050,2023-04-24 21:40:17.523504704,2,494.7,0.05,Completed,Mobile,North,939.93
ORD003285,CUST0483,PROD0036,2023-04-25 01:10:17.163432688,7,438.29,0.05,Completed,Mobile,North,2914.63
ORD003286,CUST0425,PROD0008,2023-04-25 04:40:16.803360672,5,498.91,0.0,Returned,Web,South,2494.55
ORD003287,CUST0390,PROD0079,2023-04-25 08:10:16.443288656,13,129.9,0.2,Completed,Mobile,North,1350.96
ORD003288,CUST0025,PROD0131,2023-04-25 11:40:16.083216648,6,422.7,0.15,Completed,Mobile,International,2155.77
ORD003289,CUST0141,PROD0190,2023-04-25 15:10:15.723144632,1,413.28,0.1,Completed,Mobile,North,371.95
ORD003290,CUST0117,PROD0047,2023-04-25 18:40:15.363072616,7,123.16,0.0,Completed,Web,South,862.12
ORD003291,CUST0482,PROD0105,2023-04-25 22:10:15.003000600,6,58.23,0.1,Completed,Web,North,314.44
ORD003292,CUST0392,PROD0098,2023-04-26 01:40:14.642928584,4,489.92,0.1,Completed,Web,West,1763.71
ORD003293,CUST0405,PROD0096,2023-04-26 05:10:14.282856576,1,155.05,0.05,Completed,Mobile,North,147.3
ORD003294,CUST0482,PROD0189,2023-04-26 08:40:13.922784560,9,436.74,0.2,Completed,Web,East,3144.53
ORD003295,CUST0452,PROD0160,2023-04-26 12:10:13.562712544,4,12.02,0.0,Completed,Web,West,48.08
ORD003296,CUST0025,PROD0116,2023-04-26 15:40:13.202640528,2,20.3,0.0,Returned,Web,International,40.6
ORD003297,CUST0079,PROD0013,2023-04-26 19:10:12.842568512,8,238.28,0.0,Completed,Web,West,1906.24
ORD003298,CUST0068,PROD0001,2023-04-26 22:40:12.482496504,2,126.97,0.1,Completed,Mobile,North,228.55
ORD003299,CUST0173,PROD0034,2023-04-27 02:10:12.122424488,5,348.02,0.1,Completed,In-Store,North,1566.09
ORD003300,CUST0444,PROD0190,2023-04-27 05:40:11.762352472,11,287.13,0.0,Returned,Web,West,3158.43
ORD003301,CUST0012,PROD0079,2023-04-27 09:10:11.402280456,6,47.97,0.0,Completed,Mobile,North,287.82
ORD003302,CUST0288,PROD0078,2023-04-27 12:40:11.042208440,11,89.69,0.0,Completed,Web,South,986.59
ORD003303,CUST0128,PROD0121,2023-04-27 16:10:10.682136432,13,200.14,0.0,Completed,Web,International,2601.82
ORD003304,CUST0096,PROD0093,2023-04-27 19:40:10.322064416,8,100.95,0.05,Completed,Mobile,West,767.22
ORD003305,CUST0092,PROD0098,2023-04-27 23:10:09.961992400,11,398.19,0.0,Completed,Mobile,West,4380.09
ORD003306,CUST0141,PROD0082,2023-04-28 02:40:09.601920384,1,213.87,0.0,Completed,Mobile,International,213.87
ORD003307,CUST0031,PROD0199,2023-04-28 06:10:09.241848368,1,55.78,0.15,Completed,Web,East,47.41
ORD003308,CUST0334,PROD0159,2023-04-28 09:40:08.881776360,12,247.33,0.05,Completed,In-Store,West,2819.56
ORD003309,CUST0020,PROD0192,2023-04-28 13:10:08.521704344,4,54.51,0.1,Completed,Web,South,196.24
ORD003310,CUST0146,PROD0153,2023-04-28 16:40:08.161632328,5,73.18,0.0,Completed,Web,International,365.9
ORD003311,CUST0477,PROD0038,2023-04-28 20:10:07.801560312,13,127.41,0.0,Completed,Web,South,1656.33
ORD003312,CUST0316,PROD0014,2023-04-28 23:40:07.441488296,13,431.17,0.05,Completed,Mobile,East,5324.95
ORD003313,CUST0447,PROD0136,2023-04-29 03:10:07.081416288,9,463.06,0.0,Completed,Web,South,4167.54
ORD003314,CUST0390,PROD0091,2023-04-29 06:40:06.721344272,11,414.87,0.0,Completed,Web,North,4563.57
ORD003315,CUST0160,PROD0054,2023-04-29 10:10:06.361272256,14,173.7,0.15,Returned,Mobile,East,2067.03
ORD003316,CUST0349,PROD0130,2023-04-29 13:40:06.001200240,7,143.5,0.2,Completed,Web,South,803.6
ORD003317,CUST0043,PROD0101,2023-04-29 17:10:05.641128224,7,279.09,0.0,Completed,Web,East,1953.63
ORD003318,CUST0254,PROD0089,2023-04-29 20:40:05.281056216,8,363.71,0.0,Completed,Web,East,2909.68
ORD003319,CUST0130,PROD0056,2023-04-30 00:10:04.920984200,5,496.75,0.2,Completed,Web,East,1987.0
ORD003320,CUST0060,PROD0094,2023-04-30 03:40:04.560912184,5,74.47,0.0,Completed,Mobile,North,372.35
ORD003321,CUST0151,PROD0093,2023-04-30 07:10:04.200840168,1,34.15,0.1,Completed,Mobile,South,30.74
ORD003322,CUST0467,PROD0084,2023-04-30 10:40:03.840768152,14,350.23,0.2,Returned,Web,West,3922.58
ORD003323,CUST0287,PROD0085,2023-04-30 14:10:03.480696144,9,417.79,0.2,Completed,Web,South,3008.09
ORD003324,CUST0499,PROD0189,2023-04-30 17:40:03.120624128,6,424.71,0.05,Completed,Mobile,South,2420.85
ORD003325,CUST0005,PROD0022,2023-04-30 21:10:02.760552112,9,342.45,0.0,Returned,Mobile,East,3082.05
ORD003326,CUST0467,PROD0035,2023-05-01 00:40:02.400480096,3,477.47,0.0,Completed,Mobile,International,1432.41
ORD003327,CUST0418,PROD0016,2023-05-01 04:10:02.040408080,5,260.39,0.15,Completed,Web,West,1106.66
ORD003328,CUST0266,PROD0050,2023-05-01 07:40:01.680336072,2,457.77,0.2,Pending,Web,North,732.43
ORD003329,CUST0345,PROD0122,2023-05-01 11:10:01.320264056,10,484.23,0.1,Completed,In-Store,International,4358.07
ORD003330,CUST0130,PROD0128,2023-05-01 14:40:00.960192040,5,425.11,0.1,Completed,Mobile,West,1913.0
ORD003331,CUST0382,PROD0113,2023-05-01 18:10:00.600120024,13,161.78,0.1,Completed,Web,West,1892.83
ORD003332,CUST0267,PROD0171,2023-05-01 21:40:00.240048008,13,106.15,0.1,Completed,Web,East,1241.96
ORD003333,CUST0178,PROD0017,2023-05-02 01:09:59.879976000,13,278.58,0.15,Completed,Web,West,3078.31
ORD003334,CUST0253,PROD0080,2023-05-02 04:39:59.519903984,14,231.98,0.1,Pending,Web,East,2922.95
ORD003335,CUST0415,PROD0186,2023-05-02 08:09:59.159831968,8,440.1,0.05,Completed,In-Store,West,3344.76
ORD003336,CUST0056,PROD0130,2023-05-02 11:39:58.799759952,11,59.02,0.0,Completed,In-Store,International,649.22
ORD003337,CUST0463,PROD0132,2023-05-02 15:09:58.439687936,2,136.29,0.1,Returned,Web,International,245.32
ORD003338,CUST0457,PROD0085,2023-05-02 18:39:58.079615928,8,378.38,0.05,Completed,Web,East,2875.69
ORD003339,CUST0471,PROD0167,2023-05-02 22:09:57.719543912,4,56.54,0.0,Completed,Mobile,International,226.16
ORD003340,CUST0083,PROD0094,2023-05-03 01:39:57.359471896,10,167.17,0.15,Completed,Web,North,1420.94
ORD003341,CUST0393,PROD0134,2023-05-03 05:09:56.999399880,10,199.71,0.1,Pending,Mobile,North,1797.39
ORD003342,CUST0099,PROD0081,2023-05-03 08:39:56.639327864,1,315.07,0.2,Pending,Mobile,East,252.06
ORD003343,CUST0149,PROD0069,2023-05-03 12:09:56.279255856,13,87.48,0.0,Completed,Mobile,West,1137.24
ORD003344,CUST0329,PROD0069,2023-05-03 15:39:55.919183840,5,431.7,0.1,Returned,Mobile,North,1942.65
ORD003345,CUST0156,PROD0148,2023-05-03 19:09:55.559111824,13,229.3,0.0,Completed,Mobile,East,2980.9
ORD003346,CUST0190,PROD0192,2023-05-03 22:39:55.199039808,1,459.34,0.2,Completed,In-Store,North,367.47
ORD003347,CUST0494,PROD0016,2023-05-04 02:09:54.838967792,7,239.26,0.0,Returned,Web,East,1674.82
ORD003348,CUST0371,PROD0051,2023-05-04 05:39:54.478895784,8,144.77,0.1,Completed,In-Store,International,1042.34
ORD003349,CUST0263,PROD0105,2023-05-04 09:09:54.118823768,3,79.5,0.1,Completed,Web,West,214.65
ORD003350,CUST0080,PROD0165,2023-05-04 12:39:53.758751752,3,11.84,0.0,Completed,Web,South,35.52
ORD003351,CUST0400,PROD0197,2023-05-04 16:09:53.398679736,7,270.76,0.2,Completed,Web,International,1516.26
ORD003352,CUST0252,PROD0170,2023-05-04 19:39:53.038607720,4,62.51,0.15,Completed,Mobile,West,212.53
ORD003353,CUST0097,PROD0185,2023-05-04 23:09:52.678535712,3,201.95,0.0,Completed,Web,West,605.85
ORD003354,CUST0260,PROD0066,2023-05-05 02:39:52.318463696,8,298.74,0.0,Returned,Mobile,West,2389.92
ORD003355,CUST0260,PROD0009,2023-05-05 06:09:51.958391680,3,145.09,0.0,Returned,Mobile,International,435.27
ORD003356,CUST0103,PROD0107,2023-05-05 09:39:51.598319664,13,95.86,0.0,Completed,Web,West,1246.18
ORD003357,CUST0040,PROD0100,2023-05-05 13:09:51.238247648,14,389.61,0.15,Completed,Mobile,East,4636.36
ORD003358,CUST0273,PROD0086,2023-05-05 16:39:50.878175640,7,473.93,0.2,Completed,In-Store,South,2654.01
ORD003359,CUST0101,PROD0064,2023-05-05 20:09:50.518103624,2,59.22,0.0,Completed,Mobile,West,118.44
ORD003360,CUST0359,PROD0022,2023-05-05 23:39:50.158031608,11,86.24,0.05,Completed,Web,East,901.21
ORD003361,CUST0380,PROD0162,2023-05-06 03:09:49.797959592,11,480.41,0.05,Completed,In-Store,East,5020.28
ORD003362,CUST0308,PROD0183,2023-05-06 06:39:49.437887576,1,28.51,0.0,Completed,Mobile,South,28.51
ORD003363,CUST0221,PROD0157,2023-05-06 10:09:49.077815568,12,489.04,0.0,Completed,Web,South,5868.48
ORD003364,CUST0308,PROD0166,2023-05-06 13:39:48.717743552,6,12.28,0.0,Completed,Web,East,73.68
ORD003365,CUST0420,PROD0110,2023-05-06 17:09:48.357671536,8,438.1,0.05,Completed,Web,West,3329.56
ORD003366,CUST0124,PROD0097,2023-05-06 20:39:47.997599520,1,160.59,0.1,Completed,In-Store,West,144.53
ORD003367,CUST0422,PROD0018,2023-05-07 00:09:47.637527504,13,469.91,0.1,Completed,Web,North,5497.95
ORD003368,CUST0231,PROD0071,2023-05-07 03:39:47.277455496,10,165.3,0.0,Completed,Web,North,1653.0
ORD003369,CUST0178,PROD0193,2023-05-07 07:09:46.917383480,12,330.61,0.15,Completed,In-Store,North,3372.22
ORD003370,CUST0063,PROD0127,2023-05-07 10:39:46.557311464,9,49.22,0.1,Completed,Web,North,398.68
ORD003371,CUST0485,PROD0097,2023-05-07 14:09:46.197239448,3,128.74,0.15,Completed,In-Store,North,328.29
ORD003372,CUST0116,PROD0001,2023-05-07 17:39:45.837167432,3,389.1,0.05,Completed,Web,West,1108.94
ORD003373,CUST0191,PROD0132,2023-05-07 21:09:45.477095424,4,269.06,0.15,Completed,Mobile,International,914.8
ORD003374,CUST0062,PROD0004,2023-05-08 00:39:45.117023408,11,464.7,0.15,Completed,Web,South,4344.94
ORD003375,CUST0256,PROD0125,2023-05-08 04:09:44.756951392,1,220.09,0.05,Completed,In-Store,East,209.09
ORD003376,CUST0483,PROD0082,2023-05-08 07:39:44.396879376,9,436.21,0.0,Returned,Mobile,West,3925.89
ORD003377,CUST0007,PROD0027,2023-05-08 11:09:44.036807360,11,229.99,0.2,Completed,In-Store,International,2023.91
ORD003378,CUST0155,PROD0171,2023-05-08 14:39:43.676735352,3,489.83,0.1,Completed,Mobile,International,1322.54
ORD003379,CUST0092,PROD0059,2023-05-08 18:09:43.316663336,13,480.32,0.2,Pending,Web,North,4995.33
ORD003380,CUST0470,PROD0032,2023-05-08 21:39:42.956591320,10,171.28,0.1,Completed,Web,North,1541.52
ORD003381,CUST0014,PROD0161,2023-05-09 01:09:42.596519304,4,444.1,0.1,Completed,Web,North,1598.76
ORD003382,CUST0455,PROD0028,2023-05-09 04:39:42.236447288,1,425.33,0.0,Completed,Mobile,East,425.33
ORD003383,CUST0229,PROD0106,2023-05-09 08:09:41.876375280,4,113.23,0.0,Completed,In-Store,West,452.92
ORD003384,CUST0086,PROD0105,2023-05-09 11:39:41.516303264,13,315.9,0.2,Completed,Web,South,3285.36
ORD003385,CUST0133,PROD0183,2023-05-09 15:09:41.156231248,1,45.61,0.0,Completed,Mobile,International,45.61
ORD003386,CUST0183,PROD0188,2023-05-09 18:39:40.796159232,5,419.99,0.0,Completed,In-Store,East,2099.95
ORD003387,CUST0386,PROD0070,2023-05-09 22:09:40.436087216,5,95.53,0.1,Pending,Web,International,429.88
ORD003388,CUST0062,PROD0062,2023-05-10 01:39:40.076015208,14,44.7,0.1,Completed,In-Store,North,563.22
ORD003389,CUST0219,PROD0034,2023-05-10 05:09:39.715943192,11,206.11,0.0,Completed,Web,North,2267.21
ORD003390,CUST0405,PROD0087,2023-05-10 08:39:39.355871176,7,292.69,0.0,Completed,Mobile,South,2048.83
ORD003391,CUST0246,PROD0114,2023-05-10 12:09:38.995799160,14,428.91,0.05,Completed,Web,North,5704.5
ORD003392,CUST0230,PROD0106,2023-05-10 15:39:38.635727144,8,487.38,0.0,Completed,Web,West,3899.04
ORD003393,CUST0079,PROD0056,2023-05-10 19:09:38.275655136,4,225.35,0.1,Completed,Web,North,811.26
ORD003394,CUST0149,PROD0113,2023-05-10 22:39:37.915583120,7,39.62,0.0,Completed,In-Store,West,277.34
ORD003395,CUST0138,PROD0013,2023-05-11 02:09:37.555511104,4,377.07,0.15,Completed,Mobile,North,1282.04
ORD003396,CUST0471,PROD0184,2023-05-11 05:39:37.195439088,3,286.93,0.15,Completed,Web,South,731.67
ORD003397,CUST0314,PROD0018,2023-05-11 09:09:36.835367072,6,229.47,0.1,Completed,In-Store,West,1239.14
ORD003398,CUST0376,PROD0182,2023-05-11 12:39:36.475295064,4,161.54,0.0,Pending,Mobile,International,646.16
ORD003399,CUST0423,PROD0113,2023-05-11 16:09:36.115223048,14,256.18,0.05,Completed,In-Store,South,3407.19
ORD003400,CUST0389,PROD0171,2023-05-11 19:39:35.755151032,3,175.95,0.05,Completed,Web,International,501.46
ORD003401,CUST0065,PROD0039,2023-05-11 23:09:35.395079016,9,380.94,0.0,Completed,Web,East,3428.46
ORD003402,CUST0013,PROD0189,2023-05-12 02:39:35.035007000,5,276.51,0.15,Pending,Mobile,South,1175.17
ORD003403,CUST0213,PROD0170,2023-05-12 06:09:34.674934992,13,439.66,0.05,Returned,Web,West,5429.8
ORD003404,CUST0474,PROD0079,2023-05-12 09:39:34.314862976,14,276.34,0.15,Completed,Web,South,3288.45
ORD003405,CUST0242,PROD0146,2023-05-12 13:09:33.954790960,7,126.75,0.0,Completed,Web,South,887.25
ORD003406,CUST0493,PROD0151,2023-05-12 16:39:33.594718944,12,427.04,0.0,Completed,Web,West,5124.48
ORD003407,CUST0213,PROD0182,2023-05-12 20:09:33.234646928,14,283.04,0.2,Completed,Web,South,3170.05
ORD003408,CUST0181,PROD0030,2023-05-12 23:39:32.874574920,6,111.35,0.05,Completed,In-Store,North,634.69
ORD003409,CUST0338,PROD0098,2023-05-13 03:09:32.514502904,10,315.52,0.05,Completed,Web,North,2997.44
ORD003410,CUST0485,PROD0058,2023-05-13 06:39:32.154430888,5,185.28,0.05,Completed,Web,West,880.08
ORD003411,CUST0173,PROD0196,2023-05-13 10:09:31.794358872,7,423.76,0.0,Completed,Mobile,West,2966.32
ORD003412,CUST0160,PROD0067,2023-05-13 13:39:31.434286856,11,232.12,0.1,Completed,Mobile,South,2297.99
ORD003413,CUST0164,PROD0071,2023-05-13 17:09:31.074214848,6,365.96,0.0,Completed,Mobile,International,2195.76
ORD003414,CUST0465,PROD0146,2023-05-13 20:39:30.714142832,10,56.81,0.05,Completed,Mobile,South,539.7
ORD003415,CUST0483,PROD0106,2023-05-14 00:09:30.354070816,2,204.05,0.05,Completed,Web,West,387.7
ORD003416,CUST0497,PROD0007,2023-05-14 03:39:29.993998800,13,491.79,0.2,Completed,Web,International,5114.62
ORD003417,CUST0188,PROD0040,2023-05-14 07:09:29.633926784,13,406.15,0.05,Returned,Mobile,West,5015.95
ORD003418,CUST0395,PROD0070,2023-05-14 10:39:29.273854776,13,88.37,0.0,Completed,In-Store,East,1148.81
ORD003419,CUST0191,PROD0193,2023-05-14 14:09:28.913782760,3,146.1,0.05,Completed,Mobile,West,416.38
ORD003420,CUST0405,PROD0068,2023-05-14 17:39:28.553710744,2,171.61,0.0,Completed,Web,South,343.22
ORD003421,CUST0308,PROD0049,2023-05-14 21:09:28.193638728,12,328.68,0.0,Completed,Web,East,3944.16
ORD003422,CUST0256,PROD0052,2023-05-15 00:39:27.833566712,3,380.93,0.0,Returned,Web,South,1142.79
ORD003423,CUST0183,PROD0114,2023-05-15 04:09:27.473494704,1,377.27,0.05,Completed,Mobile,South,358.41
ORD003424,CUST0117,PROD0107,2023-05-15 07:39:27.113422688,8,259.84,0.0,Completed,Web,North,2078.72
ORD003425,CUST0282,PROD0029,2023-05-15 11:09:26.753350672,6,407.3,0.05,Completed,Web,North,2321.61
ORD003426,CUST0196,PROD0149,2023-05-15 14:39:26.393278656,13,224.17,0.2,Returned,Web,East,2331.37
ORD003427,CUST0034,PROD0078,2023-05-15 18:09:26.033206640,2,70.7,0.1,Completed,Web,International,127.26
ORD003428,CUST0052,PROD0009,2023-05-15 21:39:25.673134632,8,286.58,0.0,Completed,Web,North,2292.64
ORD003429,CUST0112,PROD0175,2023-05-16 01:09:25.313062616,6,476.63,0.0,Completed,Web,North,2859.78
ORD003430,CUST0252,PROD0076,2023-05-16 04:39:24.952990600,7,398.57,0.1,Completed,Mobile,East,2510.99
ORD003431,CUST0082,PROD0042,2023-05-16 08:09:24.592918584,11,293.56,0.15,Completed,Web,West,2744.79
ORD003432,CUST0232,PROD0179,2023-05-16 11:39:24.232846568,1,326.93,0.0,Completed,Mobile,North,326.93
ORD003433,CUST0227,PROD0184,2023-05-16 15:09:23.872774560,7,465.98,0.15,Completed,Web,North,2772.58
ORD003434,CUST0233,PROD0179,2023-05-16 18:39:23.512702544,3,219.89,0.05,Completed,Web,East,626.69
ORD003435,CUST0221,PROD0198,2023-05-16 22:09:23.152630528,11,172.38,0.05,Completed,Mobile,West,1801.37
ORD003436,CUST0436,PROD0128,2023-05-17 01:39:22.792558512,12,488.85,0.2,Completed,Web,North,4692.96
ORD003437,CUST0413,PROD0020,2023-05-17 05:09:22.432486496,8,433.09,0.1,Returned,Mobile,South,3118.25
ORD003438,CUST0422,PROD0155,2023-05-17 08:39:22.072414488,6,168.29,0.15,Completed,Mobile,West,858.28
ORD003439,CUST0042,PROD0166,2023-05-17 12:09:21.712342472,4,237.25,0.0,Completed,Mobile,North,949.0
ORD003440,CUST0021,PROD0072,2023-05-17 15:39:21.352270456,11,213.39,0.05,Completed,Web,North,2229.93
ORD003441,CUST0042,PROD0065,2023-05-17 19:09:20.992198440,8,83.06,0.1,Completed,Web,East,598.03
ORD003442,CUST0397,PROD0182,2023-05-17 22:39:20.632126424,9,479.33,0.0,Completed,Mobile,International,4313.97
ORD003443,CUST0113,PROD0113,2023-05-18 02:09:20.272054416,10,208.11,0.05,Completed,Web,South,1977.05
ORD003444,CUST0105,PROD0024,2023-05-18 05:39:19.911982400,2,438.91,0.0,Completed,Web,East,877.82
ORD003445,CUST0192,PROD0128,2023-05-18 09:09:19.551910384,6,102.78,0.0,Completed,Mobile,South,616.68
ORD003446,CUST0017,PROD0175,2023-05-18 12:39:19.191838368,5,278.46,0.0,Completed,Web,International,1392.3
ORD003447,CUST0120,PROD0199,2023-05-18 16:09:18.831766352,5,21.74,0.1,Completed,Web,North,97.83
ORD003448,CUST0393,PROD0083,2023-05-18 19:39:18.471694344,10,384.47,0.2,Completed,Mobile,East,3075.76
ORD003449,CUST0425,PROD0063,2023-05-18 23:09:18.111622328,11,294.65,0.05,Returned,In-Store,West,3079.09
ORD003450,CUST0129,PROD0185,2023-05-19 02:39:17.751550312,3,316.54,0.1,Completed,In-Store,International,854.66
ORD003451,CUST0130,PROD0183,2023-05-19 06:09:17.391478296,12,35.34,0.0,Completed,Web,West,424.08
ORD003452,CUST0060,PROD0060,2023-05-19 09:39:17.031406280,8,113.41,0.2,Completed,Mobile,South,725.82
ORD003453,CUST0048,PROD0099,2023-05-19 13:09:16.671334272,14,46.42,0.05,Completed,Web,South,617.39
ORD003454,CUST0029,PROD0062,2023-05-19 16:39:16.311262256,8,151.57,0.1,Completed,Web,South,1091.3
ORD003455,CUST0097,PROD0030,2023-05-19 20:09:15.951190240,12,317.45,0.1,Completed,Mobile,East,3428.46
ORD003456,CUST0010,PROD0022,2023-05-19 23:39:15.591118224,5,287.43,0.0,Returned,Web,West,1437.15
ORD003457,CUST0242,PROD0126,2023-05-20 03:09:15.231046208,8,309.95,0.05,Completed,Web,West,2355.62
ORD003458,CUST0314,PROD0157,2023-05-20 06:39:14.870974200,10,279.13,0.2,Completed,In-Store,South,2233.04
ORD003459,CUST0444,PROD0169,2023-05-20 10:09:14.510902184,8,143.78,0.0,Completed,Mobile,West,1150.24
ORD003460,CUST0232,PROD0042,2023-05-20 13:39:14.150830168,3,129.81,0.1,Completed,Mobile,International,350.49
ORD003461,CUST0277,PROD0098,2023-05-20 17:09:13.790758152,2,77.16,0.2,Completed,In-Store,International,123.46
ORD003462,CUST0284,PROD0193,2023-05-20 20:39:13.430686136,9,426.04,0.0,Completed,Mobile,West,3834.36
ORD003463,CUST0203,PROD0031,2023-05-21 00:09:13.070614128,2,312.07,0.15,Completed,Web,East,530.52
ORD003464,CUST0247,PROD0158,2023-05-21 03:39:12.710542112,9,101.39,0.2,Completed,Mobile,East,730.01
ORD003465,CUST0290,PROD0112,2023-05-21 07:09:12.350470096,4,96.83,0.1,Completed,Web,North,348.59
ORD003466,CUST0264,PROD0146,2023-05-21 10:39:11.990398080,12,437.79,0.0,Completed,Web,North,5253.48
ORD003467,CUST0443,PROD0122,2023-05-21 14:09:11.630326064,13,373.94,0.0,Completed,Mobile,East,4861.22
ORD003468,CUST0214,PROD0017,2023-05-21 17:39:11.270254056,2,333.11,0.0,Completed,Web,North,666.22
ORD003469,CUST0200,PROD0038,2023-05-21 21:09:10.910182040,10,209.36,0.15,Completed,Web,East,1779.56
ORD003470,CUST0433,PROD0142,2023-05-22 00:39:10.550110024,1,138.37,0.15,Completed,Web,East,117.61
ORD003471,CUST0079,PROD0110,2023-05-22 04:09:10.190038008,4,489.93,0.1,Completed,Web,East,1763.75
ORD003472,CUST0401,PROD0184,2023-05-22 07:39:09.829965992,9,400.65,0.0,Completed,In-Store,North,3605.85
ORD003473,CUST0444,PROD0022,2023-05-22 11:09:09.469893984,12,157.87,0.0,Completed,Mobile,North,1894.44
ORD003474,CUST0343,PROD0195,2023-05-22 14:39:09.109821968,9,425.31,0.1,Completed,Mobile,North,3445.01
ORD003475,CUST0344,PROD0056,2023-05-22 18:09:08.749749952,4,381.88,0.1,Completed,Mobile,North,1374.77
ORD003476,CUST0173,PROD0119,2023-05-22 21:39:08.389677936,9,155.57,0.2,Completed,Mobile,International,1120.1
ORD003477,CUST0467,PROD0147,2023-05-23 01:09:08.029605920,12,219.01,0.1,Completed,Mobile,South,2365.31
ORD003478,CUST0069,PROD0057,2023-05-23 04:39:07.669533912,6,101.12,0.15,Completed,Mobile,South,515.71
ORD003479,CUST0416,PROD0172,2023-05-23 08:09:07.309461896,1,64.42,0.1,Completed,In-Store,North,57.98
ORD003480,CUST0428,PROD0035,2023-05-23 11:39:06.949389880,10,364.15,0.1,Returned,In-Store,East,3277.35
ORD003481,CUST0449,PROD0114,2023-05-23 15:09:06.589317864,13,141.08,0.05,Completed,In-Store,West,1742.34
ORD003482,CUST0087,PROD0125,2023-05-23 18:39:06.229245848,14,411.83,0.2,Completed,Mobile,North,4612.5
ORD003483,CUST0101,PROD0129,2023-05-23 22:09:05.869173840,6,497.85,0.1,Returned,In-Store,International,2688.39
ORD003484,CUST0008,PROD0052,2023-05-24 01:39:05.509101824,9,47.54,0.0,Pending,Web,West,427.86
ORD003485,CUST0333,PROD0085,2023-05-24 05:09:05.149029808,13,241.79,0.0,Returned,In-Store,North,3143.27
ORD003486,CUST0200,PROD0198,2023-05-24 08:39:04.788957792,2,403.01,0.0,Completed,In-Store,East,806.02
ORD003487,CUST0087,PROD0165,2023-05-24 12:09:04.428885776,6,396.59,0.05,Pending,In-Store,East,2260.56
ORD003488,CUST0043,PROD0065,2023-05-24 15:39:04.068813768,2,382.4,0.0,Completed,Mobile,South,764.8
ORD003489,CUST0385,PROD0179,2023-05-24 19:09:03.708741752,4,181.01,0.0,Completed,Web,West,724.04
ORD003490,CUST0109,PROD0129,2023-05-24 22:39:03.348669736,8,232.39,0.05,Completed,Web,North,1766.16
ORD003491,CUST0435,PROD0021,2023-05-25 02:09:02.988597720,13,301.53,0.0,Returned,Web,South,3919.89
ORD003492,CUST0408,PROD0181,2023-05-25 05:39:02.628525704,7,487.23,0.15,Completed,Mobile,South,2899.02
ORD003493,CUST0483,PROD0016,2023-05-25 09:09:02.268453696,11,170.5,0.05,Completed,Web,East,1781.72
ORD003494,CUST0152,PROD0123,2023-05-25 12:39:01.908381680,12,462.34,0.05,Completed,Web,International,5270.68
ORD003495,CUST0017,PROD0061,2023-05-25 16:09:01.548309664,13,141.98,0.0,Completed,Mobile,North,1845.74
ORD003496,CUST0133,PROD0054,2023-05-25 19:39:01.188237648,9,494.65,0.0,Pending,Mobile,North,4451.85
ORD003497,CUST0148,PROD0168,2023-05-25 23:09:00.828165632,7,338.43,0.05,Completed,In-Store,East,2250.56
ORD003498,CUST0277,PROD0026,2023-05-26 02:39:00.468093624,1,237.12,0.15,Completed,Mobile,North,201.55
ORD003499,CUST0232,PROD0080,2023-05-26 06:09:00.108021608,2,310.56,0.1,Completed,Mobile,North,559.01
ORD003500,CUST0314,PROD0065,2023-05-26 09:38:59.747949592,6,143.54,0.0,Completed,Mobile,South,861.24
ORD003501,CUST0415,PROD0100,2023-05-26 13:08:59.387877576,7,144.35,0.1,Completed,Mobile,North,909.4
ORD003502,CUST0366,PROD0074,2023-05-26 16:38:59.027805560,3,65.64,0.0,Completed,Web,South,196.92
ORD003503,CUST0228,PROD0192,2023-05-26 20:08:58.667733552,9,65.88,0.2,Completed,Web,South,474.34
ORD003504,CUST0139,PROD0171,2023-05-26 23:38:58.307661536,13,180.36,0.2,Completed,In-Store,North,1875.74
ORD003505,CUST0436,PROD0017,2023-05-27 03:08:57.947589520,7,383.8,0.05,Completed,Mobile,East,2552.27
ORD003506,CUST0399,PROD0121,2023-05-27 06:38:57.587517504,14,307.91,0.1,Completed,Mobile,North,3879.67
ORD003507,CUST0211,PROD0187,2023-05-27 10:08:57.227445488,6,60.27,0.15,Completed,Web,International,307.38
ORD003508,CUST0391,PROD0023,2023-05-27 13:38:56.867373480,13,427.6,0.1,Returned,Web,South,5002.92
ORD003509,CUST0499,PROD0135,2023-05-27 17:08:56.507301464,6,304.67,0.1,Completed,Mobile,West,1645.22
ORD003510,CUST0028,PROD0172,2023-05-27 20:38:56.147229448,1,480.82,0.2,Completed,Web,West,384.66
ORD003511,CUST0051,PROD0181,2023-05-28 00:08:55.787157432,13,338.39,0.05,Completed,Web,South,4179.12
ORD003512,CUST0491,PROD0071,2023-05-28 03:38:55.427085416,5,95.84,0.1,Completed,Web,West,431.28
ORD003513,CUST0442,PROD0108,2023-05-28 07:08:55.067013408,10,242.15,0.15,Pending,Mobile,West,2058.28
ORD003514,CUST0261,PROD0079,2023-05-28 10:38:54.706941392,3,327.76,0.1,Completed,Mobile,North,884.95
ORD003515,CUST0261,PROD0162,2023-05-28 14:08:54.346869376,7,23.85,0.1,Completed,In-Store,International,150.26
ORD003516,CUST0350,PROD0046,2023-05-28 17:38:53.986797360,10,17.31,0.0,Completed,Mobile,North,173.1
ORD003517,CUST0352,PROD0196,2023-05-28 21:08:53.626725344,3,73.41,0.0,Completed,In-Store,North,220.23
ORD003518,CUST0008,PROD0078,2023-05-29 00:38:53.266653336,5,133.32,0.0,Completed,Mobile,West,666.6
ORD003519,CUST0320,PROD0016,2023-05-29 04:08:52.906581320,7,220.48,0.05,Completed,Mobile,North,1466.19
ORD003520,CUST0138,PROD0071,2023-05-29 07:38:52.546509304,14,248.85,0.05,Completed,Web,West,3309.7
ORD003521,CUST0038,PROD0096,2023-05-29 11:08:52.186437288,3,77.63,0.2,Pending,Web,International,186.31
ORD003522,CUST0111,PROD0147,2023-05-29 14:38:51.826365272,13,339.96,0.1,Completed,Mobile,International,3977.53
ORD003523,CUST0480,PROD0002,2023-05-29 18:08:51.466293264,13,302.11,0.1,Pending,Web,East,3534.69
ORD003524,CUST0368,PROD0010,2023-05-29 21:38:51.106221248,10,154.29,0.0,Completed,Mobile,International,1542.9
ORD003525,CUST0220,PROD0178,2023-05-30 01:08:50.746149232,2,16.69,0.15,Completed,Mobile,South,28.37
ORD003526,CUST0337,PROD0125,2023-05-30 04:38:50.386077216,6,48.05,0.1,Completed,In-Store,North,259.47
ORD003527,CUST0223,PROD0081,2023-05-30 08:08:50.026005200,8,201.93,0.1,Completed,In-Store,East,1453.9
ORD003528,CUST0136,PROD0140,2023-05-30 11:38:49.665933192,4,85.45,0.0,Completed,Web,East,341.8
ORD003529,CUST0256,PROD0070,2023-05-30 15:08:49.305861176,9,194.64,0.05,Completed,Web,East,1664.17
ORD003530,CUST0360,PROD0150,2023-05-30 18:38:48.945789160,12,317.81,0.1,Completed,Mobile,East,3432.35
ORD003531,CUST0409,PROD0032,2023-05-30 22:08:48.585717144,12,278.15,0.05,Completed,Web,South,3170.91
ORD003532,CUST0329,PROD0105,2023-05-31 01:38:48.225645128,8,123.28,0.2,Completed,Web,East,788.99
ORD003533,CUST0450,PROD0084,2023-05-31 05:08:47.865573120,7,178.47,0.15,Completed,Mobile,International,1061.9
ORD003534,CUST0463,PROD0129,2023-05-31 08:38:47.505501104,14,310.88,0.2,Returned,In-Store,East,3481.86
ORD003535,CUST0434,PROD0182,2023-05-31 12:08:47.145429088,7,431.82,0.1,Completed,Mobile,South,2720.47
ORD003536,CUST0451,PROD0058,2023-05-31 15:38:46.785357072,3,379.07,0.2,Completed,Mobile,West,909.77
ORD003537,CUST0049,PROD0198,2023-05-31 19:08:46.425285056,14,281.17,0.15,Completed,Web,South,3345.92
ORD003538,CUST0292,PROD0146,2023-05-31 22:38:46.065213048,6,187.52,0.0,Completed,Mobile,West,1125.12
ORD003539,CUST0382,PROD0134,2023-06-01 02:08:45.705141032,13,188.88,0.05,Completed,Web,North,2332.67
ORD003540,CUST0324,PROD0045,2023-06-01 05:38:45.345069016,13,440.91,0.0,Completed,Mobile,South,5731.83
ORD003541,CUST0078,PROD0097,2023-06-01 09:08:44.984997000,5,29.23,0.0,Completed,Web,North,146.15
ORD003542,CUST0105,PROD0023,2023-06-01 12:38:44.624924984,1,494.11,0.0,Completed,In-Store,North,494.11
ORD003543,CUST0169,PROD0023,2023-06-01 16:08:44.264852976,11,335.54,0.0,Completed,Mobile,West,3690.94
ORD003544,CUST0217,PROD0154,2023-06-01 19:38:43.904780960,3,343.76,0.1,Completed,Mobile,South,928.15
ORD003545,CUST0378,PROD0135,2023-06-01 23:08:43.544708944,13,28.62,0.05,Completed,In-Store,International,353.46
ORD003546,CUST0119,PROD0079,2023-06-02 02:38:43.184636928,12,306.71,0.0,Completed,Web,East,3680.52
ORD003547,CUST0190,PROD0044,2023-06-02 06:08:42.824564912,1,247.54,0.1,Completed,Web,South,222.79
ORD003548,CUST0255,PROD0027,2023-06-02 09:38:42.464492904,4,61.83,0.15,Completed,Mobile,West,210.22
ORD003549,CUST0370,PROD0026,2023-06-02 13:08:42.104420888,10,146.18,0.2,Returned,In-Store,East,1169.44
ORD003550,CUST0266,PROD0097,2023-06-02 16:38:41.744348872,3,446.25,0.1,Completed,Mobile,West,1204.88
ORD003551,CUST0149,PROD0036,2023-06-02 20:08:41.384276856,11,279.49,0.05,Completed,Web,East,2920.67
ORD003552,CUST0164,PROD0109,2023-06-02 23:38:41.024204840,4,212.57,0.0,Completed,Mobile,North,850.28
ORD003553,CUST0140,PROD0055,2023-06-03 03:08:40.664132832,9,45.61,0.0,Completed,Web,West,410.49
ORD003554,CUST0347,PROD0192,2023-06-03 06:38:40.304060816,3,359.92,0.0,Completed,Mobile,South,1079.76
ORD003555,CUST0488,PROD0185,2023-06-03 10:08:39.943988800,12,354.4,0.05,Completed,Web,East,4040.16
ORD003556,CUST0258,PROD0069,2023-06-03 13:38:39.583916784,6,310.88,0.2,Completed,In-Store,International,1492.22
ORD003557,CUST0374,PROD0061,2023-06-03 17:08:39.223844768,6,260.03,0.0,Returned,Web,South,1560.18
ORD003558,CUST0269,PROD0130,2023-06-03 20:38:38.863772760,7,222.55,0.0,Completed,In-Store,East,1557.85
ORD003559,CUST0181,PROD0055,2023-06-04 00:08:38.503700744,9,300.7,0.0,Completed,Web,South,2706.3
ORD003560,CUST0160,PROD0122,2023-06-04 03:38:38.143628728,12,124.36,0.1,Completed,Web,North,1343.09
ORD003561,CUST0351,PROD0097,2023-06-04 07:08:37.783556712,7,471.22,0.0,Completed,In-Store,East,3298.54
ORD003562,CUST0400,PROD0080,2023-06-04 10:38:37.423484696,14,298.51,0.05,Completed,Web,East,3970.18
ORD003563,CUST0288,PROD0087,2023-06-04 14:08:37.063412688,1,162.48,0.0,Completed,Mobile,South,162.48
ORD003564,CUST0288,PROD0038,2023-06-04 17:38:36.703340672,8,230.34,0.05,Completed,Web,South,1750.58
ORD003565,CUST0380,PROD0119,2023-06-04 21:08:36.343268656,5,404.79,0.0,Completed,Mobile,West,2023.95
ORD003566,CUST0226,PROD0078,2023-06-05 00:38:35.983196640,9,89.19,0.05,Completed,Web,North,762.57
ORD003567,CUST0011,PROD0157,2023-06-05 04:08:35.623124624,10,153.49,0.0,Completed,Web,South,1534.9
ORD003568,CUST0010,PROD0154,2023-06-05 07:38:35.263052616,13,342.96,0.1,Completed,Mobile,West,4012.63
ORD003569,CUST0271,PROD0035,2023-06-05 11:08:34.902980600,12,164.59,0.05,Completed,Web,International,1876.33
ORD003570,CUST0273,PROD0079,2023-06-05 14:38:34.542908584,5,398.33,0.1,Completed,Web,South,1792.48
ORD003571,CUST0424,PROD0067,2023-06-05 18:08:34.182836568,5,73.92,0.05,Completed,Mobile,International,351.12
ORD003572,CUST0402,PROD0087,2023-06-05 21:38:33.822764552,12,383.72,0.0,Completed,Mobile,North,4604.64
ORD003573,CUST0183,PROD0157,2023-06-06 01:08:33.462692544,12,43.49,0.0,Completed,Web,North,521.88
ORD003574,CUST0457,PROD0034,2023-06-06 04:38:33.102620528,14,16.17,0.05,Completed,Mobile,West,215.06
ORD003575,CUST0153,PROD0097,2023-06-06 08:08:32.742548512,2,450.13,0.05,Completed,In-Store,International,855.25
ORD003576,CUST0488,PROD0169,2023-06-06 11:38:32.382476496,12,294.86,0.05,Completed,Web,North,3361.4
ORD003577,CUST0315,PROD0169,2023-06-06 15:08:32.022404480,11,182.4,0.1,Completed,Mobile,North,1805.76
ORD003578,CUST0334,PROD0151,2023-06-06 18:38:31.662332472,3,123.97,0.15,Completed,Mobile,North,316.12
ORD003579,CUST0124,PROD0071,2023-06-06 22:08:31.302260456,10,312.27,0.1,Completed,Web,South,2810.43
ORD003580,CUST0473,PROD0003,2023-06-07 01:38:30.942188440,9,259.41,0.0,Completed,Web,West,2334.69
ORD003581,CUST0114,PROD0058,2023-06-07 05:08:30.582116424,7,495.88,0.1,Completed,Web,East,3124.04
ORD003582,CUST0278,PROD0032,2023-06-07 08:38:30.222044408,1,491.78,0.0,Completed,Mobile,East,491.78
ORD003583,CUST0414,PROD0031,2023-06-07 12:08:29.861972400,3,321.16,0.1,Completed,Web,East,867.13
ORD003584,CUST0468,PROD0082,2023-06-07 15:38:29.501900384,12,227.01,0.0,Returned,Mobile,International,2724.12
ORD003585,CUST0213,PROD0043,2023-06-07 19:08:29.141828368,2,250.66,0.0,Completed,Mobile,North,501.32
ORD003586,CUST0172,PROD0135,2023-06-07 22:38:28.781756352,1,344.41,0.15,Completed,Web,West,292.75
ORD003587,CUST0288,PROD0105,2023-06-08 02:08:28.421684336,9,59.77,0.1,Completed,Mobile,International,484.14
ORD003588,CUST0435,PROD0001,2023-06-08 05:38:28.061612328,8,170.89,0.0,Returned,In-Store,North,1367.12
ORD003589,CUST0174,PROD0061,2023-06-08 09:08:27.701540312,5,46.88,0.0,Completed,Web,West,234.4
ORD003590,CUST0113,PROD0014,2023-06-08 12:38:27.341468296,11,45.95,0.05,Completed,Web,West,480.18
ORD003591,CUST0376,PROD0180,2023-06-08 16:08:26.981396280,12,105.96,0.2,Completed,Mobile,North,1017.22
ORD003592,CUST0405,PROD0006,2023-06-08 19:38:26.621324264,2,247.77,0.05,Completed,Web,North,470.76
ORD003593,CUST0483,PROD0103,2023-06-08 23:08:26.261252256,1,394.54,0.2,Completed,Web,East,315.63
ORD003594,CUST0122,PROD0010,2023-06-09 02:38:25.901180240,7,247.89,0.0,Completed,Web,East,1735.23
ORD003595,CUST0032,PROD0071,2023-06-09 06:08:25.541108224,13,174.38,0.05,Completed,Web,East,2153.59
ORD003596,CUST0222,PROD0090,2023-06-09 09:38:25.181036208,11,50.35,0.1,Completed,Web,North,498.46
ORD003597,CUST0119,PROD0158,2023-06-09 13:08:24.820964192,11,279.64,0.05,Completed,Mobile,West,2922.24
ORD003598,CUST0039,PROD0149,2023-06-09 16:38:24.460892184,2,142.92,0.0,Completed,In-Store,South,285.84
ORD003599,CUST0497,PROD0126,2023-06-09 20:08:24.100820168,1,311.32,0.05,Completed,Web,South,295.75
ORD003600,CUST0268,PROD0188,2023-06-09 23:38:23.740748152,2,488.82,0.1,Completed,Web,South,879.88
ORD003601,CUST0233,PROD0097,2023-06-10 03:08:23.380676136,7,64.54,0.1,Completed,Web,West,406.6
ORD003602,CUST0431,PROD0074,2023-06-10 06:38:23.020604120,7,113.94,0.1,Returned,Web,North,717.82
ORD003603,CUST0018,PROD0115,2023-06-10 10:08:22.660532112,10,241.82,0.1,Completed,Web,North,2176.38
ORD003604,CUST0149,PROD0191,2023-06-10 13:38:22.300460096,6,484.62,0.1,Completed,Web,North,2616.95
ORD003605,CUST0397,PROD0170,2023-06-10 17:08:21.940388080,5,388.19,0.0,Returned,In-Store,North,1940.95
ORD003606,CUST0149,PROD0051,2023-06-10 20:38:21.580316064,3,450.13,0.05,Returned,Web,North,1282.87
ORD003607,CUST0126,PROD0192,2023-06-11 00:08:21.220244048,14,173.52,0.1,Completed,Web,East,2186.35
ORD003608,CUST0392,PROD0056,2023-06-11 03:38:20.860172040,12,496.1,0.2,Completed,Web,West,4762.56
ORD003609,CUST0302,PROD0041,2023-06-11 07:08:20.500100024,3,60.39,0.0,Completed,Web,West,181.17
ORD003610,CUST0360,PROD0032,2023-06-11 10:38:20.140028008,11,35.96,0.05,Completed,In-Store,East,375.78
ORD003611,CUST0238,PROD0015,2023-06-11 14:08:19.779955992,13,429.25,0.0,Returned,Web,North,5580.25
ORD003612,CUST0135,PROD0062,2023-06-11 17:38:19.419883976,12,464.36,0.0,Completed,In-Store,International,5572.32
ORD003613,CUST0151,PROD0155,2023-06-11 21:08:19.059811968,9,54.39,0.05,Completed,Web,North,465.03
ORD003614,CUST0236,PROD0028,2023-06-12 00:38:18.699739952,4,65.58,0.1,Completed,Mobile,West,236.09
ORD003615,CUST0224,PROD0064,2023-06-12 04:08:18.339667936,9,26.26,0.0,Completed,In-Store,International,236.34
ORD003616,CUST0203,PROD0187,2023-06-12 07:38:17.979595920,4,61.21,0.1,Completed,Web,West,220.36
ORD003617,CUST0256,PROD0186,2023-06-12 11:08:17.619523904,2,112.62,0.15,Completed,Web,North,191.45
ORD003618,CUST0086,PROD0130,2023-06-12 14:38:17.259451896,4,485.34,0.2,Completed,Mobile,South,1553.09
ORD003619,CUST0150,PROD0127,2023-06-12 18:08:16.899379880,6,337.25,0.0,Returned,Web,North,2023.5
ORD003620,CUST0235,PROD0036,2023-06-12 21:38:16.539307864,6,391.49,0.05,Completed,Mobile,East,2231.49
ORD003621,CUST0345,PROD0114,2023-06-13 01:08:16.179235848,5,390.31,0.05,Completed,Web,East,1853.97
ORD003622,CUST0022,PROD0199,2023-06-13 04:38:15.819163832,1,272.19,0.0,Completed,Web,West,272.19
ORD003623,CUST0348,PROD0013,2023-06-13 08:08:15.459091824,3,400.77,0.05,Completed,Web,North,1142.19
ORD003624,CUST0285,PROD0015,2023-06-13 11:38:15.099019808,5,301.95,0.1,Completed,In-Store,West,1358.78
ORD003625,CUST0269,PROD0089,2023-06-13 15:08:14.738947792,6,164.13,0.0,Completed,Web,West,984.78
ORD003626,CUST0466,PROD0188,2023-06-13 18:38:14.378875776,14,284.94,0.2,Completed,Web,North,3191.33
ORD003627,CUST0258,PROD0022,2023-06-13 22:08:14.018803760,1,271.42,0.15,Completed,Mobile,South,230.71
ORD003628,CUST0029,PROD0191,2023-06-14 01:38:13.658731752,14,413.49,0.1,Completed,Web,East,5209.97
ORD003629,CUST0213,PROD0074,2023-06-14 05:08:13.298659736,14,491.05,0.1,Completed,Web,East,6187.23
ORD003630,CUST0463,PROD0025,2023-06-14 08:38:12.938587720,9,211.41,0.0,Completed,Web,North,1902.69
ORD003631,CUST0436,PROD0101,2023-06-14 12:08:12.578515704,14,384.06,0.1,Completed,Mobile,North,4839.16
ORD003632,CUST0283,PROD0176,2023-06-14 15:38:12.218443688,3,58.88,0.0,Completed,Mobile,West,176.64
ORD003633,CUST0050,PROD0171,2023-06-14 19:08:11.858371680,10,390.65,0.15,Completed,Web,North,3320.52
ORD003634,CUST0095,PROD0117,2023-06-14 22:38:11.498299664,13,191.99,0.0,Completed,Web,North,2495.87
ORD003635,CUST0463,PROD0166,2023-06-15 02:08:11.138227648,3,29.3,0.0,Completed,Mobile,West,87.9
ORD003636,CUST0499,PROD0041,2023-06-15 05:38:10.778155632,11,187.99,0.05,Completed,Mobile,East,1964.5
ORD003637,CUST0407,PROD0173,2023-06-15 09:08:10.418083616,2,309.21,0.0,Completed,Web,East,618.42
ORD003638,CUST0088,PROD0088,2023-06-15 12:38:10.058011608,8,68.43,0.05,Completed,Web,East,520.07
ORD003639,CUST0044,PROD0168,2023-06-15 16:08:09.697939592,13,462.78,0.05,Returned,Web,East,5715.33
ORD003640,CUST0461,PROD0110,2023-06-15 19:38:09.337867576,3,48.06,0.15,Completed,Mobile,East,122.55
ORD003641,CUST0278,PROD0120,2023-06-15 23:08:08.977795560,6,465.7,0.05,Completed,In-Store,International,2654.49
ORD003642,CUST0171,PROD0097,2023-06-16 02:38:08.617723544,2,356.5,0.0,Returned,Web,North,713.0
ORD003643,CUST0421,PROD0145,2023-06-16 06:08:08.257651536,7,171.56,0.0,Returned,Web,North,1200.92
ORD003644,CUST0189,PROD0057,2023-06-16 09:38:07.897579520,13,201.47,0.05,Completed,Web,North,2488.15
ORD003645,CUST0353,PROD0130,2023-06-16 13:08:07.537507504,4,373.0,0.05,Completed,Web,West,1417.4
ORD003646,CUST0184,PROD0096,2023-06-16 16:38:07.177435488,9,304.72,0.1,Pending,Web,East,2468.23
ORD003647,CUST0003,PROD0121,2023-06-16 20:08:06.817363472,14,339.11,0.0,Completed,In-Store,North,4747.54
ORD003648,CUST0191,PROD0062,2023-06-16 23:38:06.457291464,10,200.69,0.0,Completed,Web,South,2006.9
ORD003649,CUST0118,PROD0137,2023-06-17 03:08:06.097219448,9,249.03,0.0,Completed,Mobile,North,2241.27
ORD003650,CUST0019,PROD0068,2023-06-17 06:38:05.737147432,7,495.04,0.0,Completed,Web,South,3465.28
ORD003651,CUST0023,PROD0081,2023-06-17 10:08:05.377075416,12,114.82,0.0,Returned,Mobile,International,1377.84
ORD003652,CUST0413,PROD0017,2023-06-17 13:38:05.017003400,8,214.75,0.1,Completed,Mobile,West,1546.2
ORD003653,CUST0030,PROD0117,2023-06-17 17:08:04.656931392,3,152.99,0.0,Completed,Web,North,458.97
ORD003654,CUST0295,PROD0050,2023-06-17 20:38:04.296859376,11,384.9,0.05,Completed,In-Store,South,4022.2
ORD003655,CUST0108,PROD0112,2023-06-18 00:08:03.936787360,5,384.37,0.1,Completed,Web,North,1729.66
ORD003656,CUST0367,PROD0094,2023-06-18 03:38:03.576715344,2,153.3,0.0,Completed,Mobile,West,306.6
ORD003657,CUST0281,PROD0168,2023-06-18 07:08:03.216643328,10,49.88,0.1,Completed,In-Store,East,448.92
ORD003658,CUST0128,PROD0186,2023-06-18 10:38:02.856571320,7,15.6,0.05,Completed,Web,International,103.74
ORD003659,CUST0229,PROD0085,2023-06-18 14:08:02.496499304,13,219.45,0.05,Completed,Mobile,West,2710.21
ORD003660,CUST0111,PROD0149,2023-06-18 17:38:02.136427288,8,211.07,0.15,Completed,Mobile,East,1435.28
ORD003661,CUST0136,PROD0146,2023-06-18 21:08:01.776355272,9,494.31,0.0,Completed,In-Store,West,4448.79
ORD003662,CUST0362,PROD0183,2023-06-19 00:38:01.416283256,11,240.2,0.15,Completed,Mobile,West,2245.87
ORD003663,CUST0186,PROD0157,2023-06-19 04:08:01.056211248,11,135.65,0.05,Completed,Web,North,1417.54
ORD003664,CUST0144,PROD0152,2023-06-19 07:38:00.696139232,7,446.7,0.1,Completed,Mobile,East,2814.21
ORD003665,CUST0072,PROD0074,2023-06-19 11:08:00.336067216,10,250.62,0.15,Completed,Mobile,East,2130.27
ORD003666,CUST0129,PROD0109,2023-06-19 14:37:59.975995200,10,303.6,0.15,Completed,Mobile,East,2580.6
ORD003667,CUST0364,PROD0145,2023-06-19 18:07:59.615923184,13,56.88,0.1,Completed,In-Store,North,665.5
ORD003668,CUST0261,PROD0018,2023-06-19 21:37:59.255851176,8,197.63,0.1,Completed,Web,North,1422.94
ORD003669,CUST0003,PROD0042,2023-06-20 01:07:58.895779160,12,472.67,0.05,Completed,Web,South,5388.44
ORD003670,CUST0449,PROD0101,2023-06-20 04:37:58.535707144,9,298.86,0.05,Completed,Mobile,North,2555.25
ORD003671,CUST0388,PROD0045,2023-06-20 08:07:58.175635128,6,178.81,0.0,Completed,In-Store,International,1072.86
ORD003672,CUST0104,PROD0082,2023-06-20 11:37:57.815563112,12,316.58,0.0,Completed,Web,West,3798.96
ORD003673,CUST0483,PROD0017,2023-06-20 15:07:57.455491104,12,456.1,0.15,Completed,In-Store,West,4652.22
ORD003674,CUST0224,PROD0073,2023-06-20 18:37:57.095419088,10,144.26,0.0,Completed,In-Store,East,1442.6
ORD003675,CUST0320,PROD0014,2023-06-20 22:07:56.735347072,2,257.51,0.0,Completed,In-Store,West,515.02
ORD003676,CUST0362,PROD0177,2023-06-21 01:37:56.375275056,2,479.76,0.1,Completed,In-Store,International,863.57
ORD003677,CUST0354,PROD0157,2023-06-21 05:07:56.015203040,4,94.47,0.0,Pending,In-Store,South,377.88
ORD003678,CUST0491,PROD0132,2023-06-21 08:37:55.655131032,9,362.64,0.0,Completed,Mobile,West,3263.76
ORD003679,CUST0473,PROD0082,2023-06-21 12:07:55.295059016,7,311.1,0.05,Completed,Mobile,South,2068.82
ORD003680,CUST0010,PROD0148,2023-06-21 15:37:54.934987000,2,343.04,0.05,Completed,Web,International,651.78
ORD003681,CUST0405,PROD0120,2023-06-21 19:07:54.574914984,8,182.1,0.1,Completed,Web,International,1311.12
ORD003682,CUST0384,PROD0120,2023-06-21 22:37:54.214842968,11,163.8,0.05,Completed,Web,International,1711.71
ORD003683,CUST0302,PROD0047,2023-06-22 02:07:53.854770960,7,345.26,0.05,Pending,Web,North,2295.98
ORD003684,CUST0231,PROD0107,2023-06-22 05:37:53.494698944,9,115.62,0.1,Completed,Web,South,936.52
ORD003685,CUST0219,PROD0108,2023-06-22 09:07:53.134626928,8,215.63,0.05,Completed,In-Store,North,1638.79
ORD003686,CUST0411,PROD0009,2023-06-22 12:37:52.774554912,3,102.21,0.1,Completed,Mobile,East,275.97
ORD003687,CUST0066,PROD0079,2023-06-22 16:07:52.414482896,1,14.07,0.15,Completed,Web,East,11.96
ORD003688,CUST0425,PROD0155,2023-06-22 19:37:52.054410888,2,485.33,0.05,Completed,Mobile,South,922.13
ORD003689,CUST0112,PROD0015,2023-06-22 23:07:51.694338872,14,221.53,0.0,Completed,Web,West,3101.42
ORD003690,CUST0013,PROD0019,2023-06-23 02:37:51.334266856,13,484.98,0.0,Pending,Web,South,6304.74
ORD003691,CUST0393,PROD0090,2023-06-23 06:07:50.974194840,2,78.76,0.1,Completed,In-Store,International,141.77
ORD003692,CUST0420,PROD0180,2023-06-23 09:37:50.614122824,4,297.81,0.0,Completed,Web,North,1191.24
ORD003693,CUST0086,PROD0026,2023-06-23 13:07:50.254050816,6,108.48,0.05,Completed,Mobile,South,618.34
ORD003694,CUST0234,PROD0154,2023-06-23 16:37:49.893978800,4,397.14,0.15,Completed,Web,East,1350.28
ORD003695,CUST0090,PROD0154,2023-06-23 20:07:49.533906784,9,394.01,0.05,Completed,Mobile,East,3368.79
ORD003696,CUST0314,PROD0174,2023-06-23 23:37:49.173834768,4,65.18,0.0,Completed,Mobile,North,260.72
ORD003697,CUST0054,PROD0092,2023-06-24 03:07:48.813762752,6,456.91,0.1,Completed,Web,West,2467.31
ORD003698,CUST0012,PROD0177,2023-06-24 06:37:48.453690744,6,105.37,0.0,Returned,In-Store,East,632.22
ORD003699,CUST0209,PROD0082,2023-06-24 10:07:48.093618728,10,310.36,0.1,Completed,Web,International,2793.24
ORD003700,CUST0462,PROD0181,2023-06-24 13:37:47.733546712,11,492.96,0.1,Completed,Mobile,International,4880.3
ORD003701,CUST0014,PROD0131,2023-06-24 17:07:47.373474696,10,442.37,0.0,Completed,In-Store,East,4423.7
ORD003702,CUST0121,PROD0194,2023-06-24 20:37:47.013402680,1,478.72,0.2,Completed,In-Store,International,382.98
ORD003703,CUST0418,PROD0042,2023-06-25 00:07:46.653330672,8,177.87,0.0,Pending,Web,West,1422.96
ORD003704,CUST0437,PROD0019,2023-06-25 03:37:46.293258656,12,61.73,0.2,Returned,Web,International,592.61
ORD003705,CUST0377,PROD0017,2023-06-25 07:07:45.933186640,3,102.29,0.0,Returned,Mobile,International,306.87
ORD003706,CUST0020,PROD0161,2023-06-25 10:37:45.573114624,13,255.24,0.0,Completed,Web,West,3318.12
ORD003707,CUST0075,PROD0076,2023-06-25 14:07:45.213042608,6,398.68,0.0,Returned,Web,East,2392.08
ORD003708,CUST0400,PROD0177,2023-06-25 17:37:44.852970600,3,83.58,0.0,Completed,Mobile,North,250.74
ORD003709,CUST0243,PROD0184,2023-06-25 21:07:44.492898584,11,333.27,0.1,Completed,Mobile,International,3299.37
ORD003710,CUST0223,PROD0063,2023-06-26 00:37:44.132826568,2,168.55,0.1,Completed,Web,West,303.39
ORD003711,CUST0070,PROD0131,2023-06-26 04:07:43.772754552,5,177.19,0.1,Completed,Web,South,797.36
ORD003712,CUST0312,PROD0107,2023-06-26 07:37:43.412682536,14,334.34,0.0,Completed,In-Store,South,4680.76
ORD003713,CUST0211,PROD0049,2023-06-26 11:07:43.052610528,1,238.83,0.05,Completed,Mobile,West,226.89
ORD003714,CUST0101,PROD0055,2023-06-26 14:37:42.692538512,9,407.9,0.1,Completed,Mobile,East,3303.99
ORD003715,CUST0186,PROD0154,2023-06-26 18:07:42.332466496,11,86.4,0.05,Completed,Web,North,902.88
ORD003716,CUST0132,PROD0099,2023-06-26 21:37:41.972394480,7,397.07,0.1,Completed,Web,North,2501.54
ORD003717,CUST0111,PROD0052,2023-06-27 01:07:41.612322464,3,41.48,0.1,Completed,Web,West,112.0
ORD003718,CUST0381,PROD0100,2023-06-27 04:37:41.252250456,4,105.09,0.0,Completed,Mobile,South,420.36
ORD003719,CUST0132,PROD0117,2023-06-27 08:07:40.892178440,13,331.51,0.1,Completed,Web,East,3878.67
ORD003720,CUST0020,PROD0118,2023-06-27 11:37:40.532106424,6,428.91,0.1,Returned,Mobile,West,2316.11
ORD003721,CUST0394,PROD0007,2023-06-27 15:07:40.172034408,3,133.81,0.1,Returned,Mobile,West,361.29
ORD003722,CUST0024,PROD0046,2023-06-27 18:37:39.811962392,12,170.32,0.0,Returned,Mobile,North,2043.84
ORD003723,CUST0227,PROD0046,2023-06-27 22:07:39.451890384,7,273.19,0.0,Completed,Web,North,1912.33
ORD003724,CUST0154,PROD0100,2023-06-28 01:37:39.091818368,13,113.67,0.0,Completed,Mobile,East,1477.71
ORD003725,CUST0293,PROD0144,2023-06-28 05:07:38.731746352,6,407.47,0.0,Completed,Mobile,West,2444.82
ORD003726,CUST0230,PROD0152,2023-06-28 08:37:38.371674336,9,389.08,0.0,Completed,Web,North,3501.72
ORD003727,CUST0469,PROD0189,2023-06-28 12:07:38.011602320,12,81.19,0.15,Pending,Web,South,828.14
ORD003728,CUST0310,PROD0054,2023-06-28 15:37:37.651530312,5,237.28,0.1,Completed,Mobile,International,1067.76
ORD003729,CUST0488,PROD0062,2023-06-28 19:07:37.291458296,4,389.67,0.05,Completed,Web,International,1480.75
ORD003730,CUST0359,PROD0129,2023-06-28 22:37:36.931386280,3,175.29,0.0,Completed,Web,East,525.87
ORD003731,CUST0405,PROD0049,2023-06-29 02:07:36.571314264,10,320.22,0.2,Returned,Web,North,2561.76
ORD003732,CUST0202,PROD0025,2023-06-29 05:37:36.211242248,1,34.6,0.0,Completed,Web,South,34.6
ORD003733,CUST0038,PROD0010,2023-06-29 09:07:35.851170240,3,308.26,0.1,Completed,In-Store,North,832.3
ORD003734,CUST0430,PROD0118,2023-06-29 12:37:35.491098224,3,84.8,0.2,Completed,Mobile,North,203.52
ORD003735,CUST0260,PROD0144,2023-06-29 16:07:35.131026208,7,416.99,0.1,Completed,Mobile,East,2627.04
ORD003736,CUST0188,PROD0186,2023-06-29 19:37:34.770954192,7,184.17,0.2,Completed,In-Store,East,1031.35
ORD003737,CUST0057,PROD0157,2023-06-29 23:07:34.410882176,13,147.96,0.1,Returned,Mobile,North,1731.13
ORD003738,CUST0429,PROD0092,2023-06-30 02:37:34.050810168,12,422.04,0.0,Completed,Mobile,International,5064.48
ORD003739,CUST0020,PROD0134,2023-06-30 06:07:33.690738152,1,34.57,0.0,Completed,Web,East,34.57
ORD003740,CUST0273,PROD0144,2023-06-30 09:37:33.330666136,3,204.34,0.0,Returned,Mobile,East,613.02
ORD003741,CUST0119,PROD0148,2023-06-30 13:07:32.970594120,13,191.3,0.0,Completed,Web,International,2486.9
ORD003742,CUST0071,PROD0080,2023-06-30 16:37:32.610522104,8,149.55,0.1,Completed,Web,East,1076.76
ORD003743,CUST0004,PROD0071,2023-06-30 20:07:32.250450096,9,456.76,0.0,Completed,Web,International,4110.84
ORD003744,CUST0221,PROD0078,2023-06-30 23:37:31.890378080,7,377.95,0.15,Completed,Web,South,2248.8
ORD003745,CUST0014,PROD0043,2023-07-01 03:07:31.530306064,7,41.32,0.0,Completed,Web,North,289.24
ORD003746,CUST0003,PROD0154,2023-07-01 06:37:31.170234048,12,360.2,0.05,Completed,Web,East,4106.28
ORD003747,CUST0216,PROD0090,2023-07-01 10:07:30.810162032,11,268.38,0.2,Completed,Mobile,East,2361.74
ORD003748,CUST0229,PROD0078,2023-07-01 13:37:30.450090024,8,451.43,0.0,Returned,Web,North,3611.44
ORD003749,CUST0336,PROD0199,2023-07-01 17:07:30.090018008,6,163.34,0.1,Completed,Mobile,West,882.04
ORD003750,CUST0186,PROD0161,2023-07-01 20:37:29.729945992,11,291.34,0.1,Completed,Mobile,North,2884.27
ORD003751,CUST0055,PROD0026,2023-07-02 00:07:29.369873976,3,255.37,0.0,Completed,Mobile,West,766.11
ORD003752,CUST0388,PROD0121,2023-07-02 03:37:29.009801960,1,249.88,0.05,Pending,Web,East,237.39
ORD003753,CUST0376,PROD0045,2023-07-02 07:07:28.649729952,7,233.49,0.0,Completed,In-Store,West,1634.43
ORD003754,CUST0254,PROD0063,2023-07-02 10:37:28.289657936,1,110.76,0.1,Completed,Web,East,99.68
ORD003755,CUST0024,PROD0195,2023-07-02 14:07:27.929585920,1,380.3,0.1,Completed,Mobile,International,342.27
ORD003756,CUST0162,PROD0180,2023-07-02 17:37:27.569513904,9,231.15,0.05,Completed,Mobile,South,1976.33
ORD003757,CUST0158,PROD0068,2023-07-02 21:07:27.209441888,13,479.67,0.1,Returned,Web,International,5612.14
ORD003758,CUST0082,PROD0154,2023-07-03 00:37:26.849369872,10,137.8,0.0,Completed,Web,North,1378.0
ORD003759,CUST0403,PROD0002,2023-07-03 04:07:26.489297864,7,344.54,0.1,Completed,Web,West,2170.6
ORD003760,CUST0159,PROD0142,2023-07-03 07:37:26.129225848,13,470.95,0.15,Completed,In-Store,East,5204.0
ORD003761,CUST0188,PROD0108,2023-07-03 11:07:25.769153832,11,335.09,0.15,Completed,Mobile,West,3133.09
ORD003762,CUST0060,PROD0030,2023-07-03 14:37:25.409081816,13,436.92,0.1,Completed,In-Store,West,5111.96
ORD003763,CUST0403,PROD0049,2023-07-03 18:07:25.049009800,4,415.47,0.05,Completed,Web,West,1578.79
ORD003764,CUST0305,PROD0140,2023-07-03 21:37:24.688937792,6,186.46,0.2,Completed,Web,North,895.01
ORD003765,CUST0319,PROD0044,2023-07-04 01:07:24.328865776,1,304.06,0.0,Returned,Web,West,304.06
ORD003766,CUST0366,PROD0161,2023-07-04 04:37:23.968793760,7,86.57,0.1,Completed,In-Store,North,545.39
ORD003767,CUST0211,PROD0013,2023-07-04 08:07:23.608721744,12,272.41,0.0,Pending,Web,North,3268.92
ORD003768,CUST0406,PROD0078,2023-07-04 11:37:23.248649728,6,122.91,0.2,Completed,Web,North,589.97
ORD003769,CUST0152,PROD0126,2023-07-04 15:07:22.888577720,4,374.43,0.1,Completed,In-Store,East,1347.95
ORD003770,CUST0109,PROD0098,2023-07-04 18:37:22.528505704,7,268.75,0.1,Completed,Mobile,West,1693.12
ORD003771,CUST0076,PROD0026,2023-07-04 22:07:22.168433688,3,211.5,0.0,Completed,Mobile,North,634.5
ORD003772,CUST0030,PROD0149,2023-07-05 01:37:21.808361672,1,141.71,0.1,Completed,Web,North,127.54
ORD003773,CUST0314,PROD0156,2023-07-05 05:07:21.448289656,4,499.36,0.1,Completed,Web,East,1797.7
ORD003774,CUST0486,PROD0048,2023-07-05 08:37:21.088217648,3,45.14,0.1,Completed,In-Store,International,121.88
ORD003775,CUST0117,PROD0168,2023-07-05 12:07:20.728145632,1,31.34,0.0,Completed,Mobile,East,31.34
ORD003776,CUST0415,PROD0066,2023-07-05 15:37:20.368073616,2,116.46,0.05,Completed,Web,West,221.27
ORD003777,CUST0356,PROD0087,2023-07-05 19:07:20.008001600,11,485.83,0.0,Completed,Web,East,5344.13
ORD003778,CUST0192,PROD0079,2023-07-05 22:37:19.647929584,5,489.83,0.05,Completed,Web,West,2326.69
ORD003779,CUST0019,PROD0023,2023-07-06 02:07:19.287857576,8,330.91,0.0,Completed,Mobile,International,2647.28
ORD003780,CUST0432,PROD0081,2023-07-06 05:37:18.927785560,1,441.25,0.0,Completed,Web,East,441.25
ORD003781,CUST0173,PROD0048,2023-07-06 09:07:18.567713544,4,114.84,0.0,Returned,Mobile,South,459.36
ORD003782,CUST0228,PROD0124,2023-07-06 12:37:18.207641528,14,486.3,0.0,Completed,Mobile,International,6808.2
ORD003783,CUST0350,PROD0130,2023-07-06 16:07:17.847569512,4,79.96,0.0,Returned,Mobile,International,319.84
ORD003784,CUST0183,PROD0084,2023-07-06 19:37:17.487497504,5,59.55,0.2,Completed,Web,North,238.2
ORD003785,CUST0113,PROD0020,2023-07-06 23:07:17.127425488,7,64.98,0.05,Pending,Mobile,East,432.12
ORD003786,CUST0183,PROD0187,2023-07-07 02:37:16.767353472,13,290.83,0.0,Completed,Mobile,West,3780.79
ORD003787,CUST0481,PROD0046,2023-07-07 06:07:16.407281456,12,392.68,0.05,Completed,Web,East,4476.55
ORD003788,CUST0146,PROD0131,2023-07-07 09:37:16.047209440,8,189.67,0.1,Completed,In-Store,South,1365.62
ORD003789,CUST0319,PROD0183,2023-07-07 13:07:15.687137432,6,489.17,0.2,Completed,Web,West,2348.02
ORD003790,CUST0116,PROD0012,2023-07-07 16:37:15.327065416,1,222.87,0.0,Returned,Mobile,South,222.87
ORD003791,CUST0113,PROD0040,2023-07-07 20:07:14.966993400,7,83.72,0.0,Completed,Web,South,586.04
ORD003792,CUST0251,PROD0066,2023-07-07 23:37:14.606921384,3,238.32,0.2,Completed,Mobile,International,571.97
ORD003793,CUST0476,PROD0100,2023-07-08 03:07:14.246849368,13,342.73,0.0,Completed,Mobile,East,4455.49
ORD003794,CUST0251,PROD0078,2023-07-08 06:37:13.886777360,13,417.79,0.0,Completed,Web,International,5431.27
ORD003795,CUST0303,PROD0016,2023-07-08 10:07:13.526705344,13,234.8,0.0,Completed,Mobile,West,3052.4
ORD003796,CUST0459,PROD0083,2023-07-08 13:37:13.166633328,6,300.87,0.0,Completed,Mobile,West,1805.22
ORD003797,CUST0313,PROD0162,2023-07-08 17:07:12.806561312,8,141.0,0.2,Completed,Mobile,West,902.4
ORD003798,CUST0118,PROD0044,2023-07-08 20:37:12.446489296,7,326.5,0.0,Completed,Web,South,2285.5
ORD003799,CUST0301,PROD0134,2023-07-09 00:07:12.086417288,10,493.13,0.2,Completed,Web,East,3945.04
ORD003800,CUST0161,PROD0192,2023-07-09 03:37:11.726345272,6,34.04,0.2,Completed,Mobile,East,163.39
ORD003801,CUST0401,PROD0100,2023-07-09 07:07:11.366273256,9,444.4,0.05,Completed,Web,East,3799.62
ORD003802,CUST0198,PROD0022,2023-07-09 10:37:11.006201240,9,285.52,0.0,Completed,Mobile,North,2569.68
ORD003803,CUST0260,PROD0018,2023-07-09 14:07:10.646129224,1,133.53,0.0,Completed,Web,South,133.53
ORD003804,CUST0148,PROD0012,2023-07-09 17:37:10.286057216,1,477.9,0.05,Returned,Web,South,454.0
ORD003805,CUST0240,PROD0180,2023-07-09 21:07:09.925985200,1,246.84,0.05,Completed,Mobile,East,234.5
ORD003806,CUST0047,PROD0123,2023-07-10 00:37:09.565913184,8,172.53,0.1,Pending,Mobile,International,1242.22
ORD003807,CUST0475,PROD0117,2023-07-10 04:07:09.205841168,12,98.93,0.05,Completed,Mobile,International,1127.8
ORD003808,CUST0399,PROD0051,2023-07-10 07:37:08.845769152,13,129.78,0.2,Completed,In-Store,North,1349.71
ORD003809,CUST0198,PROD0071,2023-07-10 11:07:08.485697144,14,418.1,0.05,Completed,Mobile,South,5560.73
ORD003810,CUST0047,PROD0048,2023-07-10 14:37:08.125625128,12,311.06,0.1,Completed,Mobile,North,3359.45
ORD003811,CUST0078,PROD0019,2023-07-10 18:07:07.765553112,14,457.49,0.15,Completed,In-Store,South,5444.13
ORD003812,CUST0124,PROD0006,2023-07-10 21:37:07.405481096,10,123.66,0.0,Completed,Mobile,West,1236.6
ORD003813,CUST0075,PROD0084,2023-07-11 01:07:07.045409080,7,69.36,0.0,Returned,Mobile,International,485.52
ORD003814,CUST0359,PROD0155,2023-07-11 04:37:06.685337072,3,12.98,0.0,Completed,Web,North,38.94
ORD003815,CUST0137,PROD0053,2023-07-11 08:07:06.325265056,13,258.85,0.0,Completed,In-Store,South,3365.05
ORD003816,CUST0090,PROD0107,2023-07-11 11:37:05.965193040,2,499.17,0.05,Completed,Web,North,948.42
ORD003817,CUST0400,PROD0101,2023-07-11 15:07:05.605121024,4,350.53,0.0,Pending,Web,South,1402.12
ORD003818,CUST0325,PROD0048,2023-07-11 18:37:05.245049008,3,161.11,0.05,Completed,Web,West,459.16
ORD003819,CUST0061,PROD0135,2023-07-11 22:07:04.884977000,7,439.66,0.2,Completed,Web,East,2462.1
ORD003820,CUST0138,PROD0187,2023-07-12 01:37:04.524904984,10,393.04,0.0,Completed,Web,West,3930.4
ORD003821,CUST0050,PROD0069,2023-07-12 05:07:04.164832968,8,17.55,0.05,Completed,Mobile,East,133.38
ORD003822,CUST0259,PROD0011,2023-07-12 08:37:03.804760952,6,410.26,0.0,Completed,Mobile,South,2461.56
ORD003823,CUST0461,PROD0143,2023-07-12 12:07:03.444688936,3,157.26,0.0,Completed,Web,North,471.78
ORD003824,CUST0107,PROD0192,2023-07-12 15:37:03.084616928,6,83.34,0.05,Completed,Mobile,North,475.04
ORD003825,CUST0113,PROD0131,2023-07-12 19:07:02.724544912,2,120.9,0.2,Completed,Mobile,West,193.44
ORD003826,CUST0350,PROD0122,2023-07-12 22:37:02.364472896,12,239.6,0.0,Returned,Mobile,West,2875.2
ORD003827,CUST0254,PROD0069,2023-07-13 02:07:02.004400880,7,218.19,0.0,Completed,Web,West,1527.33
ORD003828,CUST0118,PROD0023,2023-07-13 05:37:01.644328864,14,151.55,0.0,Pending,In-Store,North,2121.7
ORD003829,CUST0493,PROD0181,2023-07-13 09:07:01.284256856,11,94.39,0.0,Completed,Web,West,1038.29
ORD003830,CUST0198,PROD0037,2023-07-13 12:37:00.924184840,10,383.49,0.0,Completed,Web,North,3834.9
ORD003831,CUST0337,PROD0009,2023-07-13 16:07:00.564112824,14,495.15,0.1,Completed,Web,North,6238.89
ORD003832,CUST0365,PROD0015,2023-07-13 19:37:00.204040808,7,391.12,0.0,Completed,Mobile,South,2737.84
ORD003833,CUST0051,PROD0131,2023-07-13 23:06:59.843968792,4,155.01,0.05,Pending,Mobile,East,589.04
ORD003834,CUST0245,PROD0093,2023-07-14 02:36:59.483896784,13,129.96,0.1,Completed,Web,West,1520.53
ORD003835,CUST0403,PROD0198,2023-07-14 06:06:59.123824768,8,116.66,0.05,Completed,Web,West,886.62
ORD003836,CUST0426,PROD0017,2023-07-14 09:36:58.763752752,4,76.98,0.0,Pending,Mobile,North,307.92
ORD003837,CUST0035,PROD0154,2023-07-14 13:06:58.403680736,7,280.15,0.2,Completed,Mobile,North,1568.84
ORD003838,CUST0302,PROD0149,2023-07-14 16:36:58.043608720,4,306.65,0.0,Completed,Web,South,1226.6
ORD003839,CUST0410,PROD0072,2023-07-14 20:06:57.683536712,13,355.7,0.1,Completed,Mobile,North,4161.69
ORD003840,CUST0499,PROD0149,2023-07-14 23:36:57.323464696,12,343.3,0.0,Completed,In-Store,South,4119.6
ORD003841,CUST0069,PROD0121,2023-07-15 03:06:56.963392680,5,153.24,0.05,Completed,Web,West,727.89
ORD003842,CUST0349,PROD0011,2023-07-15 06:36:56.603320664,7,171.85,0.0,Completed,Mobile,North,1202.95
ORD003843,CUST0320,PROD0166,2023-07-15 10:06:56.243248648,13,343.94,0.0,Completed,Web,West,4471.22
ORD003844,CUST0421,PROD0072,2023-07-15 13:36:55.883176640,14,181.23,0.0,Completed,Mobile,East,2537.22
ORD003845,CUST0468,PROD0106,2023-07-15 17:06:55.523104624,14,114.19,0.0,Completed,Web,South,1598.66
ORD003846,CUST0049,PROD0125,2023-07-15 20:36:55.163032608,13,193.42,0.15,Completed,Web,South,2137.29
ORD003847,CUST0405,PROD0035,2023-07-16 00:06:54.802960592,10,143.32,0.1,Completed,Mobile,West,1289.88
ORD003848,CUST0074,PROD0119,2023-07-16 03:36:54.442888576,3,53.27,0.0,Completed,Mobile,East,159.81
ORD003849,CUST0192,PROD0014,2023-07-16 07:06:54.082816568,10,416.77,0.05,Completed,Web,North,3959.31
ORD003850,CUST0261,PROD0014,2023-07-16 10:36:53.722744552,5,428.02,0.15,Completed,Web,International,1819.08
ORD003851,CUST0356,PROD0010,2023-07-16 14:06:53.362672536,11,117.68,0.1,Completed,Web,North,1165.03
ORD003852,CUST0070,PROD0140,2023-07-16 17:36:53.002600520,14,41.74,0.0,Completed,Mobile,International,584.36
ORD003853,CUST0090,PROD0038,2023-07-16 21:06:52.642528504,3,372.03,0.15,Completed,Mobile,North,948.68
ORD003854,CUST0260,PROD0108,2023-07-17 00:36:52.282456496,5,113.65,0.0,Completed,Mobile,West,568.25
ORD003855,CUST0126,PROD0119,2023-07-17 04:06:51.922384480,14,202.78,0.05,Returned,Mobile,East,2696.97
ORD003856,CUST0231,PROD0034,2023-07-17 07:36:51.562312464,3,41.43,0.05,Completed,Mobile,East,118.08
ORD003857,CUST0295,PROD0169,2023-07-17 11:06:51.202240448,11,120.87,0.15,Completed,Mobile,North,1130.13
ORD003858,CUST0498,PROD0010,2023-07-17 14:36:50.842168432,10,398.52,0.2,Returned,Mobile,North,3188.16
ORD003859,CUST0419,PROD0122,2023-07-17 18:06:50.482096424,11,404.15,0.2,Completed,Mobile,West,3556.52
ORD003860,CUST0129,PROD0145,2023-07-17 21:36:50.122024408,7,111.47,0.0,Completed,In-Store,International,780.29
ORD003861,CUST0280,PROD0145,2023-07-18 01:06:49.761952392,13,174.6,0.2,Completed,Web,East,1815.84
ORD003862,CUST0313,PROD0195,2023-07-18 04:36:49.401880376,1,75.78,0.0,Completed,Web,South,75.78
ORD003863,CUST0100,PROD0190,2023-07-18 08:06:49.041808360,9,46.34,0.0,Completed,Web,North,417.06
ORD003864,CUST0326,PROD0115,2023-07-18 11:36:48.681736352,9,496.16,0.05,Completed,Mobile,West,4242.17
ORD003865,CUST0297,PROD0001,2023-07-18 15:06:48.321664336,5,331.24,0.05,Completed,Web,South,1573.39
ORD003866,CUST0182,PROD0012,2023-07-18 18:36:47.961592320,9,275.63,0.1,Pending,Web,North,2232.6
ORD003867,CUST0174,PROD0103,2023-07-18 22:06:47.601520304,10,385.09,0.05,Returned,In-Store,West,3658.35
ORD003868,CUST0316,PROD0004,2023-07-19 01:36:47.241448288,13,421.64,0.2,Completed,In-Store,East,4385.06
ORD003869,CUST0364,PROD0170,2023-07-19 05:06:46.881376280,6,405.29,0.0,Completed,In-Store,North,2431.74
ORD003870,CUST0188,PROD0141,2023-07-19 08:36:46.521304264,5,18.1,0.0,Completed,Web,North,90.5
ORD003871,CUST0057,PROD0098,2023-07-19 12:06:46.161232248,13,101.54,0.2,Completed,In-Store,West,1056.02
ORD003872,CUST0031,PROD0106,2023-07-19 15:36:45.801160232,3,330.9,0.0,Returned,Web,North,992.7
ORD003873,CUST0084,PROD0085,2023-07-19 19:06:45.441088216,11,194.12,0.1,Completed,Web,International,1921.79
ORD003874,CUST0152,PROD0121,2023-07-19 22:36:45.081016208,11,491.42,0.1,Completed,Web,South,4865.06
ORD003875,CUST0473,PROD0132,2023-07-20 02:06:44.720944192,8,336.05,0.05,Completed,Mobile,North,2553.98
ORD003876,CUST0036,PROD0082,2023-07-20 05:36:44.360872176,4,478.71,0.1,Completed,Web,West,1723.36
ORD003877,CUST0213,PROD0197,2023-07-20 09:06:44.000800160,10,108.71,0.0,Completed,Mobile,East,1087.1
ORD003878,CUST0414,PROD0019,2023-07-20 12:36:43.640728144,13,433.34,0.15,Completed,Mobile,South,4788.41
ORD003879,CUST0408,PROD0130,2023-07-20 16:06:43.280656136,13,167.46,0.0,Completed,Web,South,2176.98
ORD003880,CUST0364,PROD0012,2023-07-20 19:36:42.920584120,3,494.89,0.05,Completed,Web,North,1410.44
ORD003881,CUST0106,PROD0081,2023-07-20 23:06:42.560512104,13,87.27,0.0,Pending,Web,West,1134.51
ORD003882,CUST0414,PROD0074,2023-07-21 02:36:42.200440088,6,263.01,0.05,Completed,In-Store,South,1499.16
ORD003883,CUST0342,PROD0098,2023-07-21 06:06:41.840368072,8,398.49,0.1,Completed,Web,West,2869.13
ORD003884,CUST0220,PROD0006,2023-07-21 09:36:41.480296064,13,221.99,0.2,Completed,Web,East,2308.7
ORD003885,CUST0391,PROD0136,2023-07-21 13:06:41.120224048,9,239.36,0.1,Completed,Web,West,1938.82
ORD003886,CUST0163,PROD0125,2023-07-21 16:36:40.760152032,14,493.31,0.05,Completed,In-Store,West,6561.02
ORD003887,CUST0439,PROD0051,2023-07-21 20:06:40.400080016,6,218.4,0.2,Completed,Web,East,1048.32
ORD003888,CUST0220,PROD0011,2023-07-21 23:36:40.040008000,5,306.0,0.05,Completed,Web,South,1453.5
ORD003889,CUST0270,PROD0191,2023-07-22 03:06:39.679935992,12,36.72,0.05,Completed,Web,South,418.61
ORD003890,CUST0120,PROD0185,2023-07-22 06:36:39.319863976,11,422.68,0.05,Completed,In-Store,North,4417.01
ORD003891,CUST0394,PROD0127,2023-07-22 10:06:38.959791960,2,327.6,0.05,Completed,Web,West,622.44
ORD003892,CUST0336,PROD0140,2023-07-22 13:36:38.599719944,2,207.97,0.15,Completed,Mobile,West,353.55
ORD003893,CUST0400,PROD0073,2023-07-22 17:06:38.239647928,9,17.92,0.0,Completed,Web,North,161.28
ORD003894,CUST0182,PROD0002,2023-07-22 20:36:37.879575920,2,299.92,0.05,Completed,In-Store,International,569.85
ORD003895,CUST0479,PROD0008,2023-07-23 00:06:37.519503904,2,16.2,0.1,Completed,Mobile,East,29.16
ORD003896,CUST0106,PROD0139,2023-07-23 03:36:37.159431888,3,10.59,0.2,Completed,Mobile,East,25.42
ORD003897,CUST0217,PROD0124,2023-07-23 07:06:36.799359872,3,311.89,0.15,Completed,Web,North,795.32
ORD003898,CUST0205,PROD0053,2023-07-23 10:36:36.439287856,4,102.62,0.05,Completed,Web,South,389.96
ORD003899,CUST0070,PROD0010,2023-07-23 14:06:36.079215848,7,104.02,0.1,Completed,Web,East,655.33
ORD003900,CUST0044,PROD0112,2023-07-23 17:36:35.719143832,9,330.1,0.0,Completed,Mobile,North,2970.9
ORD003901,CUST0329,PROD0008,2023-07-23 21:06:35.359071816,2,36.31,0.05,Returned,In-Store,East,68.99
ORD003902,CUST0301,PROD0036,2023-07-24 00:36:34.998999800,4,163.57,0.2,Completed,Web,International,523.42
ORD003903,CUST0228,PROD0106,2023-07-24 04:06:34.638927784,9,83.22,0.2,Completed,In-Store,West,599.18
ORD003904,CUST0184,PROD0014,2023-07-24 07:36:34.278855776,14,294.29,0.15,Completed,Web,East,3502.05
ORD003905,CUST0107,PROD0182,2023-07-24 11:06:33.918783760,2,334.26,0.0,Completed,In-Store,East,668.52
ORD003906,CUST0084,PROD0086,2023-07-24 14:36:33.558711744,10,363.36,0.15,Completed,Web,North,3088.56
ORD003907,CUST0338,PROD0149,2023-07-24 18:06:33.198639728,11,135.06,0.2,Returned,Web,International,1188.53
ORD003908,CUST0250,PROD0050,2023-07-24 21:36:32.838567712,13,53.73,0.0,Completed,Web,International,698.49
ORD003909,CUST0363,PROD0167,2023-07-25 01:06:32.478495704,1,48.55,0.05,Completed,Mobile,West,46.12
ORD003910,CUST0441,PROD0020,2023-07-25 04:36:32.118423688,10,218.81,0.1,Completed,Mobile,North,1969.29
ORD003911,CUST0021,PROD0087,2023-07-25 08:06:31.758351672,8,473.46,0.05,Completed,Web,North,3598.3
ORD003912,CUST0196,PROD0135,2023-07-25 11:36:31.398279656,9,116.69,0.2,Completed,Mobile,North,840.17
ORD003913,CUST0178,PROD0137,2023-07-25 15:06:31.038207640,7,135.8,0.05,Completed,Web,East,903.07
ORD003914,CUST0417,PROD0129,2023-07-25 18:36:30.678135632,8,59.44,0.1,Returned,Web,North,427.97
ORD003915,CUST0475,PROD0154,2023-07-25 22:06:30.318063616,4,306.73,0.1,Returned,Web,West,1104.23
ORD003916,CUST0007,PROD0166,2023-07-26 01:36:29.957991600,4,343.14,0.05,Completed,Mobile,East,1303.93
ORD003917,CUST0070,PROD0038,2023-07-26 05:06:29.597919584,13,325.04,0.15,Completed,Mobile,North,3591.69
ORD003918,CUST0127,PROD0189,2023-07-26 08:36:29.237847568,2,431.95,0.05,Completed,Mobile,West,820.7
ORD003919,CUST0399,PROD0044,2023-07-26 12:06:28.877775560,8,248.35,0.05,Completed,Mobile,North,1887.46
ORD003920,CUST0466,PROD0086,2023-07-26 15:36:28.517703544,11,75.88,0.0,Completed,Web,West,834.68
ORD003921,CUST0160,PROD0044,2023-07-26 19:06:28.157631528,2,151.81,0.0,Completed,Mobile,South,303.62
ORD003922,CUST0248,PROD0074,2023-07-26 22:36:27.797559512,9,334.59,0.1,Completed,Web,South,2710.18
ORD003923,CUST0203,PROD0119,2023-07-27 02:06:27.437487496,14,310.43,0.2,Completed,Mobile,North,3476.82
ORD003924,CUST0148,PROD0190,2023-07-27 05:36:27.077415488,4,270.19,0.0,Completed,Web,International,1080.76
ORD003925,CUST0472,PROD0122,2023-07-27 09:06:26.717343472,1,344.65,0.0,Completed,Mobile,East,344.65
ORD003926,CUST0143,PROD0134,2023-07-27 12:36:26.357271456,13,322.32,0.0,Completed,Mobile,South,4190.16
ORD003927,CUST0432,PROD0145,2023-07-27 16:06:25.997199440,4,441.85,0.1,Completed,Web,North,1590.66
ORD003928,CUST0199,PROD0051,2023-07-27 19:36:25.637127424,3,297.15,0.2,Completed,Mobile,West,713.16
ORD003929,CUST0405,PROD0038,2023-07-27 23:06:25.277055416,12,391.51,0.1,Completed,Web,South,4228.31
ORD003930,CUST0426,PROD0152,2023-07-28 02:36:24.916983400,6,131.87,0.1,Completed,Web,International,712.1
ORD003931,CUST0154,PROD0051,2023-07-28 06:06:24.556911384,7,342.31,0.05,Returned,Mobile,International,2276.36
ORD003932,CUST0492,PROD0010,2023-07-28 09:36:24.196839368,8,452.08,0.0,Completed,Mobile,West,3616.64
ORD003933,CUST0376,PROD0120,2023-07-28 13:06:23.836767352,2,199.01,0.1,Completed,Web,International,358.22
ORD003934,CUST0384,PROD0149,2023-07-28 16:36:23.476695344,6,391.76,0.1,Completed,Web,North,2115.5
ORD003935,CUST0142,PROD0070,2023-07-28 20:06:23.116623328,6,365.15,0.1,Completed,Mobile,South,1971.81
ORD003936,CUST0313,PROD0085,2023-07-28 23:36:22.756551312,10,39.17,0.15,Completed,Mobile,South,332.95
ORD003937,CUST0165,PROD0057,2023-07-29 03:06:22.396479296,12,294.94,0.1,Completed,Web,North,3185.35
ORD003938,CUST0314,PROD0126,2023-07-29 06:36:22.036407280,5,73.79,0.1,Completed,In-Store,International,332.06
ORD003939,CUST0021,PROD0039,2023-07-29 10:06:21.676335272,10,483.99,0.2,Completed,Mobile,North,3871.92
ORD003940,CUST0082,PROD0033,2023-07-29 13:36:21.316263256,10,407.59,0.2,Pending,Web,International,3260.72
ORD003941,CUST0069,PROD0187,2023-07-29 17:06:20.956191240,7,63.76,0.05,Completed,Web,West,424.0
ORD003942,CUST0131,PROD0018,2023-07-29 20:36:20.596119224,3,69.66,0.0,Completed,Web,South,208.98
ORD003943,CUST0087,PROD0184,2023-07-30 00:06:20.236047208,4,301.29,0.05,Completed,Mobile,North,1144.9
ORD003944,CUST0218,PROD0057,2023-07-30 03:36:19.875975200,10,179.0,0.1,Completed,Web,North,1611.0
ORD003945,CUST0421,PROD0096,2023-07-30 07:06:19.515903184,13,27.1,0.0,Completed,In-Store,North,352.3
ORD003946,CUST0472,PROD0048,2023-07-30 10:36:19.155831168,9,275.4,0.0,Completed,Web,East,2478.6
ORD003947,CUST0305,PROD0042,2023-07-30 14:06:18.795759152,4,200.04,0.0,Completed,Mobile,East,800.16
ORD003948,CUST0403,PROD0027,2023-07-30 17:36:18.435687136,3,59.53,0.1,Completed,Web,East,160.73
ORD003949,CUST0371,PROD0074,2023-07-30 21:06:18.075615128,14,402.94,0.05,Completed,In-Store,West,5359.1
ORD003950,CUST0345,PROD0110,2023-07-31 00:36:17.715543112,2,458.39,0.0,Completed,Mobile,South,916.78
ORD003951,CUST0341,PROD0180,2023-07-31 04:06:17.355471096,5,380.73,0.0,Completed,Web,North,1903.65
ORD003952,CUST0384,PROD0170,2023-07-31 07:36:16.995399080,4,412.99,0.1,Completed,In-Store,West,1486.76
ORD003953,CUST0396,PROD0032,2023-07-31 11:06:16.635327064,13,116.08,0.0,Completed,Web,South,1509.04
ORD003954,CUST0445,PROD0026,2023-07-31 14:36:16.275255056,13,139.15,0.0,Completed,Mobile,South,1808.95
ORD003955,CUST0425,PROD0025,2023-07-31 18:06:15.915183040,8,112.18,0.1,Completed,Mobile,West,807.7
ORD003956,CUST0161,PROD0075,2023-07-31 21:36:15.555111024,7,384.88,0.05,Completed,Mobile,International,2559.45
ORD003957,CUST0178,PROD0023,2023-08-01 01:06:15.195039008,6,474.48,0.0,Completed,In-Store,International,2846.88
ORD003958,CUST0117,PROD0057,2023-08-01 04:36:14.834966992,11,361.25,0.1,Pending,In-Store,North,3576.38
ORD003959,CUST0196,PROD0180,2023-08-01 08:06:14.474894984,12,441.92,0.0,Completed,In-Store,East,5303.04
ORD003960,CUST0383,PROD0126,2023-08-01 11:36:14.114822968,2,322.96,0.1,Pending,Web,North,581.33
ORD003961,CUST0490,PROD0087,2023-08-01 15:06:13.754750952,3,199.95,0.0,Completed,Web,International,599.85
ORD003962,CUST0327,PROD0031,2023-08-01 18:36:13.394678936,10,218.62,0.0,Completed,Mobile,North,2186.2
ORD003963,CUST0086,PROD0064,2023-08-01 22:06:13.034606920,9,46.91,0.1,Completed,Mobile,North,379.97
ORD003964,CUST0289,PROD0199,2023-08-02 01:36:12.674534912,13,25.41,0.1,Completed,Mobile,International,297.3
ORD003965,CUST0081,PROD0033,2023-08-02 05:06:12.314462896,9,350.78,0.0,Returned,Web,International,3157.02
ORD003966,CUST0152,PROD0002,2023-08-02 08:36:11.954390880,5,224.83,0.0,Completed,Mobile,West,1124.15
ORD003967,CUST0061,PROD0018,2023-08-02 12:06:11.594318864,14,280.59,0.15,Completed,In-Store,North,3339.02
ORD003968,CUST0061,PROD0175,2023-08-02 15:36:11.234246848,3,283.25,0.1,Completed,Web,East,764.78
ORD003969,CUST0354,PROD0161,2023-08-02 19:06:10.874174840,2,145.91,0.0,Completed,Web,West,291.82
ORD003970,CUST0028,PROD0084,2023-08-02 22:36:10.514102824,8,243.19,0.1,Pending,Web,East,1750.97
ORD003971,CUST0442,PROD0035,2023-08-03 02:06:10.154030808,6,240.67,0.0,Completed,Web,North,1444.02
ORD003972,CUST0043,PROD0179,2023-08-03 05:36:09.793958792,10,200.33,0.05,Completed,Mobile,North,1903.14
ORD003973,CUST0169,PROD0114,2023-08-03 09:06:09.433886776,11,412.13,0.0,Completed,In-Store,International,4533.43
ORD003974,CUST0423,PROD0146,2023-08-03 12:36:09.073814768,12,231.07,0.0,Pending,Web,East,2772.84
ORD003975,CUST0086,PROD0110,2023-08-03 16:06:08.713742752,7,305.79,0.0,Completed,Mobile,West,2140.53
ORD003976,CUST0177,PROD0088,2023-08-03 19:36:08.353670736,1,448.8,0.05,Pending,Mobile,South,426.36
ORD003977,CUST0017,PROD0072,2023-08-03 23:06:07.993598720,1,434.45,0.05,Completed,Web,East,412.73
ORD003978,CUST0098,PROD0125,2023-08-04 02:36:07.633526704,10,446.31,0.05,Completed,Mobile,International,4239.94
ORD003979,CUST0454,PROD0030,2023-08-04 06:06:07.273454696,2,142.3,0.0,Completed,Mobile,South,284.6
ORD003980,CUST0494,PROD0172,2023-08-04 09:36:06.913382680,10,27.14,0.0,Completed,Mobile,West,271.4
ORD003981,CUST0198,PROD0053,2023-08-04 13:06:06.553310664,3,137.92,0.1,Completed,Web,North,372.38
ORD003982,CUST0098,PROD0138,2023-08-04 16:36:06.193238648,12,146.57,0.0,Completed,Mobile,North,1758.84
ORD003983,CUST0065,PROD0087,2023-08-04 20:06:05.833166632,1,455.59,0.1,Completed,Web,West,410.03
ORD003984,CUST0330,PROD0180,2023-08-04 23:36:05.473094624,14,328.13,0.0,Completed,Web,West,4593.82
ORD003985,CUST0341,PROD0177,2023-08-05 03:06:05.113022608,5,50.03,0.05,Completed,Web,West,237.64
ORD003986,CUST0005,PROD0139,2023-08-05 06:36:04.752950592,3,76.34,0.05,Completed,Web,North,217.57
ORD003987,CUST0002,PROD0194,2023-08-05 10:06:04.392878576,1,86.28,0.2,Completed,Web,North,69.02
ORD003988,CUST0022,PROD0186,2023-08-05 13:36:04.032806560,8,318.91,0.0,Completed,Web,International,2551.28
ORD003989,CUST0112,PROD0164,2023-08-05 17:06:03.672734552,12,370.35,0.0,Completed,Mobile,South,4444.2
ORD003990,CUST0057,PROD0161,2023-08-05 20:36:03.312662536,11,431.23,0.1,Returned,Mobile,West,4269.18
ORD003991,CUST0066,PROD0175,2023-08-06 00:06:02.952590520,6,470.91,0.2,Completed,Web,South,2260.37
ORD003992,CUST0330,PROD0013,2023-08-06 03:36:02.592518504,9,108.84,0.2,Completed,Web,International,783.65
ORD003993,CUST0098,PROD0040,2023-08-06 07:06:02.232446488,3,161.79,0.05,Completed,Mobile,International,461.1
ORD003994,CUST0144,PROD0089,2023-08-06 10:36:01.872374480,9,127.76,0.05,Completed,Web,North,1092.35
ORD003995,CUST0368,PROD0068,2023-08-06 14:06:01.512302464,9,185.79,0.1,Completed,Web,West,1504.9
ORD003996,CUST0435,PROD0042,2023-08-06 17:36:01.152230448,12,458.19,0.05,Completed,Mobile,North,5223.37
ORD003997,CUST0125,PROD0147,2023-08-06 21:06:00.792158432,13,291.81,0.1,Completed,Web,North,3414.18
ORD003998,CUST0167,PROD0094,2023-08-07 00:36:00.432086416,12,371.71,0.15,Completed,Web,East,3791.44
ORD003999,CUST0086,PROD0019,2023-08-07 04:06:00.072014408,1,250.16,0.1,Completed,Web,East,225.14
ORD004000,CUST0076,PROD0186,2023-08-07 07:35:59.711942392,3,24.14,0.05,Completed,Web,South,68.8
ORD004001,CUST0344,PROD0023,2023-08-07 11:05:59.351870376,6,41.46,0.05,Pending,In-Store,East,236.32
ORD004002,CUST0495,PROD0054,2023-08-07 14:35:58.991798360,8,273.58,0.1,Returned,Web,North,1969.78
ORD004003,CUST0424,PROD0065,2023-08-07 18:05:58.631726344,4,362.21,0.05,Completed,Mobile,North,1376.4
ORD004004,CUST0294,PROD0140,2023-08-07 21:35:58.271654336,5,115.51,0.05,Completed,Mobile,East,548.67
ORD004005,CUST0444,PROD0024,2023-08-08 01:05:57.911582320,9,363.74,0.0,Completed,Web,East,3273.66
ORD004006,CUST0059,PROD0034,2023-08-08 04:35:57.551510304,6,407.23,0.0,Completed,Web,West,2443.38
ORD004007,CUST0138,PROD0053,2023-08-08 08:05:57.191438288,12,211.83,0.05,Completed,Mobile,East,2414.86
ORD004008,CUST0099,PROD0136,2023-08-08 11:35:56.831366272,7,375.75,0.15,Completed,In-Store,International,2235.71
ORD004009,CUST0192,PROD0018,2023-08-08 15:05:56.471294264,7,207.97,0.0,Completed,Web,East,1455.79
ORD004010,CUST0243,PROD0057,2023-08-08 18:35:56.111222248,4,342.39,0.05,Completed,Web,North,1301.08
ORD004011,CUST0319,PROD0112,2023-08-08 22:05:55.751150232,4,384.36,0.0,Completed,Mobile,East,1537.44
ORD004012,CUST0049,PROD0005,2023-08-09 01:35:55.391078216,4,496.04,0.0,Completed,Web,West,1984.16
ORD004013,CUST0448,PROD0154,2023-08-09 05:05:55.031006200,14,179.24,0.2,Completed,Web,East,2007.49
ORD004014,CUST0032,PROD0158,2023-08-09 08:35:54.670934192,11,211.41,0.15,Completed,Web,West,1976.68
ORD004015,CUST0391,PROD0182,2023-08-09 12:05:54.310862176,5,91.15,0.0,Pending,Web,South,455.75
ORD004016,CUST0277,PROD0013,2023-08-09 15:35:53.950790160,5,110.0,0.1,Completed,Web,North,495.0
ORD004017,CUST0020,PROD0083,2023-08-09 19:05:53.590718144,8,349.76,0.0,Completed,Web,West,2798.08
ORD004018,CUST0154,PROD0029,2023-08-09 22:35:53.230646128,9,459.35,0.2,Completed,Mobile,North,3307.32
ORD004019,CUST0383,PROD0003,2023-08-10 02:05:52.870574120,2,203.36,0.0,Completed,Mobile,East,406.72
ORD004020,CUST0068,PROD0090,2023-08-10 05:35:52.510502104,11,98.12,0.0,Completed,Web,East,1079.32
ORD004021,CUST0366,PROD0104,2023-08-10 09:05:52.150430088,7,149.7,0.05,Completed,Web,East,995.5
ORD004022,CUST0372,PROD0123,2023-08-10 12:35:51.790358072,1,232.98,0.15,Completed,Mobile,East,198.03
ORD004023,CUST0214,PROD0186,2023-08-10 16:05:51.430286056,1,152.42,0.0,Completed,Web,North,152.42
ORD004024,CUST0143,PROD0076,2023-08-10 19:35:51.070214048,4,124.45,0.1,Completed,Web,International,448.02
ORD004025,CUST0376,PROD0130,2023-08-10 23:05:50.710142032,10,370.63,0.0,Completed,Web,West,3706.3
ORD004026,CUST0232,PROD0108,2023-08-11 02:35:50.350070016,7,13.84,0.2,Completed,Web,South,77.5
ORD004027,CUST0213,PROD0156,2023-08-11 06:05:49.989998000,2,274.22,0.0,Completed,In-Store,North,548.44
ORD004028,CUST0079,PROD0082,2023-08-11 09:35:49.629925984,11,398.95,0.2,Completed,Mobile,North,3510.76
ORD004029,CUST0214,PROD0077,2023-08-11 13:05:49.269853976,2,140.45,0.05,Pending,Web,West,266.85
ORD004030,CUST0116,PROD0002,2023-08-11 16:35:48.909781960,1,305.61,0.05,Completed,Mobile,South,290.33
ORD004031,CUST0092,PROD0127,2023-08-11 20:05:48.549709944,10,337.76,0.2,Completed,Web,North,2702.08
ORD004032,CUST0270,PROD0135,2023-08-11 23:35:48.189637928,2,330.96,0.2,Completed,Web,South,529.54
ORD004033,CUST0411,PROD0026,2023-08-12 03:05:47.829565912,13,228.47,0.1,Completed,Web,East,2673.1
ORD004034,CUST0381,PROD0088,2023-08-12 06:35:47.469493904,7,179.82,0.0,Completed,Mobile,West,1258.74
ORD004035,CUST0489,PROD0016,2023-08-12 10:05:47.109421888,9,419.6,0.05,Completed,Web,East,3587.58
ORD004036,CUST0168,PROD0151,2023-08-12 13:35:46.749349872,6,381.64,0.05,Returned,Web,International,2175.35
ORD004037,CUST0058,PROD0168,2023-08-12 17:05:46.389277856,10,167.42,0.05,Completed,Web,North,1590.49
ORD004038,CUST0284,PROD0188,2023-08-12 20:35:46.029205840,2,60.48,0.05,Completed,Web,East,114.91
ORD004039,CUST0026,PROD0073,2023-08-13 00:05:45.669133832,12,45.19,0.0,Pending,Mobile,North,542.28
ORD004040,CUST0369,PROD0032,2023-08-13 03:35:45.309061816,10,56.2,0.1,Completed,Mobile,East,505.8
ORD004041,CUST0447,PROD0015,2023-08-13 07:05:44.948989800,10,295.61,0.1,Completed,Mobile,East,2660.49
ORD004042,CUST0066,PROD0141,2023-08-13 10:35:44.588917784,13,35.31,0.0,Completed,Mobile,North,459.03
ORD004043,CUST0409,PROD0005,2023-08-13 14:05:44.228845768,9,175.09,0.05,Completed,In-Store,South,1497.02
ORD004044,CUST0248,PROD0074,2023-08-13 17:35:43.868773760,7,379.07,0.05,Completed,Web,West,2520.82
ORD004045,CUST0254,PROD0052,2023-08-13 21:05:43.508701744,11,154.23,0.1,Completed,Web,North,1526.88
ORD004046,CUST0387,PROD0077,2023-08-14 00:35:43.148629728,1,384.02,0.0,Completed,Web,South,384.02
ORD004047,CUST0456,PROD0169,2023-08-14 04:05:42.788557712,12,375.28,0.1,Completed,Web,International,4053.02
ORD004048,CUST0044,PROD0181,2023-08-14 07:35:42.428485696,9,130.46,0.0,Completed,Web,East,1174.14
ORD004049,CUST0097,PROD0110,2023-08-14 11:05:42.068413688,2,367.12,0.05,Completed,Web,West,697.53
ORD004050,CUST0042,PROD0178,2023-08-14 14:35:41.708341672,4,376.41,0.1,Completed,Web,West,1355.08
ORD004051,CUST0227,PROD0143,2023-08-14 18:05:41.348269656,9,204.75,0.1,Completed,Mobile,North,1658.48
ORD004052,CUST0262,PROD0106,2023-08-14 21:35:40.988197640,4,113.11,0.0,Completed,In-Store,North,452.44
ORD004053,CUST0167,PROD0127,2023-08-15 01:05:40.628125624,3,265.42,0.05,Completed,Web,West,756.45
ORD004054,CUST0436,PROD0007,2023-08-15 04:35:40.268053616,1,461.48,0.2,Returned,Web,West,369.18
ORD004055,CUST0279,PROD0040,2023-08-15 08:05:39.907981600,7,323.41,0.0,Completed,Mobile,North,2263.87
ORD004056,CUST0089,PROD0156,2023-08-15 11:35:39.547909584,6,94.73,0.15,Completed,Web,South,483.12
ORD004057,CUST0379,PROD0160,2023-08-15 15:05:39.187837568,10,344.55,0.1,Completed,Web,South,3100.95
ORD004058,CUST0178,PROD0099,2023-08-15 18:35:38.827765552,4,219.33,0.1,Completed,Web,West,789.59
ORD004059,CUST0427,PROD0143,2023-08-15 22:05:38.467693544,6,299.85,0.0,Completed,Mobile,South,1799.1
ORD004060,CUST0403,PROD0085,2023-08-16 01:35:38.107621528,6,369.69,0.0,Pending,Mobile,International,2218.14
ORD004061,CUST0197,PROD0198,2023-08-16 05:05:37.747549512,13,262.32,0.2,Completed,Mobile,International,2728.13
ORD004062,CUST0307,PROD0065,2023-08-16 08:35:37.387477496,4,408.85,0.0,Completed,Web,West,1635.4
ORD004063,CUST0267,PROD0132,2023-08-16 12:05:37.027405480,14,363.86,0.0,Completed,Web,West,5094.04
ORD004064,CUST0268,PROD0011,2023-08-16 15:35:36.667333472,13,311.39,0.1,Returned,Web,South,3643.26
ORD004065,CUST0074,PROD0108,2023-08-16 19:05:36.307261456,6,83.89,0.0,Completed,In-Store,North,503.34
ORD004066,CUST0008,PROD0026,2023-08-16 22:35:35.947189440,10,419.62,0.1,Returned,Mobile,East,3776.58
ORD004067,CUST0408,PROD0189,2023-08-17 02:05:35.587117424,11,468.59,0.1,Completed,Web,South,4639.04
ORD004068,CUST0476,PROD0165,2023-08-17 05:35:35.227045408,8,77.11,0.15,Returned,Mobile,South,524.35
ORD004069,CUST0297,PROD0151,2023-08-17 09:05:34.866973400,13,249.24,0.1,Completed,Web,West,2916.11
ORD004070,CUST0164,PROD0085,2023-08-17 12:35:34.506901384,3,136.86,0.0,Completed,In-Store,East,410.58
ORD004071,CUST0485,PROD0168,2023-08-17 16:05:34.146829368,4,379.72,0.0,Completed,Mobile,West,1518.88
ORD004072,CUST0085,PROD0151,2023-08-17 19:35:33.786757352,10,363.6,0.1,Pending,Web,South,3272.4
ORD004073,CUST0072,PROD0123,2023-08-17 23:05:33.426685336,13,79.03,0.05,Completed,Mobile,North,976.02
ORD004074,CUST0055,PROD0144,2023-08-18 02:35:33.066613328,12,439.74,0.2,Completed,Web,East,4221.5
ORD004075,CUST0393,PROD0189,2023-08-18 06:05:32.706541312,14,98.68,0.1,Completed,Web,International,1243.37
ORD004076,CUST0047,PROD0068,2023-08-18 09:35:32.346469296,1,400.66,0.0,Completed,Mobile,West,400.66
ORD004077,CUST0399,PROD0104,2023-08-18 13:05:31.986397280,4,233.92,0.15,Completed,Mobile,North,795.33
ORD004078,CUST0432,PROD0080,2023-08-18 16:35:31.626325264,11,170.85,0.0,Completed,Web,South,1879.35
ORD004079,CUST0238,PROD0159,2023-08-18 20:05:31.266253256,10,87.54,0.0,Completed,Mobile,International,875.4
ORD004080,CUST0104,PROD0053,2023-08-18 23:35:30.906181240,10,92.13,0.1,Completed,Mobile,North,829.17
ORD004081,CUST0210,PROD0106,2023-08-19 03:05:30.546109224,12,334.33,0.15,Returned,Web,South,3410.17
ORD004082,CUST0042,PROD0153,2023-08-19 06:35:30.186037208,14,279.71,0.05,Returned,Web,South,3720.14
ORD004083,CUST0316,PROD0044,2023-08-19 10:05:29.825965192,9,69.82,0.0,Completed,Mobile,East,628.38
ORD004084,CUST0468,PROD0140,2023-08-19 13:35:29.465893184,8,65.22,0.0,Completed,Web,South,521.76
ORD004085,CUST0454,PROD0090,2023-08-19 17:05:29.105821168,11,45.43,0.0,Completed,In-Store,North,499.73
ORD004086,CUST0268,PROD0101,2023-08-19 20:35:28.745749152,4,374.45,0.0,Completed,Web,East,1497.8
ORD004087,CUST0386,PROD0097,2023-08-20 00:05:28.385677136,12,358.82,0.0,Completed,Web,North,4305.84
ORD004088,CUST0263,PROD0009,2023-08-20 03:35:28.025605120,7,38.63,0.1,Completed,Web,East,243.37
ORD004089,CUST0336,PROD0012,2023-08-20 07:05:27.665533112,10,284.53,0.2,Completed,Mobile,East,2276.24
ORD004090,CUST0387,PROD0069,2023-08-20 10:35:27.305461096,3,51.49,0.0,Completed,Mobile,East,154.47
ORD004091,CUST0365,PROD0182,2023-08-20 14:05:26.945389080,9,452.84,0.0,Completed,Web,North,4075.56
ORD004092,CUST0259,PROD0182,2023-08-20 17:35:26.585317064,10,454.49,0.15,Completed,Web,East,3863.16
ORD004093,CUST0283,PROD0028,2023-08-20 21:05:26.225245048,4,352.13,0.1,Completed,Mobile,South,1267.67
ORD004094,CUST0114,PROD0056,2023-08-21 00:35:25.865173040,2,463.83,0.2,Completed,Web,South,742.13
ORD004095,CUST0363,PROD0099,2023-08-21 04:05:25.505101024,10,407.61,0.0,Completed,Web,East,4076.1
ORD004096,CUST0040,PROD0197,2023-08-21 07:35:25.145029008,5,415.98,0.0,Completed,Web,East,2079.9
ORD004097,CUST0486,PROD0110,2023-08-21 11:05:24.784956992,2,289.16,0.05,Completed,Web,North,549.4
ORD004098,CUST0417,PROD0077,2023-08-21 14:35:24.424884976,14,159.97,0.1,Completed,Web,North,2015.62
ORD004099,CUST0220,PROD0103,2023-08-21 18:05:24.064812968,10,116.72,0.05,Completed,Web,North,1108.84
ORD004100,CUST0129,PROD0106,2023-08-21 21:35:23.704740952,6,170.33,0.05,Completed,Web,West,970.88
ORD004101,CUST0008,PROD0109,2023-08-22 01:05:23.344668936,11,317.96,0.0,Completed,Mobile,East,3497.56
ORD004102,CUST0101,PROD0112,2023-08-22 04:35:22.984596920,10,94.6,0.05,Completed,Web,West,898.7
ORD004103,CUST0416,PROD0058,2023-08-22 08:05:22.624524904,1,136.73,0.1,Completed,Mobile,West,123.06
ORD004104,CUST0380,PROD0078,2023-08-22 11:35:22.264452896,14,239.35,0.05,Completed,Mobile,International,3183.36
ORD004105,CUST0176,PROD0075,2023-08-22 15:05:21.904380880,6,124.19,0.1,Completed,Web,South,670.63
ORD004106,CUST0107,PROD0042,2023-08-22 18:35:21.544308864,4,298.44,0.05,Completed,Mobile,South,1134.07
ORD004107,CUST0101,PROD0166,2023-08-22 22:05:21.184236848,3,462.36,0.0,Completed,Web,West,1387.08
ORD004108,CUST0260,PROD0068,2023-08-23 01:35:20.824164832,2,376.56,0.0,Completed,Web,North,753.12
ORD004109,CUST0478,PROD0181,2023-08-23 05:05:20.464092824,7,336.55,0.05,Completed,In-Store,East,2238.06
ORD004110,CUST0454,PROD0033,2023-08-23 08:35:20.104020808,9,295.53,0.0,Completed,Mobile,North,2659.77
ORD004111,CUST0366,PROD0071,2023-08-23 12:05:19.743948792,12,249.09,0.1,Completed,In-Store,International,2690.17
ORD004112,CUST0246,PROD0056,2023-08-23 15:35:19.383876776,3,101.42,0.15,Completed,Mobile,South,258.62
ORD004113,CUST0275,PROD0105,2023-08-23 19:05:19.023804760,6,448.41,0.0,Completed,Web,North,2690.46
ORD004114,CUST0032,PROD0101,2023-08-23 22:35:18.663732752,9,131.78,0.0,Completed,Web,West,1186.02
ORD004115,CUST0137,PROD0051,2023-08-24 02:05:18.303660736,2,54.74,0.2,Returned,Web,North,87.58
ORD004116,CUST0012,PROD0074,2023-08-24 05:35:17.943588720,7,377.51,0.0,Completed,Mobile,International,2642.57
ORD004117,CUST0395,PROD0171,2023-08-24 09:05:17.583516704,5,96.05,0.0,Completed,In-Store,South,480.25
ORD004118,CUST0302,PROD0121,2023-08-24 12:35:17.223444688,5,192.23,0.0,Completed,Mobile,West,961.15
ORD004119,CUST0375,PROD0143,2023-08-24 16:05:16.863372680,11,23.86,0.1,Completed,Web,South,236.21
ORD004120,CUST0016,PROD0166,2023-08-24 19:35:16.503300664,7,77.16,0.0,Returned,Web,West,540.12
ORD004121,CUST0129,PROD0143,2023-08-24 23:05:16.143228648,9,94.87,0.05,Completed,Mobile,International,811.14
ORD004122,CUST0063,PROD0005,2023-08-25 02:35:15.783156632,4,36.66,0.05,Completed,In-Store,West,139.31
ORD004123,CUST0109,PROD0083,2023-08-25 06:05:15.423084616,9,331.76,0.0,Pending,Web,West,2985.84
ORD004124,CUST0375,PROD0182,2023-08-25 09:35:15.063012608,14,420.13,0.0,Completed,Web,North,5881.82
ORD004125,CUST0021,PROD0051,2023-08-25 13:05:14.702940592,13,192.92,0.1,Completed,Web,International,2257.16
ORD004126,CUST0158,PROD0010,2023-08-25 16:35:14.342868576,11,438.54,0.1,Pending,Web,East,4341.55
ORD004127,CUST0269,PROD0140,2023-08-25 20:05:13.982796560,10,114.54,0.0,Completed,Mobile,International,1145.4
ORD004128,CUST0162,PROD0004,2023-08-25 23:35:13.622724544,9,169.44,0.0,Completed,Web,West,1524.96
ORD004129,CUST0260,PROD0095,2023-08-26 03:05:13.262652536,13,83.86,0.1,Completed,Mobile,North,981.16
ORD004130,CUST0412,PROD0146,2023-08-26 06:35:12.902580520,4,314.07,0.15,Returned,Web,East,1067.84
ORD004131,CUST0102,PROD0080,2023-08-26 10:05:12.542508504,3,215.74,0.0,Returned,Web,North,647.22
ORD004132,CUST0223,PROD0036,2023-08-26 13:35:12.182436488,2,310.51,0.05,Completed,Web,West,589.97
ORD004133,CUST0059,PROD0025,2023-08-26 17:05:11.822364472,9,383.22,0.0,Returned,Mobile,South,3448.98
ORD004134,CUST0247,PROD0098,2023-08-26 20:35:11.462292464,12,277.39,0.0,Completed,Mobile,North,3328.68
ORD004135,CUST0128,PROD0164,2023-08-27 00:05:11.102220448,2,317.54,0.0,Completed,Web,International,635.08
ORD004136,CUST0283,PROD0101,2023-08-27 03:35:10.742148432,6,468.27,0.1,Completed,Web,International,2528.66
ORD004137,CUST0325,PROD0195,2023-08-27 07:05:10.382076416,5,156.54,0.05,Completed,Web,International,743.56
ORD004138,CUST0025,PROD0009,2023-08-27 10:35:10.022004400,14,185.99,0.15,Completed,Web,West,2213.28
ORD004139,CUST0131,PROD0061,2023-08-27 14:05:09.661932392,5,361.67,0.1,Completed,Mobile,West,1627.52
ORD004140,CUST0353,PROD0053,2023-08-27 17:35:09.301860376,4,309.54,0.15,Completed,Mobile,West,1052.44
ORD004141,CUST0196,PROD0146,2023-08-27 21:05:08.941788360,6,97.48,0.0,Returned,Web,North,584.88
ORD004142,CUST0281,PROD0171,2023-08-28 00:35:08.581716344,5,194.31,0.0,Completed,Mobile,International,971.55
ORD004143,CUST0404,PROD0163,2023-08-28 04:05:08.221644328,11,239.24,0.2,Completed,Mobile,International,2105.31
ORD004144,CUST0418,PROD0063,2023-08-28 07:35:07.861572320,4,215.5,0.1,Returned,Web,West,775.8
ORD004145,CUST0154,PROD0121,2023-08-28 11:05:07.501500304,13,97.35,0.15,Completed,Web,International,1075.72
ORD004146,CUST0382,PROD0105,2023-08-28 14:35:07.141428288,9,462.97,0.0,Completed,Mobile,East,4166.73
ORD004147,CUST0133,PROD0004,2023-08-28 18:05:06.781356272,13,383.54,0.0,Completed,Mobile,South,4986.02
ORD004148,CUST0227,PROD0093,2023-08-28 21:35:06.421284256,6,245.86,0.1,Completed,Web,International,1327.64
ORD004149,CUST0189,PROD0169,2023-08-29 01:05:06.061212248,11,343.23,0.0,Completed,Mobile,East,3775.53
ORD004150,CUST0476,PROD0173,2023-08-29 04:35:05.701140232,10,449.67,0.05,Completed,Web,East,4271.86
ORD004151,CUST0477,PROD0178,2023-08-29 08:05:05.341068216,10,76.73,0.05,Completed,Mobile,South,728.94
ORD004152,CUST0265,PROD0028,2023-08-29 11:35:04.980996200,13,132.68,0.0,Completed,In-Store,East,1724.84
ORD004153,CUST0372,PROD0170,2023-08-29 15:05:04.620924184,10,275.92,0.0,Completed,Mobile,West,2759.2
ORD004154,CUST0486,PROD0080,2023-08-29 18:35:04.260852176,13,401.52,0.0,Completed,Mobile,East,5219.76
ORD004155,CUST0434,PROD0076,2023-08-29 22:05:03.900780160,3,27.76,0.0,Completed,Web,East,83.28
ORD004156,CUST0134,PROD0116,2023-08-30 01:35:03.540708144,10,492.17,0.1,Returned,Mobile,South,4429.53
ORD004157,CUST0211,PROD0069,2023-08-30 05:05:03.180636128,6,232.9,0.0,Completed,Mobile,East,1397.4
ORD004158,CUST0060,PROD0098,2023-08-30 08:35:02.820564112,14,186.02,0.0,Returned,Web,International,2604.28
ORD004159,CUST0428,PROD0001,2023-08-30 12:05:02.460492104,1,153.43,0.15,Completed,Mobile,North,130.42
ORD004160,CUST0377,PROD0167,2023-08-30 15:35:02.100420088,5,95.43,0.05,Completed,In-Store,North,453.29
ORD004161,CUST0395,PROD0096,2023-08-30 19:05:01.740348072,10,397.87,0.0,Completed,Web,North,3978.7
ORD004162,CUST0450,PROD0017,2023-08-30 22:35:01.380276056,6,478.15,0.1,Completed,Web,International,2582.01
ORD004163,CUST0431,PROD0112,2023-08-31 02:05:01.020204040,11,212.69,0.2,Completed,Mobile,West,1871.67
ORD004164,CUST0364,PROD0091,2023-08-31 05:35:00.660132032,8,476.69,0.0,Returned,Mobile,International,3813.52
ORD004165,CUST0364,PROD0088,2023-08-31 09:05:00.300060016,11,413.66,0.05,Completed,In-Store,East,4322.75
ORD004166,CUST0457,PROD0163,2023-08-31 12:34:59.939988000,9,245.72,0.1,Completed,Mobile,East,1990.33
ORD004167,CUST0213,PROD0174,2023-08-31 16:04:59.579915984,11,340.27,0.0,Completed,Mobile,West,3742.97
ORD004168,CUST0216,PROD0170,2023-08-31 19:34:59.219843968,3,223.14,0.1,Completed,Mobile,North,602.48
ORD004169,CUST0226,PROD0167,2023-08-31 23:04:58.859771960,2,283.77,0.2,Completed,Web,South,454.03
ORD004170,CUST0470,PROD0090,2023-09-01 02:34:58.499699944,13,38.44,0.2,Completed,Mobile,East,399.78
ORD004171,CUST0131,PROD0049,2023-09-01 06:04:58.139627928,4,351.17,0.0,Completed,Web,South,1404.68
ORD004172,CUST0076,PROD0190,2023-09-01 09:34:57.779555912,8,35.88,0.0,Completed,Web,South,287.04
ORD004173,CUST0476,PROD0038,2023-09-01 13:04:57.419483896,11,410.37,0.2,Returned,Web,North,3611.26
ORD004174,CUST0286,PROD0151,2023-09-01 16:34:57.059411888,8,414.22,0.05,Completed,Web,North,3148.07
ORD004175,CUST0474,PROD0150,2023-09-01 20:04:56.699339872,3,126.17,0.0,Completed,Web,South,378.51
ORD004176,CUST0496,PROD0132,2023-09-01 23:34:56.339267856,4,168.59,0.1,Completed,Web,West,606.92
ORD004177,CUST0277,PROD0177,2023-09-02 03:04:55.979195840,3,245.84,0.0,Completed,Web,North,737.52
ORD004178,CUST0156,PROD0059,2023-09-02 06:34:55.619123824,10,302.36,0.0,Completed,Web,South,3023.6
ORD004179,CUST0248,PROD0068,2023-09-02 10:04:55.259051816,2,150.8,0.15,Completed,Web,North,256.36
ORD004180,CUST0218,PROD0199,2023-09-02 13:34:54.898979800,4,300.32,0.0,Completed,Mobile,East,1201.28
ORD004181,CUST0190,PROD0130,2023-09-02 17:04:54.538907784,6,155.92,0.0,Completed,In-Store,East,935.52
ORD004182,CUST0417,PROD0049,2023-09-02 20:34:54.178835768,11,37.19,0.0,Completed,Mobile,International,409.09
ORD004183,CUST0469,PROD0126,2023-09-03 00:04:53.818763752,14,11.24,0.1,Completed,Web,West,141.62
ORD004184,CUST0163,PROD0159,2023-09-03 03:34:53.458691744,11,59.56,0.0,Completed,Mobile,South,655.16
ORD004185,CUST0180,PROD0111,2023-09-03 07:04:53.098619728,5,398.2,0.05,Completed,Web,North,1891.45
ORD004186,CUST0034,PROD0168,2023-09-03 10:34:52.738547712,3,481.1,0.1,Completed,Web,North,1298.97
ORD004187,CUST0041,PROD0048,2023-09-03 14:04:52.378475696,2,219.21,0.15,Completed,Mobile,International,372.66
ORD004188,CUST0307,PROD0051,2023-09-03 17:34:52.018403680,9,261.22,0.0,Returned,Mobile,West,2350.98
ORD004189,CUST0431,PROD0043,2023-09-03 21:04:51.658331672,1,81.96,0.15,Completed,Mobile,North,69.67
ORD004190,CUST0338,PROD0098,2023-09-04 00:34:51.298259656,9,280.01,0.0,Completed,Mobile,North,2520.09
ORD004191,CUST0314,PROD0183,2023-09-04 04:04:50.938187640,1,80.88,0.1,Completed,Web,East,72.79
ORD004192,CUST0075,PROD0177,2023-09-04 07:34:50.578115624,14,309.5,0.05,Completed,In-Store,North,4116.35
ORD004193,CUST0441,PROD0124,2023-09-04 11:04:50.218043608,7,467.3,0.0,Completed,Mobile,West,3271.1
ORD004194,CUST0279,PROD0080,2023-09-04 14:34:49.857971600,6,105.89,0.1,Returned,Mobile,East,571.81
ORD004195,CUST0176,PROD0185,2023-09-04 18:04:49.497899584,7,384.64,0.0,Completed,Mobile,East,2692.48
ORD004196,CUST0384,PROD0111,2023-09-04 21:34:49.137827568,3,21.52,0.0,Completed,Web,East,64.56
ORD004197,CUST0150,PROD0143,2023-09-05 01:04:48.777755552,14,193.99,0.0,Completed,Web,South,2715.86
ORD004198,CUST0273,PROD0027,2023-09-05 04:34:48.417683536,3,64.27,0.1,Completed,Web,East,173.53
ORD004199,CUST0325,PROD0196,2023-09-05 08:04:48.057611528,13,182.71,0.0,Completed,Web,West,2375.23
ORD004200,CUST0108,PROD0192,2023-09-05 11:34:47.697539512,11,95.03,0.0,Completed,Web,South,1045.33
ORD004201,CUST0139,PROD0158,2023-09-05 15:04:47.337467496,1,192.92,0.0,Completed,Web,East,192.92
ORD004202,CUST0350,PROD0164,2023-09-05 18:34:46.977395480,4,214.59,0.05,Completed,In-Store,West,815.44
ORD004203,CUST0271,PROD0195,2023-09-05 22:04:46.617323464,12,157.29,0.05,Completed,In-Store,North,1793.11
ORD004204,CUST0347,PROD0113,2023-09-06 01:34:46.257251456,2,331.74,0.0,Completed,Mobile,East,663.48
ORD004205,CUST0419,PROD0086,2023-09-06 05:04:45.897179440,10,460.24,0.0,Completed,Web,South,4602.4
ORD004206,CUST0289,PROD0114,2023-09-06 08:34:45.537107424,8,206.29,0.05,Completed,Web,West,1567.8
ORD004207,CUST0212,PROD0124,2023-09-06 12:04:45.177035408,3,104.25,0.1,Completed,Mobile,North,281.48
ORD004208,CUST0381,PROD0049,2023-09-06 15:34:44.816963392,7,142.65,0.1,Completed,Web,West,898.7
ORD004209,CUST0272,PROD0076,2023-09-06 19:04:44.456891384,7,428.46,0.15,Pending,Mobile,North,2549.34
ORD004210,CUST0418,PROD0055,2023-09-06 22:34:44.096819368,12,290.1,0.0,Completed,In-Store,North,3481.2
ORD004211,CUST0066,PROD0056,2023-09-07 02:04:43.736747352,9,232.96,0.2,Completed,Web,West,1677.31
ORD004212,CUST0483,PROD0196,2023-09-07 05:34:43.376675336,6,83.32,0.0,Completed,Mobile,East,499.92
ORD004213,CUST0424,PROD0095,2023-09-07 09:04:43.016603320,1,230.37,0.2,Returned,Web,International,184.3
ORD004214,CUST0248,PROD0044,2023-09-07 12:34:42.656531312,8,146.46,0.0,Completed,Mobile,East,1171.68
ORD004215,CUST0156,PROD0159,2023-09-07 16:04:42.296459296,1,472.15,0.05,Completed,Web,East,448.54
ORD004216,CUST0047,PROD0186,2023-09-07 19:34:41.936387280,3,443.19,0.0,Completed,Web,West,1329.57
ORD004217,CUST0423,PROD0087,2023-09-07 23:04:41.576315264,11,51.11,0.0,Completed,Mobile,South,562.21
ORD004218,CUST0454,PROD0181,2023-09-08 02:34:41.216243248,5,263.16,0.15,Completed,Mobile,North,1118.43
ORD004219,CUST0201,PROD0084,2023-09-08 06:04:40.856171240,8,120.28,0.1,Completed,Mobile,North,866.02
ORD004220,CUST0148,PROD0151,2023-09-08 09:34:40.496099224,9,211.28,0.2,Completed,Web,North,1521.22
ORD004221,CUST0124,PROD0156,2023-09-08 13:04:40.136027208,7,439.66,0.1,Completed,Mobile,South,2769.86
ORD004222,CUST0001,PROD0016,2023-09-08 16:34:39.775955192,9,268.48,0.05,Completed,Mobile,International,2295.5
ORD004223,CUST0456,PROD0165,2023-09-08 20:04:39.415883176,11,173.77,0.0,Completed,In-Store,West,1911.47
ORD004224,CUST0247,PROD0149,2023-09-08 23:34:39.055811168,3,111.87,0.2,Completed,In-Store,International,268.49
ORD004225,CUST0343,PROD0145,2023-09-09 03:04:38.695739152,13,402.16,0.05,Completed,Mobile,International,4966.68
ORD004226,CUST0128,PROD0037,2023-09-09 06:34:38.335667136,5,316.01,0.1,Completed,Mobile,South,1422.04
ORD004227,CUST0191,PROD0077,2023-09-09 10:04:37.975595120,10,239.35,0.05,Completed,Mobile,North,2273.82
ORD004228,CUST0067,PROD0147,2023-09-09 13:34:37.615523104,8,116.57,0.05,Completed,Web,East,885.93
ORD004229,CUST0004,PROD0158,2023-09-09 17:04:37.255451096,12,173.78,0.2,Completed,Web,International,1668.29
ORD004230,CUST0442,PROD0045,2023-09-09 20:34:36.895379080,1,480.32,0.0,Completed,Mobile,East,480.32
ORD004231,CUST0409,PROD0146,2023-09-10 00:04:36.535307064,8,264.84,0.0,Completed,Mobile,East,2118.72
ORD004232,CUST0303,PROD0062,2023-09-10 03:34:36.175235048,7,206.34,0.0,Completed,Mobile,North,1444.38
ORD004233,CUST0294,PROD0164,2023-09-10 07:04:35.815163032,1,265.5,0.1,Completed,Web,South,238.95
ORD004234,CUST0143,PROD0100,2023-09-10 10:34:35.455091024,13,391.7,0.0,Completed,Web,South,5092.1
ORD004235,CUST0191,PROD0052,2023-09-10 14:04:35.095019008,13,176.65,0.0,Completed,Web,South,2296.45
ORD004236,CUST0021,PROD0019,2023-09-10 17:34:34.734946992,10,97.57,0.0,Completed,Web,International,975.7
ORD004237,CUST0227,PROD0109,2023-09-10 21:04:34.374874976,12,296.62,0.05,Completed,Web,North,3381.47
ORD004238,CUST0313,PROD0044,2023-09-11 00:34:34.014802960,10,335.95,0.05,Completed,In-Store,International,3191.52
ORD004239,CUST0117,PROD0007,2023-09-11 04:04:33.654730952,12,359.23,0.0,Completed,Web,North,4310.76
ORD004240,CUST0437,PROD0172,2023-09-11 07:34:33.294658936,6,442.17,0.2,Completed,Mobile,International,2122.42
ORD004241,CUST0302,PROD0117,2023-09-11 11:04:32.934586920,1,191.88,0.2,Completed,Web,East,153.5
ORD004242,CUST0142,PROD0068,2023-09-11 14:34:32.574514904,2,46.92,0.0,Completed,In-Store,West,93.84
ORD004243,CUST0484,PROD0034,2023-09-11 18:04:32.214442888,5,479.59,0.1,Completed,In-Store,North,2158.15
ORD004244,CUST0460,PROD0194,2023-09-11 21:34:31.854370880,2,223.16,0.05,Completed,Web,West,424.0
ORD004245,CUST0401,PROD0069,2023-09-12 01:04:31.494298864,14,315.4,0.0,Completed,In-Store,International,4415.6
ORD004246,CUST0039,PROD0055,2023-09-12 04:34:31.134226848,10,336.49,0.0,Completed,Mobile,North,3364.9
ORD004247,CUST0393,PROD0010,2023-09-12 08:04:30.774154832,1,277.79,0.05,Completed,Web,North,263.9
ORD004248,CUST0355,PROD0042,2023-09-12 11:34:30.414082816,6,110.58,0.05,Pending,Mobile,South,630.31
ORD004249,CUST0252,PROD0041,2023-09-12 15:04:30.054010808,8,380.02,0.0,Completed,Web,North,3040.16
ORD004250,CUST0333,PROD0197,2023-09-12 18:34:29.693938792,8,403.84,0.15,Completed,Mobile,North,2746.11
ORD004251,CUST0207,PROD0122,2023-09-12 22:04:29.333866776,13,280.96,0.05,Completed,In-Store,West,3469.86
ORD004252,CUST0210,PROD0138,2023-09-13 01:34:28.973794760,13,249.39,0.1,Completed,Mobile,North,2917.86
ORD004253,CUST0115,PROD0010,2023-09-13 05:04:28.613722744,8,65.83,0.0,Pending,Web,West,526.64
ORD004254,CUST0225,PROD0102,2023-09-13 08:34:28.253650736,11,51.14,0.05,Completed,Web,International,534.41
ORD004255,CUST0134,PROD0188,2023-09-13 12:04:27.893578720,6,176.39,0.0,Completed,Web,West,1058.34
ORD004256,CUST0251,PROD0128,2023-09-13 15:34:27.533506704,11,162.31,0.05,Completed,Web,North,1696.14
ORD004257,CUST0219,PROD0179,2023-09-13 19:04:27.173434688,3,477.29,0.1,Completed,Web,East,1288.68
ORD004258,CUST0407,PROD0149,2023-09-13 22:34:26.813362672,1,393.98,0.1,Completed,Web,South,354.58
ORD004259,CUST0443,PROD0136,2023-09-14 02:04:26.453290664,2,333.36,0.0,Completed,Mobile,South,666.72
ORD004260,CUST0091,PROD0193,2023-09-14 05:34:26.093218648,5,263.65,0.1,Completed,Mobile,South,1186.42
ORD004261,CUST0354,PROD0092,2023-09-14 09:04:25.733146632,13,92.01,0.2,Completed,Web,International,956.9
ORD004262,CUST0376,PROD0113,2023-09-14 12:34:25.373074616,10,489.44,0.1,Completed,Web,West,4404.96
ORD004263,CUST0046,PROD0078,2023-09-14 16:04:25.013002600,5,193.77,0.0,Completed,Web,North,968.85
ORD004264,CUST0038,PROD0085,2023-09-14 19:34:24.652930592,10,62.39,0.1,Completed,Web,East,561.51
ORD004265,CUST0142,PROD0030,2023-09-14 23:04:24.292858576,14,251.96,0.0,Completed,Web,South,3527.44
ORD004266,CUST0100,PROD0049,2023-09-15 02:34:23.932786560,1,438.26,0.15,Completed,Web,International,372.52
ORD004267,CUST0328,PROD0009,2023-09-15 06:04:23.572714544,1,444.77,0.05,Completed,Mobile,International,422.53
ORD004268,CUST0190,PROD0145,2023-09-15 09:34:23.212642528,9,15.37,0.0,Completed,In-Store,South,138.33
ORD004269,CUST0035,PROD0069,2023-09-15 13:04:22.852570520,2,444.28,0.0,Completed,Web,South,888.56
ORD004270,CUST0147,PROD0058,2023-09-15 16:34:22.492498504,7,143.03,0.0,Completed,Mobile,East,1001.21
ORD004271,CUST0030,PROD0185,2023-09-15 20:04:22.132426488,10,29.1,0.2,Returned,Web,East,232.8
ORD004272,CUST0334,PROD0062,2023-09-15 23:34:21.772354472,4,425.42,0.0,Pending,In-Store,North,1701.68
ORD004273,CUST0084,PROD0052,2023-09-16 03:04:21.412282456,7,433.29,0.05,Completed,Web,West,2881.38
ORD004274,CUST0369,PROD0189,2023-09-16 06:34:21.052210448,8,302.15,0.2,Completed,Web,South,1933.76
ORD004275,CUST0281,PROD0040,2023-09-16 10:04:20.692138432,5,291.47,0.0,Completed,Web,West,1457.35
ORD004276,CUST0424,PROD0166,2023-09-16 13:34:20.332066416,13,408.43,0.05,Returned,Web,South,5044.11
ORD004277,CUST0344,PROD0171,2023-09-16 17:04:19.971994400,12,395.29,0.05,Completed,Mobile,West,4506.31
ORD004278,CUST0270,PROD0063,2023-09-16 20:34:19.611922384,12,446.15,0.05,Completed,In-Store,West,5086.11
ORD004279,CUST0154,PROD0147,2023-09-17 00:04:19.251850376,1,280.85,0.0,Completed,Mobile,East,280.85
ORD004280,CUST0102,PROD0050,2023-09-17 03:34:18.891778360,4,484.15,0.0,Completed,Web,West,1936.6
ORD004281,CUST0215,PROD0161,2023-09-17 07:04:18.531706344,10,498.11,0.1,Completed,Mobile,East,4482.99
ORD004282,CUST0150,PROD0141,2023-09-17 10:34:18.171634328,3,67.11,0.2,Completed,Mobile,North,161.06
ORD004283,CUST0432,PROD0078,2023-09-17 14:04:17.811562312,10,426.28,0.0,Completed,Mobile,North,4262.8
ORD004284,CUST0083,PROD0097,2023-09-17 17:34:17.451490304,12,254.91,0.0,Completed,Mobile,North,3058.92
ORD004285,CUST0110,PROD0190,2023-09-17 21:04:17.091418288,5,199.91,0.0,Pending,Mobile,North,999.55
ORD004286,CUST0435,PROD0043,2023-09-18 00:34:16.731346272,10,310.41,0.15,Returned,Mobile,West,2638.48
ORD004287,CUST0387,PROD0177,2023-09-18 04:04:16.371274256,13,37.42,0.0,Completed,Mobile,South,486.46
ORD004288,CUST0426,PROD0036,2023-09-18 07:34:16.011202240,10,258.17,0.15,Completed,Web,North,2194.45
ORD004289,CUST0275,PROD0122,2023-09-18 11:04:15.651130232,13,436.74,0.0,Completed,Web,West,5677.62
ORD004290,CUST0201,PROD0108,2023-09-18 14:34:15.291058216,6,114.6,0.2,Returned,Mobile,West,550.08
ORD004291,CUST0284,PROD0010,2023-09-18 18:04:14.930986200,2,218.93,0.05,Completed,In-Store,East,415.97
ORD004292,CUST0468,PROD0095,2023-09-18 21:34:14.570914184,7,470.35,0.1,Completed,Web,North,2963.21
ORD004293,CUST0173,PROD0006,2023-09-19 01:04:14.210842168,13,220.0,0.0,Completed,In-Store,North,2860.0
ORD004294,CUST0327,PROD0057,2023-09-19 04:34:13.850770160,3,185.6,0.1,Completed,Web,East,501.12
ORD004295,CUST0206,PROD0129,2023-09-19 08:04:13.490698144,1,225.86,0.0,Completed,Web,International,225.86
ORD004296,CUST0063,PROD0071,2023-09-19 11:34:13.130626128,10,264.53,0.0,Completed,Web,North,2645.3
ORD004297,CUST0073,PROD0186,2023-09-19 15:04:12.770554112,3,319.68,0.0,Completed,In-Store,East,959.04
ORD004298,CUST0251,PROD0021,2023-09-19 18:34:12.410482096,9,402.34,0.15,Completed,Web,International,3077.9
ORD004299,CUST0124,PROD0092,2023-09-19 22:04:12.050410088,10,231.53,0.1,Completed,Web,East,2083.77
ORD004300,CUST0375,PROD0127,2023-09-20 01:34:11.690338072,11,410.57,0.05,Completed,Web,South,4290.46
ORD004301,CUST0121,PROD0080,2023-09-20 05:04:11.330266056,11,271.52,0.05,Completed,Mobile,West,2837.38
ORD004302,CUST0275,PROD0056,2023-09-20 08:34:10.970194040,6,175.86,0.0,Returned,In-Store,West,1055.16
ORD004303,CUST0431,PROD0116,2023-09-20 12:04:10.610122024,11,332.4,0.15,Completed,Web,East,3107.94
ORD004304,CUST0398,PROD0148,2023-09-20 15:34:10.250050016,6,361.68,0.1,Returned,Mobile,International,1953.07
ORD004305,CUST0120,PROD0182,2023-09-20 19:04:09.889978000,4,283.44,0.1,Completed,In-Store,East,1020.38
ORD004306,CUST0422,PROD0025,2023-09-20 22:34:09.529905984,8,37.74,0.05,Completed,Web,West,286.82
ORD004307,CUST0437,PROD0156,2023-09-21 02:04:09.169833968,5,93.24,0.2,Completed,Mobile,International,372.96
ORD004308,CUST0317,PROD0005,2023-09-21 05:34:08.809761952,7,149.8,0.15,Completed,Web,East,891.31
ORD004309,CUST0164,PROD0120,2023-09-21 09:04:08.449689944,9,148.49,0.1,Completed,Web,East,1202.77
ORD004310,CUST0424,PROD0021,2023-09-21 12:34:08.089617928,13,339.98,0.0,Completed,Mobile,East,4419.74
ORD004311,CUST0465,PROD0018,2023-09-21 16:04:07.729545912,13,18.99,0.1,Completed,Mobile,West,222.18
ORD004312,CUST0286,PROD0175,2023-09-21 19:34:07.369473896,14,380.28,0.05,Completed,Web,West,5057.72
ORD004313,CUST0265,PROD0198,2023-09-21 23:04:07.009401880,5,140.02,0.0,Completed,Web,North,700.1
ORD004314,CUST0320,PROD0057,2023-09-22 02:34:06.649329872,11,161.91,0.0,Completed,In-Store,West,1781.01
ORD004315,CUST0161,PROD0093,2023-09-22 06:04:06.289257856,14,268.68,0.05,Completed,Mobile,West,3573.44
ORD004316,CUST0376,PROD0019,2023-09-22 09:34:05.929185840,5,115.8,0.05,Completed,Web,West,550.05
ORD004317,CUST0308,PROD0128,2023-09-22 13:04:05.569113824,14,443.39,0.05,Completed,Web,West,5897.09
ORD004318,CUST0089,PROD0097,2023-09-22 16:34:05.209041808,4,51.83,0.0,Completed,Web,North,207.32
ORD004319,CUST0142,PROD0193,2023-09-22 20:04:04.848969800,6,227.75,0.1,Completed,Web,South,1229.85
ORD004320,CUST0203,PROD0131,2023-09-22 23:34:04.488897784,2,426.22,0.05,Completed,Mobile,West,809.82
ORD004321,CUST0309,PROD0170,2023-09-23 03:04:04.128825768,3,311.76,0.0,Completed,Mobile,International,935.28
ORD004322,CUST0227,PROD0021,2023-09-23 06:34:03.768753752,1,153.24,0.0,Completed,Web,North,153.24
ORD004323,CUST0489,PROD0040,2023-09-23 10:04:03.408681736,2,216.17,0.15,Completed,Mobile,East,367.49
ORD004324,CUST0443,PROD0067,2023-09-23 13:34:03.048609728,2,356.28,0.1,Completed,Web,West,641.3
ORD004325,CUST0334,PROD0153,2023-09-23 17:04:02.688537712,8,486.9,0.0,Completed,Mobile,West,3895.2
ORD004326,CUST0222,PROD0127,2023-09-23 20:34:02.328465696,8,447.64,0.2,Completed,Web,East,2864.9
ORD004327,CUST0041,PROD0055,2023-09-24 00:04:01.968393680,2,177.79,0.0,Completed,Web,North,355.58
ORD004328,CUST0196,PROD0180,2023-09-24 03:34:01.608321664,13,499.12,0.2,Completed,Web,West,5190.85
ORD004329,CUST0068,PROD0172,2023-09-24 07:04:01.248249656,14,11.72,0.0,Completed,Mobile,West,164.08
ORD004330,CUST0476,PROD0109,2023-09-24 10:34:00.888177640,6,23.54,0.0,Pending,Web,West,141.24
ORD004331,CUST0264,PROD0098,2023-09-24 14:04:00.528105624,5,413.68,0.05,Completed,Web,West,1964.98
ORD004332,CUST0002,PROD0184,2023-09-24 17:34:00.168033608,3,107.74,0.0,Completed,Web,South,323.22
ORD004333,CUST0361,PROD0183,2023-09-24 21:03:59.807961592,5,39.78,0.05,Completed,Web,International,188.96
ORD004334,CUST0125,PROD0112,2023-09-25 00:33:59.447889584,5,126.2,0.1,Completed,Web,West,567.9
ORD004335,CUST0110,PROD0198,2023-09-25 04:03:59.087817568,5,218.79,0.15,Completed,Mobile,East,929.86
ORD004336,CUST0086,PROD0115,2023-09-25 07:33:58.727745552,3,367.98,0.05,Completed,Web,International,1048.74
ORD004337,CUST0425,PROD0117,2023-09-25 11:03:58.367673536,3,315.92,0.05,Completed,Mobile,International,900.37
ORD004338,CUST0120,PROD0087,2023-09-25 14:33:58.007601520,4,126.43,0.0,Completed,In-Store,West,505.72
ORD004339,CUST0127,PROD0081,2023-09-25 18:03:57.647529512,7,256.6,0.0,Completed,Mobile,East,1796.2
ORD004340,CUST0255,PROD0066,2023-09-25 21:33:57.287457496,12,463.84,0.1,Completed,Mobile,East,5009.47
ORD004341,CUST0183,PROD0019,2023-09-26 01:03:56.927385480,12,409.35,0.0,Completed,Mobile,South,4912.2
ORD004342,CUST0016,PROD0135,2023-09-26 04:33:56.567313464,12,168.36,0.1,Completed,In-Store,South,1818.29
ORD004343,CUST0477,PROD0118,2023-09-26 08:03:56.207241448,14,491.31,0.05,Completed,Web,East,6534.42
ORD004344,CUST0062,PROD0191,2023-09-26 11:33:55.847169440,2,357.22,0.0,Pending,Mobile,East,714.44
ORD004345,CUST0369,PROD0042,2023-09-26 15:03:55.487097424,10,40.6,0.05,Completed,In-Store,North,385.7
ORD004346,CUST0432,PROD0042,2023-09-26 18:33:55.127025408,4,27.23,0.0,Completed,Web,International,108.92
ORD004347,CUST0158,PROD0059,2023-09-26 22:03:54.766953392,4,92.52,0.05,Completed,Web,East,351.58
ORD004348,CUST0268,PROD0020,2023-09-27 01:33:54.406881376,1,366.65,0.1,Completed,In-Store,East,329.98
ORD004349,CUST0035,PROD0073,2023-09-27 05:03:54.046809368,10,100.03,0.05,Completed,Mobile,South,950.28
ORD004350,CUST0267,PROD0017,2023-09-27 08:33:53.686737352,8,260.63,0.0,Completed,Web,North,2085.04
ORD004351,CUST0064,PROD0027,2023-09-27 12:03:53.326665336,1,55.7,0.1,Returned,Mobile,International,50.13
ORD004352,CUST0494,PROD0175,2023-09-27 15:33:52.966593320,8,461.23,0.0,Completed,Web,South,3689.84
ORD004353,CUST0050,PROD0002,2023-09-27 19:03:52.606521304,7,178.54,0.1,Completed,Web,East,1124.8
ORD004354,CUST0469,PROD0063,2023-09-27 22:33:52.246449296,9,454.98,0.05,Completed,Mobile,East,3890.08
ORD004355,CUST0255,PROD0062,2023-09-28 02:03:51.886377280,8,472.99,0.05,Completed,Mobile,East,3594.72
ORD004356,CUST0149,PROD0100,2023-09-28 05:33:51.526305264,5,13.0,0.15,Completed,Mobile,East,55.25
ORD004357,CUST0325,PROD0019,2023-09-28 09:03:51.166233248,8,237.43,0.1,Completed,Web,North,1709.5
ORD004358,CUST0304,PROD0017,2023-09-28 12:33:50.806161232,14,22.08,0.0,Completed,Mobile,South,309.12
ORD004359,CUST0276,PROD0069,2023-09-28 16:03:50.446089224,11,455.26,0.0,Completed,Web,East,5007.86
ORD004360,CUST0357,PROD0167,2023-09-28 19:33:50.086017208,10,264.02,0.15,Completed,Mobile,West,2244.17
ORD004361,CUST0451,PROD0117,2023-09-28 23:03:49.725945192,12,46.72,0.0,Completed,Web,South,560.64
ORD004362,CUST0172,PROD0199,2023-09-29 02:33:49.365873176,12,64.04,0.05,Completed,Web,North,730.06
ORD004363,CUST0417,PROD0081,2023-09-29 06:03:49.005801160,3,197.92,0.1,Completed,In-Store,North,534.38
ORD004364,CUST0201,PROD0039,2023-09-29 09:33:48.645729152,10,470.71,0.1,Completed,Web,West,4236.39
ORD004365,CUST0445,PROD0036,2023-09-29 13:03:48.285657136,7,349.53,0.1,Completed,Mobile,South,2202.04
ORD004366,CUST0393,PROD0168,2023-09-29 16:33:47.925585120,12,435.13,0.1,Completed,Web,North,4699.4
ORD004367,CUST0324,PROD0173,2023-09-29 20:03:47.565513104,4,189.56,0.1,Completed,Web,West,682.42
ORD004368,CUST0035,PROD0132,2023-09-29 23:33:47.205441088,5,31.17,0.15,Completed,Web,North,132.47
ORD004369,CUST0465,PROD0153,2023-09-30 03:03:46.845369080,9,487.42,0.1,Completed,Mobile,East,3948.1
ORD004370,CUST0482,PROD0197,2023-09-30 06:33:46.485297064,7,18.41,0.05,Completed,Web,South,122.43
ORD004371,CUST0216,PROD0158,2023-09-30 10:03:46.125225048,4,474.35,0.05,Completed,Mobile,International,1802.53
ORD004372,CUST0480,PROD0196,2023-09-30 13:33:45.765153032,6,190.65,0.1,Completed,Mobile,North,1029.51
ORD004373,CUST0065,PROD0029,2023-09-30 17:03:45.405081016,10,14.94,0.15,Completed,Web,South,126.99
ORD004374,CUST0008,PROD0196,2023-09-30 20:33:45.045009008,14,347.69,0.0,Completed,Web,International,4867.66
ORD004375,CUST0301,PROD0051,2023-10-01 00:03:44.684936992,11,490.46,0.0,Completed,Web,South,5395.06
ORD004376,CUST0343,PROD0152,2023-10-01 03:33:44.324864976,7,483.16,0.2,Returned,In-Store,East,2705.7
ORD004377,CUST0431,PROD0014,2023-10-01 07:03:43.964792960,13,88.86,0.05,Completed,Web,South,1097.42
ORD004378,CUST0424,PROD0069,2023-10-01 10:33:43.604720944,10,98.81,0.0,Returned,Web,North,988.1
ORD004379,CUST0332,PROD0146,2023-10-01 14:03:43.244648936,13,287.11,0.1,Pending,Web,East,3359.19
ORD004380,CUST0438,PROD0170,2023-10-01 17:33:42.884576920,9,322.28,0.2,Completed,Mobile,International,2320.42
ORD004381,CUST0076,PROD0057,2023-10-01 21:03:42.524504904,4,372.31,0.15,Completed,Mobile,East,1265.85
ORD004382,CUST0174,PROD0012,2023-10-02 00:33:42.164432888,10,98.71,0.1,Completed,In-Store,East,888.39
ORD004383,CUST0047,PROD0017,2023-10-02 04:03:41.804360872,3,479.91,0.0,Completed,In-Store,East,1439.73
ORD004384,CUST0015,PROD0030,2023-10-02 07:33:41.444288864,8,322.98,0.15,Completed,Web,South,2196.26
ORD004385,CUST0361,PROD0088,2023-10-02 11:03:41.084216848,1,425.05,0.05,Completed,Web,East,403.8
ORD004386,CUST0147,PROD0099,2023-10-02 14:33:40.724144832,9,274.63,0.15,Completed,Mobile,South,2100.92
ORD004387,CUST0026,PROD0023,2023-10-02 18:03:40.364072816,13,213.0,0.0,Completed,In-Store,South,2769.0
ORD004388,CUST0308,PROD0129,2023-10-02 21:33:40.004000800,1,488.82,0.0,Completed,Web,South,488.82
ORD004389,CUST0093,PROD0079,2023-10-03 01:03:39.643928792,2,295.24,0.05,Completed,Web,International,560.96
ORD004390,CUST0406,PROD0032,2023-10-03 04:33:39.283856776,13,434.77,0.0,Completed,In-Store,South,5652.01
ORD004391,CUST0232,PROD0009,2023-10-03 08:03:38.923784760,8,477.11,0.1,Completed,Web,East,3435.19
ORD004392,CUST0021,PROD0015,2023-10-03 11:33:38.563712744,9,340.92,0.2,Completed,Web,North,2454.62
ORD004393,CUST0307,PROD0156,2023-10-03 15:03:38.203640728,7,278.98,0.1,Completed,In-Store,South,1757.57
ORD004394,CUST0038,PROD0152,2023-10-03 18:33:37.843568720,3,11.72,0.15,Completed,Mobile,East,29.89
ORD004395,CUST0276,PROD0188,2023-10-03 22:03:37.483496704,7,29.61,0.05,Completed,Web,West,196.91
ORD004396,CUST0157,PROD0163,2023-10-04 01:33:37.123424688,6,108.42,0.1,Completed,Web,East,585.47
ORD004397,CUST0179,PROD0027,2023-10-04 05:03:36.763352672,2,101.14,0.15,Completed,Web,South,171.94
ORD004398,CUST0132,PROD0109,2023-10-04 08:33:36.403280656,3,134.83,0.1,Completed,In-Store,International,364.04
ORD004399,CUST0311,PROD0076,2023-10-04 12:03:36.043208648,11,159.42,0.05,Completed,In-Store,North,1665.94
ORD004400,CUST0455,PROD0148,2023-10-04 15:33:35.683136632,13,186.43,0.1,Completed,Mobile,West,2181.23
ORD004401,CUST0348,PROD0065,2023-10-04 19:03:35.323064616,12,216.06,0.1,Completed,Web,West,2333.45
ORD004402,CUST0028,PROD0177,2023-10-04 22:33:34.962992600,13,58.44,0.0,Completed,Web,West,759.72
ORD004403,CUST0260,PROD0109,2023-10-05 02:03:34.602920584,10,30.76,0.15,Completed,Mobile,International,261.46
ORD004404,CUST0406,PROD0129,2023-10-05 05:33:34.242848576,10,340.23,0.2,Completed,Web,West,2721.84
ORD004405,CUST0076,PROD0010,2023-10-05 09:03:33.882776560,13,273.29,0.05,Completed,Mobile,South,3375.13
ORD004406,CUST0429,PROD0047,2023-10-05 12:33:33.522704544,12,227.63,0.1,Completed,Mobile,South,2458.4
ORD004407,CUST0067,PROD0123,2023-10-05 16:03:33.162632528,5,320.88,0.1,Completed,Web,South,1443.96
ORD004408,CUST0342,PROD0059,2023-10-05 19:33:32.802560512,10,415.56,0.1,Returned,In-Store,North,3740.04
ORD004409,CUST0492,PROD0096,2023-10-05 23:03:32.442488504,4,219.57,0.05,Pending,Web,International,834.37
ORD004410,CUST0194,PROD0190,2023-10-06 02:33:32.082416488,2,324.15,0.15,Completed,Mobile,North,551.05
ORD004411,CUST0472,PROD0103,2023-10-06 06:03:31.722344472,4,477.25,0.05,Completed,Web,West,1813.55
ORD004412,CUST0162,PROD0124,2023-10-06 09:33:31.362272456,12,421.42,0.0,Completed,Mobile,West,5057.04
ORD004413,CUST0347,PROD0086,2023-10-06 13:03:31.002200440,8,218.74,0.15,Completed,Mobile,West,1487.43
ORD004414,CUST0439,PROD0146,2023-10-06 16:33:30.642128432,5,325.91,0.1,Completed,Web,East,1466.6
ORD004415,CUST0361,PROD0112,2023-10-06 20:03:30.282056416,5,96.76,0.15,Completed,Web,West,411.23
ORD004416,CUST0257,PROD0174,2023-10-06 23:33:29.921984400,13,284.66,0.0,Completed,Web,South,3700.58
ORD004417,CUST0072,PROD0160,2023-10-07 03:03:29.561912384,12,490.85,0.0,Completed,Web,West,5890.2
ORD004418,CUST0087,PROD0027,2023-10-07 06:33:29.201840368,12,263.97,0.2,Returned,Mobile,South,2534.11
ORD004419,CUST0422,PROD0018,2023-10-07 10:03:28.841768360,10,464.54,0.0,Completed,Web,International,4645.4
ORD004420,CUST0262,PROD0167,2023-10-07 13:33:28.481696344,3,209.59,0.15,Completed,Web,North,534.45
ORD004421,CUST0214,PROD0177,2023-10-07 17:03:28.121624328,13,499.43,0.15,Completed,Web,South,5518.7
ORD004422,CUST0153,PROD0082,2023-10-07 20:33:27.761552312,8,293.82,0.1,Completed,Mobile,East,2115.5
ORD004423,CUST0210,PROD0172,2023-10-08 00:03:27.401480296,6,30.71,0.0,Completed,Mobile,West,184.26
ORD004424,CUST0401,PROD0072,2023-10-08 03:33:27.041408288,2,297.51,0.1,Completed,Web,West,535.52
ORD004425,CUST0061,PROD0054,2023-10-08 07:03:26.681336272,2,144.54,0.15,Returned,Mobile,North,245.72
ORD004426,CUST0268,PROD0162,2023-10-08 10:33:26.321264256,9,25.92,0.05,Completed,Mobile,North,221.62
ORD004427,CUST0262,PROD0071,2023-10-08 14:03:25.961192240,13,412.22,0.05,Completed,Web,South,5090.92
ORD004428,CUST0218,PROD0164,2023-10-08 17:33:25.601120224,7,145.11,0.05,Completed,Mobile,East,964.98
ORD004429,CUST0283,PROD0146,2023-10-08 21:03:25.241048216,10,400.31,0.0,Completed,Web,East,4003.1
ORD004430,CUST0136,PROD0038,2023-10-09 00:33:24.880976200,9,151.23,0.15,Completed,Web,South,1156.91
ORD004431,CUST0467,PROD0187,2023-10-09 04:03:24.520904184,14,105.22,0.15,Completed,Mobile,West,1252.12
ORD004432,CUST0380,PROD0137,2023-10-09 07:33:24.160832168,6,487.23,0.2,Completed,Web,South,2338.7
ORD004433,CUST0362,PROD0179,2023-10-09 11:03:23.800760152,5,187.21,0.05,Completed,Mobile,International,889.25
ORD004434,CUST0449,PROD0035,2023-10-09 14:33:23.440688144,12,304.67,0.1,Completed,Web,South,3290.44
ORD004435,CUST0441,PROD0082,2023-10-09 18:03:23.080616128,1,308.89,0.0,Completed,Web,East,308.89
ORD004436,CUST0093,PROD0133,2023-10-09 21:33:22.720544112,12,284.63,0.1,Completed,Mobile,East,3074.0
ORD004437,CUST0109,PROD0142,2023-10-10 01:03:22.360472096,6,458.2,0.1,Returned,Mobile,South,2474.28
ORD004438,CUST0241,PROD0158,2023-10-10 04:33:22.000400080,6,340.48,0.2,Completed,Mobile,South,1634.3
ORD004439,CUST0355,PROD0004,2023-10-10 08:03:21.640328064,3,207.83,0.15,Completed,Web,South,529.97
ORD004440,CUST0424,PROD0167,2023-10-10 11:33:21.280256056,3,432.57,0.2,Completed,Mobile,North,1038.17
ORD004441,CUST0142,PROD0192,2023-10-10 15:03:20.920184040,3,98.72,0.15,Completed,In-Store,East,251.74
ORD004442,CUST0291,PROD0153,2023-10-10 18:33:20.560112024,3,276.68,0.15,Completed,Web,South,705.53
ORD004443,CUST0432,PROD0156,2023-10-10 22:03:20.200040008,7,475.77,0.0,Completed,Mobile,North,3330.39
ORD004444,CUST0237,PROD0194,2023-10-11 01:33:19.839967992,10,316.44,0.15,Completed,Mobile,South,2689.74
ORD004445,CUST0340,PROD0150,2023-10-11 05:03:19.479895984,11,410.31,0.1,Completed,Web,South,4062.07
ORD004446,CUST0312,PROD0159,2023-10-11 08:33:19.119823968,2,330.24,0.0,Completed,Web,North,660.48
ORD004447,CUST0177,PROD0023,2023-10-11 12:03:18.759751952,10,421.29,0.0,Completed,Web,North,4212.9
ORD004448,CUST0141,PROD0048,2023-10-11 15:33:18.399679936,13,472.8,0.1,Completed,In-Store,East,5531.76
ORD004449,CUST0189,PROD0148,2023-10-11 19:03:18.039607920,10,143.73,0.0,Completed,Web,West,1437.3
ORD004450,CUST0486,PROD0125,2023-10-11 22:33:17.679535912,2,93.13,0.05,Completed,Mobile,International,176.95
ORD004451,CUST0049,PROD0166,2023-10-12 02:03:17.319463896,3,247.16,0.1,Returned,Web,North,667.33
ORD004452,CUST0302,PROD0055,2023-10-12 05:33:16.959391880,10,353.91,0.2,Completed,Mobile,North,2831.28
ORD004453,CUST0369,PROD0068,2023-10-12 09:03:16.599319864,12,121.32,0.15,Completed,Web,North,1237.46
ORD004454,CUST0190,PROD0088,2023-10-12 12:33:16.239247848,7,12.01,0.05,Completed,Mobile,East,79.87
ORD004455,CUST0136,PROD0001,2023-10-12 16:03:15.879175840,3,178.04,0.0,Completed,Web,East,534.12
ORD004456,CUST0043,PROD0135,2023-10-12 19:33:15.519103824,7,484.74,0.0,Completed,In-Store,South,3393.18
ORD004457,CUST0404,PROD0185,2023-10-12 23:03:15.159031808,9,350.53,0.0,Completed,Mobile,West,3154.77
ORD004458,CUST0380,PROD0095,2023-10-13 02:33:14.798959792,11,206.65,0.0,Completed,Mobile,West,2273.15
ORD004459,CUST0353,PROD0140,2023-10-13 06:03:14.438887776,10,104.36,0.2,Completed,Web,International,834.88
ORD004460,CUST0090,PROD0106,2023-10-13 09:33:14.078815768,12,184.48,0.05,Completed,Web,North,2103.07
ORD004461,CUST0295,PROD0133,2023-10-13 13:03:13.718743752,11,93.22,0.0,Completed,In-Store,North,1025.42
ORD004462,CUST0341,PROD0108,2023-10-13 16:33:13.358671736,4,62.09,0.0,Returned,Web,South,248.36
ORD004463,CUST0245,PROD0178,2023-10-13 20:03:12.998599720,7,454.3,0.05,Completed,Web,North,3021.1
ORD004464,CUST0433,PROD0042,2023-10-13 23:33:12.638527704,9,498.85,0.05,Completed,Mobile,International,4265.17
ORD004465,CUST0192,PROD0102,2023-10-14 03:03:12.278455696,14,90.42,0.0,Completed,Web,South,1265.88
ORD004466,CUST0318,PROD0124,2023-10-14 06:33:11.918383680,8,36.72,0.2,Completed,Web,East,235.01
ORD004467,CUST0106,PROD0140,2023-10-14 10:03:11.558311664,8,171.57,0.0,Completed,Mobile,South,1372.56
ORD004468,CUST0363,PROD0103,2023-10-14 13:33:11.198239648,9,236.21,0.0,Completed,Web,North,2125.89
ORD004469,CUST0310,PROD0146,2023-10-14 17:03:10.838167632,14,110.36,0.0,Completed,Web,North,1545.04
ORD004470,CUST0382,PROD0194,2023-10-14 20:33:10.478095624,5,157.7,0.05,Completed,Mobile,South,749.08
ORD004471,CUST0233,PROD0074,2023-10-15 00:03:10.118023608,14,108.43,0.0,Completed,Web,East,1518.02
ORD004472,CUST0265,PROD0108,2023-10-15 03:33:09.757951592,5,389.39,0.0,Completed,Mobile,International,1946.95
ORD004473,CUST0344,PROD0122,2023-10-15 07:03:09.397879576,3,359.16,0.0,Completed,Web,East,1077.48
ORD004474,CUST0037,PROD0017,2023-10-15 10:33:09.037807560,5,321.13,0.1,Completed,Mobile,East,1445.08
ORD004475,CUST0305,PROD0196,2023-10-15 14:03:08.677735552,8,199.74,0.0,Completed,Web,North,1597.92
ORD004476,CUST0041,PROD0071,2023-10-15 17:33:08.317663536,12,455.43,0.0,Completed,Web,West,5465.16
ORD004477,CUST0017,PROD0062,2023-10-15 21:03:07.957591520,5,485.07,0.05,Completed,Web,North,2304.08
ORD004478,CUST0344,PROD0041,2023-10-16 00:33:07.597519504,4,95.08,0.0,Completed,Web,International,380.32
ORD004479,CUST0277,PROD0119,2023-10-16 04:03:07.237447488,8,119.28,0.05,Completed,Mobile,East,906.53
ORD004480,CUST0307,PROD0162,2023-10-16 07:33:06.877375480,7,267.56,0.0,Completed,Web,North,1872.92
ORD004481,CUST0059,PROD0198,2023-10-16 11:03:06.517303464,14,54.71,0.0,Completed,Mobile,East,765.94
ORD004482,CUST0423,PROD0045,2023-10-16 14:33:06.157231448,14,223.86,0.05,Completed,In-Store,International,2977.34
ORD004483,CUST0183,PROD0058,2023-10-16 18:03:05.797159432,6,295.08,0.0,Returned,Mobile,South,1770.48
ORD004484,CUST0041,PROD0179,2023-10-16 21:33:05.437087416,5,265.82,0.0,Completed,Web,South,1329.1
ORD004485,CUST0039,PROD0126,2023-10-17 01:03:05.077015408,14,172.15,0.05,Completed,Web,North,2289.59
ORD004486,CUST0397,PROD0162,2023-10-17 04:33:04.716943392,5,275.8,0.2,Completed,In-Store,East,1103.2
ORD004487,CUST0192,PROD0044,2023-10-17 08:03:04.356871376,13,479.81,0.1,Completed,Mobile,North,5613.78
ORD004488,CUST0267,PROD0015,2023-10-17 11:33:03.996799360,10,110.95,0.15,Completed,Mobile,West,943.08
ORD004489,CUST0494,PROD0078,2023-10-17 15:03:03.636727344,2,330.87,0.15,Completed,Web,International,562.48
ORD004490,CUST0147,PROD0070,2023-10-17 18:33:03.276655336,13,31.26,0.2,Completed,Mobile,International,325.1
ORD004491,CUST0395,PROD0178,2023-10-17 22:03:02.916583320,4,42.54,0.1,Completed,Mobile,North,153.14
ORD004492,CUST0333,PROD0101,2023-10-18 01:33:02.556511304,8,280.4,0.1,Completed,Web,East,2018.88
ORD004493,CUST0127,PROD0160,2023-10-18 05:03:02.196439288,8,61.42,0.0,Completed,Mobile,North,491.36
ORD004494,CUST0046,PROD0195,2023-10-18 08:33:01.836367272,11,20.95,0.0,Completed,Web,East,230.45
ORD004495,CUST0045,PROD0003,2023-10-18 12:03:01.476295264,1,94.04,0.1,Completed,Web,West,84.64
ORD004496,CUST0001,PROD0086,2023-10-18 15:33:01.116223248,2,286.78,0.2,Completed,Mobile,East,458.85
ORD004497,CUST0168,PROD0074,2023-10-18 19:03:00.756151232,5,354.64,0.05,Completed,Web,International,1684.54
ORD004498,CUST0108,PROD0051,2023-10-18 22:33:00.396079216,9,109.21,0.1,Returned,Mobile,West,884.6
ORD004499,CUST0019,PROD0067,2023-10-19 02:03:00.036007200,10,337.45,0.05,Completed,Web,South,3205.77
ORD004500,CUST0332,PROD0076,2023-10-19 05:32:59.675935192,11,99.41,0.05,Completed,Web,East,1038.83
ORD004501,CUST0072,PROD0093,2023-10-19 09:02:59.315863176,12,310.59,0.05,Completed,Web,North,3540.73
ORD004502,CUST0456,PROD0176,2023-10-19 12:32:58.955791160,13,211.86,0.05,Completed,In-Store,South,2616.47
ORD004503,CUST0445,PROD0145,2023-10-19 16:02:58.595719144,11,330.36,0.0,Pending,Web,North,3633.96
ORD004504,CUST0109,PROD0007,2023-10-19 19:32:58.235647128,7,497.58,0.1,Completed,Web,International,3134.75
ORD004505,CUST0268,PROD0013,2023-10-19 23:02:57.875575120,10,469.53,0.15,Completed,Mobile,South,3991.0
ORD004506,CUST0445,PROD0120,2023-10-20 02:32:57.515503104,5,12.1,0.15,Completed,Web,West,51.42
ORD004507,CUST0240,PROD0066,2023-10-20 06:02:57.155431088,1,443.86,0.0,Completed,Web,West,443.86
ORD004508,CUST0417,PROD0004,2023-10-20 09:32:56.795359072,6,42.58,0.15,Returned,Web,West,217.16
ORD004509,CUST0301,PROD0138,2023-10-20 13:02:56.435287056,12,476.99,0.0,Completed,Web,West,5723.88
ORD004510,CUST0090,PROD0088,2023-10-20 16:32:56.075215048,8,148.09,0.0,Completed,Web,South,1184.72
ORD004511,CUST0103,PROD0017,2023-10-20 20:02:55.715143032,7,197.2,0.1,Completed,Web,West,1242.36
ORD004512,CUST0476,PROD0052,2023-10-20 23:32:55.355071016,2,54.9,0.0,Returned,Web,East,109.8
ORD004513,CUST0250,PROD0134,2023-10-21 03:02:54.994999000,12,65.01,0.0,Completed,Mobile,East,780.12
ORD004514,CUST0453,PROD0069,2023-10-21 06:32:54.634926984,5,366.1,0.0,Completed,Web,North,1830.5
ORD004515,CUST0008,PROD0137,2023-10-21 10:02:54.274854976,14,472.72,0.1,Completed,In-Store,South,5956.27
ORD004516,CUST0153,PROD0021,2023-10-21 13:32:53.914782960,11,309.27,0.0,Completed,Mobile,International,3401.97
ORD004517,CUST0347,PROD0024,2023-10-21 17:02:53.554710944,4,360.77,0.1,Pending,Web,South,1298.77
ORD004518,CUST0174,PROD0004,2023-10-21 20:32:53.194638928,9,383.37,0.1,Completed,In-Store,South,3105.3
ORD004519,CUST0343,PROD0152,2023-10-22 00:02:52.834566912,10,138.78,0.1,Completed,Web,North,1249.02
ORD004520,CUST0158,PROD0187,2023-10-22 03:32:52.474494904,1,32.16,0.15,Completed,Web,North,27.34
ORD004521,CUST0493,PROD0003,2023-10-22 07:02:52.114422888,12,10.92,0.05,Completed,Web,North,124.49
ORD004522,CUST0431,PROD0068,2023-10-22 10:32:51.754350872,6,181.82,0.0,Completed,Mobile,East,1090.92
ORD004523,CUST0215,PROD0101,2023-10-22 14:02:51.394278856,3,128.32,0.0,Completed,Web,International,384.96
ORD004524,CUST0177,PROD0168,2023-10-22 17:32:51.034206840,11,40.54,0.05,Completed,Web,South,423.64
ORD004525,CUST0175,PROD0176,2023-10-22 21:02:50.674134832,9,97.97,0.1,Completed,Web,South,793.56
ORD004526,CUST0340,PROD0054,2023-10-23 00:32:50.314062816,5,71.0,0.0,Completed,Mobile,East,355.0
ORD004527,CUST0338,PROD0035,2023-10-23 04:02:49.953990800,13,458.29,0.0,Completed,Web,South,5957.77
ORD004528,CUST0146,PROD0056,2023-10-23 07:32:49.593918784,6,78.73,0.1,Completed,Web,International,425.14
ORD004529,CUST0450,PROD0108,2023-10-23 11:02:49.233846768,11,273.45,0.1,Returned,Web,South,2707.16
ORD004530,CUST0324,PROD0040,2023-10-23 14:32:48.873774760,9,300.62,0.1,Completed,Mobile,East,2435.02
ORD004531,CUST0478,PROD0068,2023-10-23 18:02:48.513702744,9,276.31,0.15,Completed,Web,East,2113.77
ORD004532,CUST0161,PROD0046,2023-10-23 21:32:48.153630728,8,58.54,0.1,Completed,Web,West,421.49
ORD004533,CUST0127,PROD0078,2023-10-24 01:02:47.793558712,9,166.21,0.1,Completed,Mobile,East,1346.3
ORD004534,CUST0420,PROD0141,2023-10-24 04:32:47.433486696,4,35.12,0.05,Returned,Web,North,133.46
ORD004535,CUST0082,PROD0155,2023-10-24 08:02:47.073414688,6,203.88,0.2,Completed,Mobile,North,978.62
ORD004536,CUST0485,PROD0006,2023-10-24 11:32:46.713342672,5,102.41,0.05,Returned,In-Store,International,486.45
ORD004537,CUST0147,PROD0017,2023-10-24 15:02:46.353270656,5,285.2,0.0,Completed,Mobile,West,1426.0
ORD004538,CUST0239,PROD0164,2023-10-24 18:32:45.993198640,4,349.48,0.0,Completed,Web,North,1397.92
ORD004539,CUST0412,PROD0099,2023-10-24 22:02:45.633126624,2,270.74,0.1,Completed,Web,West,487.33
ORD004540,CUST0424,PROD0081,2023-10-25 01:32:45.273054616,12,222.78,0.2,Completed,Web,East,2138.69
ORD004541,CUST0084,PROD0002,2023-10-25 05:02:44.912982600,6,199.79,0.0,Completed,In-Store,East,1198.74
ORD004542,CUST0113,PROD0077,2023-10-25 08:32:44.552910584,9,422.43,0.0,Completed,In-Store,North,3801.87
ORD004543,CUST0225,PROD0180,2023-10-25 12:02:44.192838568,12,117.49,0.15,Completed,Web,West,1198.4
ORD004544,CUST0332,PROD0066,2023-10-25 15:32:43.832766552,1,369.77,0.2,Completed,Mobile,North,295.82
ORD004545,CUST0378,PROD0052,2023-10-25 19:02:43.472694544,14,381.17,0.0,Completed,Mobile,West,5336.38
ORD004546,CUST0243,PROD0092,2023-10-25 22:32:43.112622528,7,215.41,0.0,Completed,Web,North,1507.87
ORD004547,CUST0143,PROD0171,2023-10-26 02:02:42.752550512,6,155.68,0.1,Completed,Web,West,840.67
ORD004548,CUST0041,PROD0022,2023-10-26 05:32:42.392478496,3,240.57,0.0,Completed,Web,North,721.71
ORD004549,CUST0423,PROD0111,2023-10-26 09:02:42.032406480,1,55.67,0.15,Completed,Web,North,47.32
ORD004550,CUST0258,PROD0107,2023-10-26 12:32:41.672334472,13,32.51,0.0,Completed,In-Store,South,422.63
ORD004551,CUST0447,PROD0183,2023-10-26 16:02:41.312262456,4,64.69,0.0,Completed,In-Store,North,258.76
ORD004552,CUST0285,PROD0067,2023-10-26 19:32:40.952190440,14,101.7,0.0,Completed,Web,East,1423.8
ORD004553,CUST0105,PROD0188,2023-10-26 23:02:40.592118424,9,257.05,0.0,Completed,Web,South,2313.45
ORD004554,CUST0202,PROD0186,2023-10-27 02:32:40.232046408,2,426.08,0.0,Completed,Web,International,852.16
ORD004555,CUST0450,PROD0140,2023-10-27 06:02:39.871974400,3,125.46,0.0,Completed,Mobile,East,376.38
ORD004556,CUST0307,PROD0069,2023-10-27 09:32:39.511902384,2,468.23,0.1,Completed,Mobile,East,842.81
ORD004557,CUST0331,PROD0084,2023-10-27 13:02:39.151830368,14,477.9,0.0,Completed,Mobile,North,6690.6
ORD004558,CUST0461,PROD0103,2023-10-27 16:32:38.791758352,2,479.86,0.2,Completed,Mobile,South,767.78
ORD004559,CUST0266,PROD0039,2023-10-27 20:02:38.431686336,10,420.41,0.0,Completed,Web,North,4204.1
ORD004560,CUST0398,PROD0013,2023-10-27 23:32:38.071614328,11,188.27,0.1,Completed,Web,West,1863.87
ORD004561,CUST0210,PROD0041,2023-10-28 03:02:37.711542312,11,45.62,0.0,Completed,In-Store,South,501.82
ORD004562,CUST0051,PROD0057,2023-10-28 06:32:37.351470296,8,288.72,0.0,Completed,Web,West,2309.76
ORD004563,CUST0118,PROD0181,2023-10-28 10:02:36.991398280,3,283.75,0.05,Completed,Mobile,South,808.69
ORD004564,CUST0201,PROD0012,2023-10-28 13:32:36.631326264,7,426.49,0.05,Completed,Web,International,2836.16
ORD004565,CUST0377,PROD0013,2023-10-28 17:02:36.271254256,8,498.04,0.1,Completed,Mobile,North,3585.89
ORD004566,CUST0039,PROD0120,2023-10-28 20:32:35.911182240,3,259.0,0.1,Completed,Mobile,North,699.3
ORD004567,CUST0028,PROD0097,2023-10-29 00:02:35.551110224,2,179.15,0.1,Completed,Mobile,East,322.47
ORD004568,CUST0259,PROD0057,2023-10-29 03:32:35.191038208,13,101.09,0.05,Completed,In-Store,International,1248.46
ORD004569,CUST0084,PROD0040,2023-10-29 07:02:34.830966192,13,12.35,0.15,Completed,Web,East,136.47
ORD004570,CUST0454,PROD0118,2023-10-29 10:32:34.470894184,8,259.47,0.1,Completed,Mobile,North,1868.18
ORD004571,CUST0155,PROD0080,2023-10-29 14:02:34.110822168,3,282.2,0.2,Returned,Web,East,677.28
ORD004572,CUST0117,PROD0128,2023-10-29 17:32:33.750750152,7,414.22,0.15,Completed,Mobile,International,2464.61
ORD004573,CUST0002,PROD0173,2023-10-29 21:02:33.390678136,12,257.24,0.0,Completed,Web,North,3086.88
ORD004574,CUST0093,PROD0035,2023-10-30 00:32:33.030606120,1,459.07,0.0,Completed,Mobile,North,459.07
ORD004575,CUST0166,PROD0003,2023-10-30 04:02:32.670534112,14,317.76,0.05,Completed,Web,West,4226.21
ORD004576,CUST0387,PROD0120,2023-10-30 07:32:32.310462096,12,421.76,0.1,Returned,Web,International,4555.01
ORD004577,CUST0400,PROD0005,2023-10-30 11:02:31.950390080,6,82.67,0.05,Completed,Web,West,471.22
ORD004578,CUST0350,PROD0011,2023-10-30 14:32:31.590318064,12,429.11,0.1,Completed,In-Store,International,4634.39
ORD004579,CUST0296,PROD0126,2023-10-30 18:02:31.230246048,12,340.82,0.0,Completed,Web,North,4089.84
ORD004580,CUST0258,PROD0071,2023-10-30 21:32:30.870174040,13,93.41,0.0,Completed,Web,East,1214.33
ORD004581,CUST0081,PROD0117,2023-10-31 01:02:30.510102024,9,102.98,0.0,Completed,Web,West,926.82
ORD004582,CUST0425,PROD0184,2023-10-31 04:32:30.150030008,12,463.99,0.05,Completed,Web,West,5289.49
ORD004583,CUST0268,PROD0138,2023-10-31 08:02:29.789957992,3,25.79,0.1,Completed,Web,West,69.63
ORD004584,CUST0419,PROD0106,2023-10-31 11:32:29.429885976,14,236.64,0.0,Completed,Mobile,International,3312.96
ORD004585,CUST0235,PROD0116,2023-10-31 15:02:29.069813968,7,163.6,0.1,Completed,Web,South,1030.68
ORD004586,CUST0321,PROD0162,2023-10-31 18:32:28.709741952,13,335.89,0.0,Completed,Mobile,North,4366.57
ORD004587,CUST0311,PROD0067,2023-10-31 22:02:28.349669936,6,421.42,0.0,Completed,Web,South,2528.52
ORD004588,CUST0301,PROD0031,2023-11-01 01:32:27.989597920,8,186.59,0.1,Completed,Web,West,1343.45
ORD004589,CUST0463,PROD0075,2023-11-01 05:02:27.629525904,3,219.18,0.0,Completed,Mobile,North,657.54
ORD004590,CUST0474,PROD0071,2023-11-01 08:32:27.269453896,3,491.14,0.1,Completed,Web,West,1326.08
ORD004591,CUST0357,PROD0066,2023-11-01 12:02:26.909381880,4,394.12,0.15,Completed,Web,North,1340.01
ORD004592,CUST0213,PROD0070,2023-11-01 15:32:26.549309864,3,449.63,0.15,Completed,Web,North,1146.56
ORD004593,CUST0062,PROD0041,2023-11-01 19:02:26.189237848,9,224.99,0.0,Completed,Web,East,2024.91
ORD004594,CUST0049,PROD0191,2023-11-01 22:32:25.829165832,11,124.7,0.05,Returned,Mobile,West,1303.12
ORD004595,CUST0127,PROD0160,2023-11-02 02:02:25.469093824,4,211.81,0.1,Completed,Mobile,South,762.52
ORD004596,CUST0223,PROD0020,2023-11-02 05:32:25.109021808,6,360.89,0.1,Completed,Mobile,West,1948.81
ORD004597,CUST0409,PROD0185,2023-11-02 09:02:24.748949792,8,63.62,0.1,Completed,Web,South,458.06
ORD004598,CUST0279,PROD0178,2023-11-02 12:32:24.388877776,11,142.53,0.0,Completed,Web,North,1567.83
ORD004599,CUST0408,PROD0153,2023-11-02 16:02:24.028805760,13,32.85,0.0,Completed,Web,North,427.05
ORD004600,CUST0294,PROD0140,2023-11-02 19:32:23.668733752,8,221.85,0.05,Completed,Mobile,West,1686.06
ORD004601,CUST0284,PROD0199,2023-11-02 23:02:23.308661736,5,415.45,0.1,Completed,Web,South,1869.52
ORD004602,CUST0277,PROD0039,2023-11-03 02:32:22.948589720,5,22.09,0.0,Completed,Web,International,110.45
ORD004603,CUST0438,PROD0145,2023-11-03 06:02:22.588517704,6,340.91,0.0,Completed,Mobile,East,2045.46
ORD004604,CUST0107,PROD0045,2023-11-03 09:32:22.228445688,10,466.92,0.1,Completed,Web,South,4202.28
ORD004605,CUST0146,PROD0139,2023-11-03 13:02:21.868373680,7,126.09,0.0,Completed,In-Store,South,882.63
ORD004606,CUST0420,PROD0070,2023-11-03 16:32:21.508301664,13,349.88,0.0,Completed,Web,North,4548.44
ORD004607,CUST0099,PROD0125,2023-11-03 20:02:21.148229648,13,487.8,0.0,Completed,Mobile,East,6341.4
ORD004608,CUST0429,PROD0151,2023-11-03 23:32:20.788157632,10,481.52,0.0,Completed,Web,East,4815.2
ORD004609,CUST0375,PROD0091,2023-11-04 03:02:20.428085616,14,125.12,0.05,Completed,In-Store,West,1664.1
ORD004610,CUST0073,PROD0070,2023-11-04 06:32:20.068013608,7,59.16,0.0,Completed,Web,North,414.12
ORD004611,CUST0437,PROD0166,2023-11-04 10:02:19.707941592,13,82.66,0.0,Completed,Web,South,1074.58
ORD004612,CUST0486,PROD0130,2023-11-04 13:32:19.347869576,4,354.0,0.0,Pending,Web,North,1416.0
ORD004613,CUST0122,PROD0084,2023-11-04 17:02:18.987797560,6,365.62,0.0,Completed,In-Store,South,2193.72
ORD004614,CUST0030,PROD0089,2023-11-04 20:32:18.627725544,7,340.38,0.1,Returned,In-Store,South,2144.39
ORD004615,CUST0188,PROD0079,2023-11-05 00:02:18.267653536,5,174.68,0.0,Completed,Web,International,873.4
ORD004616,CUST0364,PROD0113,2023-11-05 03:32:17.907581520,5,93.19,0.05,Completed,Mobile,West,442.65
ORD004617,CUST0354,PROD0093,2023-11-05 07:02:17.547509504,2,294.57,0.0,Returned,Mobile,West,589.14
ORD004618,CUST0288,PROD0072,2023-11-05 10:32:17.187437488,7,247.0,0.0,Completed,Web,South,1729.0
ORD004619,CUST0451,PROD0165,2023-11-05 14:02:16.827365472,12,367.13,0.0,Pending,Web,North,4405.56
ORD004620,CUST0195,PROD0049,2023-11-05 17:32:16.467293464,6,226.27,0.0,Completed,In-Store,South,1357.62
ORD004621,CUST0156,PROD0052,2023-11-05 21:02:16.107221448,11,175.93,0.1,Returned,Web,South,1741.71
ORD004622,CUST0172,PROD0033,2023-11-06 00:32:15.747149432,1,153.8,0.05,Completed,Web,East,146.11
ORD004623,CUST0335,PROD0022,2023-11-06 04:02:15.387077416,4,113.62,0.15,Completed,Web,South,386.31
ORD004624,CUST0041,PROD0114,2023-11-06 07:32:15.027005400,3,140.22,0.0,Completed,Web,International,420.66
ORD004625,CUST0063,PROD0133,2023-11-06 11:02:14.666933392,12,56.47,0.0,Completed,Mobile,International,677.64
ORD004626,CUST0023,PROD0018,2023-11-06 14:32:14.306861376,3,179.96,0.0,Completed,Web,South,539.88
ORD004627,CUST0360,PROD0166,2023-11-06 18:02:13.946789360,7,27.92,0.1,Completed,Web,West,175.9
ORD004628,CUST0075,PROD0118,2023-11-06 21:32:13.586717344,11,101.34,0.0,Completed,Web,West,1114.74
ORD004629,CUST0048,PROD0117,2023-11-07 01:02:13.226645328,12,375.92,0.05,Pending,Web,North,4285.49
ORD004630,CUST0160,PROD0037,2023-11-07 04:32:12.866573320,10,169.48,0.0,Completed,Web,International,1694.8
ORD004631,CUST0313,PROD0064,2023-11-07 08:02:12.506501304,4,337.44,0.0,Completed,In-Store,North,1349.76
ORD004632,CUST0118,PROD0138,2023-11-07 11:32:12.146429288,12,361.27,0.2,Completed,Web,West,3468.19
ORD004633,CUST0100,PROD0079,2023-11-07 15:02:11.786357272,8,294.78,0.05,Completed,Mobile,South,2240.33
ORD004634,CUST0380,PROD0170,2023-11-07 18:32:11.426285256,11,479.76,0.1,Completed,Web,South,4749.62
ORD004635,CUST0417,PROD0123,2023-11-07 22:02:11.066213248,9,20.51,0.1,Completed,Web,East,166.13
ORD004636,CUST0408,PROD0176,2023-11-08 01:32:10.706141232,3,371.94,0.05,Completed,Web,International,1060.03
ORD004637,CUST0167,PROD0044,2023-11-08 05:02:10.346069216,5,479.81,0.0,Completed,Mobile,North,2399.05
ORD004638,CUST0290,PROD0082,2023-11-08 08:32:09.985997200,4,432.51,0.1,Completed,Mobile,North,1557.04
ORD004639,CUST0440,PROD0087,2023-11-08 12:02:09.625925184,14,92.27,0.0,Completed,Web,South,1291.78
ORD004640,CUST0156,PROD0016,2023-11-08 15:32:09.265853176,12,170.14,0.05,Completed,Web,North,1939.6
ORD004641,CUST0421,PROD0054,2023-11-08 19:02:08.905781160,10,94.5,0.1,Completed,Mobile,West,850.5
ORD004642,CUST0007,PROD0102,2023-11-08 22:32:08.545709144,6,304.64,0.1,Completed,Web,West,1645.06
ORD004643,CUST0196,PROD0163,2023-11-09 02:02:08.185637128,11,358.97,0.1,Completed,Mobile,International,3553.8
ORD004644,CUST0421,PROD0098,2023-11-09 05:32:07.825565112,10,165.37,0.1,Completed,Web,West,1488.33
ORD004645,CUST0056,PROD0156,2023-11-09 09:02:07.465493104,4,274.36,0.0,Completed,Mobile,International,1097.44
ORD004646,CUST0321,PROD0002,2023-11-09 12:32:07.105421088,8,348.55,0.0,Completed,Mobile,West,2788.4
ORD004647,CUST0193,PROD0094,2023-11-09 16:02:06.745349072,3,216.46,0.0,Completed,Web,International,649.38
ORD004648,CUST0047,PROD0141,2023-11-09 19:32:06.385277056,11,428.47,0.1,Completed,Mobile,North,4241.85
ORD004649,CUST0148,PROD0169,2023-11-09 23:02:06.025205040,5,388.06,0.2,Completed,Web,East,1552.24
ORD004650,CUST0275,PROD0059,2023-11-10 02:32:05.665133032,13,41.69,0.0,Completed,Web,International,541.97
ORD004651,CUST0157,PROD0069,2023-11-10 06:02:05.305061016,1,314.35,0.0,Pending,Web,West,314.35
ORD004652,CUST0202,PROD0119,2023-11-10 09:32:04.944989000,13,125.31,0.05,Completed,Web,International,1547.58
ORD004653,CUST0444,PROD0092,2023-11-10 13:02:04.584916984,6,283.18,0.15,Returned,Web,North,1444.22
ORD004654,CUST0402,PROD0181,2023-11-10 16:32:04.224844968,11,478.88,0.05,Completed,In-Store,International,5004.3
ORD004655,CUST0476,PROD0045,2023-11-10 20:02:03.864772960,5,440.74,0.0,Completed,Mobile,West,2203.7
ORD004656,CUST0419,PROD0148,2023-11-10 23:32:03.504700944,8,208.21,0.2,Completed,Web,North,1332.54
ORD004657,CUST0427,PROD0024,2023-11-11 03:02:03.144628928,9,152.84,0.15,Returned,Mobile,North,1169.23
ORD004658,CUST0495,PROD0189,2023-11-11 06:32:02.784556912,8,124.86,0.0,Completed,Web,South,998.88
ORD004659,CUST0479,PROD0091,2023-11-11 10:02:02.424484896,8,270.93,0.2,Completed,Mobile,International,1733.95
ORD004660,CUST0475,PROD0094,2023-11-11 13:32:02.064412888,12,65.98,0.05,Completed,Web,West,752.17
ORD004661,CUST0126,PROD0058,2023-11-11 17:02:01.704340872,14,279.14,0.0,Completed,Mobile,International,3907.96
ORD004662,CUST0395,PROD0155,2023-11-11 20:32:01.344268856,13,10.65,0.05,Completed,Mobile,South,131.53
ORD004663,CUST0305,PROD0154,2023-11-12 00:02:00.984196840,3,168.69,0.15,Returned,Mobile,International,430.16
ORD004664,CUST0369,PROD0128,2023-11-12 03:32:00.624124824,4,117.77,0.1,Completed,Web,East,423.97
ORD004665,CUST0294,PROD0007,2023-11-12 07:02:00.264052816,11,485.9,0.0,Completed,Web,North,5344.9
ORD004666,CUST0064,PROD0170,2023-11-12 10:31:59.903980800,4,366.35,0.2,Completed,Web,North,1172.32
ORD004667,CUST0325,PROD0047,2023-11-12 14:01:59.543908784,14,181.33,0.0,Completed,Web,International,2538.62
ORD004668,CUST0392,PROD0053,2023-11-12 17:31:59.183836768,11,55.49,0.1,Completed,Web,South,549.35
ORD004669,CUST0418,PROD0187,2023-11-12 21:01:58.823764752,5,263.23,0.1,Completed,Mobile,North,1184.54
ORD004670,CUST0176,PROD0038,2023-11-13 00:31:58.463692744,13,114.59,0.0,Completed,Mobile,North,1489.67
ORD004671,CUST0116,PROD0197,2023-11-13 04:01:58.103620728,9,272.85,0.0,Completed,Web,South,2455.65
ORD004672,CUST0440,PROD0053,2023-11-13 07:31:57.743548712,12,419.33,0.15,Pending,Web,International,4277.17
ORD004673,CUST0204,PROD0143,2023-11-13 11:01:57.383476696,9,311.74,0.05,Completed,Mobile,East,2665.38
ORD004674,CUST0486,PROD0154,2023-11-13 14:31:57.023404680,10,320.56,0.1,Completed,In-Store,East,2885.04
ORD004675,CUST0321,PROD0048,2023-11-13 18:01:56.663332672,13,275.1,0.05,Pending,Web,International,3397.48
ORD004676,CUST0031,PROD0095,2023-11-13 21:31:56.303260656,12,464.36,0.1,Completed,Web,East,5015.09
ORD004677,CUST0388,PROD0147,2023-11-14 01:01:55.943188640,14,466.63,0.05,Completed,Mobile,West,6206.18
ORD004678,CUST0113,PROD0137,2023-11-14 04:31:55.583116624,1,261.23,0.0,Completed,Mobile,South,261.23
ORD004679,CUST0365,PROD0064,2023-11-14 08:01:55.223044608,14,159.82,0.0,Completed,Web,International,2237.48
ORD004680,CUST0434,PROD0093,2023-11-14 11:31:54.862972600,14,235.2,0.15,Completed,Mobile,North,2798.88
ORD004681,CUST0325,PROD0182,2023-11-14 15:01:54.502900584,8,101.41,0.05,Completed,Mobile,West,770.72
ORD004682,CUST0414,PROD0125,2023-11-14 18:31:54.142828568,14,321.81,0.0,Completed,Web,West,4505.34
ORD004683,CUST0376,PROD0179,2023-11-14 22:01:53.782756552,1,255.05,0.2,Completed,Mobile,North,204.04
ORD004684,CUST0344,PROD0039,2023-11-15 01:31:53.422684536,2,60.62,0.1,Returned,Web,South,109.12
ORD004685,CUST0443,PROD0004,2023-11-15 05:01:53.062612528,7,106.85,0.0,Completed,Mobile,South,747.95
ORD004686,CUST0067,PROD0126,2023-11-15 08:31:52.702540512,8,245.02,0.2,Completed,Mobile,North,1568.13
ORD004687,CUST0075,PROD0003,2023-11-15 12:01:52.342468496,1,444.92,0.1,Completed,Web,East,400.43
ORD004688,CUST0045,PROD0064,2023-11-15 15:31:51.982396480,3,287.53,0.0,Completed,Mobile,International,862.59
ORD004689,CUST0260,PROD0029,2023-11-15 19:01:51.622324464,7,343.95,0.0,Completed,Mobile,East,2407.65
ORD004690,CUST0154,PROD0116,2023-11-15 22:31:51.262252456,13,176.12,0.1,Completed,In-Store,East,2060.6
ORD004691,CUST0155,PROD0011,2023-11-16 02:01:50.902180440,9,289.99,0.1,Completed,Web,North,2348.92
ORD004692,CUST0430,PROD0097,2023-11-16 05:31:50.542108424,8,229.22,0.0,Completed,Web,North,1833.76
ORD004693,CUST0363,PROD0102,2023-11-16 09:01:50.182036408,8,332.97,0.0,Completed,In-Store,East,2663.76
ORD004694,CUST0448,PROD0186,2023-11-16 12:31:49.821964392,9,34.78,0.0,Completed,Mobile,International,313.02
ORD004695,CUST0475,PROD0155,2023-11-16 16:01:49.461892384,10,251.72,0.05,Completed,In-Store,International,2391.34
ORD004696,CUST0234,PROD0021,2023-11-16 19:31:49.101820368,3,155.04,0.0,Completed,Web,South,465.12
ORD004697,CUST0051,PROD0039,2023-11-16 23:01:48.741748352,8,169.83,0.0,Completed,Web,East,1358.64
ORD004698,CUST0306,PROD0102,2023-11-17 02:31:48.381676336,1,480.85,0.1,Completed,Web,East,432.77
ORD004699,CUST0262,PROD0046,2023-11-17 06:01:48.021604320,8,99.52,0.1,Completed,Mobile,West,716.54
ORD004700,CUST0315,PROD0066,2023-11-17 09:31:47.661532312,13,162.51,0.05,Completed,In-Store,West,2007.0
ORD004701,CUST0125,PROD0091,2023-11-17 13:01:47.301460296,7,259.85,0.0,Completed,Mobile,West,1818.95
ORD004702,CUST0399,PROD0164,2023-11-17 16:31:46.941388280,13,432.88,0.05,Completed,Web,North,5346.07
ORD004703,CUST0245,PROD0111,2023-11-17 20:01:46.581316264,8,214.17,0.0,Pending,Web,International,1713.36
ORD004704,CUST0030,PROD0082,2023-11-17 23:31:46.221244248,1,374.49,0.2,Returned,Mobile,North,299.59
ORD004705,CUST0426,PROD0123,2023-11-18 03:01:45.861172240,6,429.62,0.1,Completed,Mobile,East,2319.95
ORD004706,CUST0485,PROD0193,2023-11-18 06:31:45.501100224,7,161.91,0.0,Completed,Mobile,International,1133.37
ORD004707,CUST0122,PROD0191,2023-11-18 10:01:45.141028208,14,202.45,0.0,Completed,Web,East,2834.3
ORD004708,CUST0125,PROD0099,2023-11-18 13:31:44.780956192,11,184.71,0.05,Completed,Web,North,1930.22
ORD004709,CUST0037,PROD0035,2023-11-18 17:01:44.420884176,5,418.1,0.1,Completed,Web,North,1881.45
ORD004710,CUST0170,PROD0159,2023-11-18 20:31:44.060812168,14,31.73,0.05,Completed,Mobile,East,422.01
ORD004711,CUST0124,PROD0156,2023-11-19 00:01:43.700740152,5,161.13,0.15,Returned,Web,North,684.8
ORD004712,CUST0357,PROD0103,2023-11-19 03:31:43.340668136,7,342.91,0.1,Completed,In-Store,South,2160.33
ORD004713,CUST0035,PROD0129,2023-11-19 07:01:42.980596120,11,287.07,0.05,Completed,Mobile,South,2999.88
ORD004714,CUST0087,PROD0025,2023-11-19 10:31:42.620524104,3,223.78,0.15,Completed,Web,West,570.64
ORD004715,CUST0134,PROD0043,2023-11-19 14:01:42.260452096,6,274.57,0.1,Completed,Web,North,1482.68
ORD004716,CUST0196,PROD0084,2023-11-19 17:31:41.900380080,7,106.82,0.1,Completed,In-Store,West,672.97
ORD004717,CUST0274,PROD0195,2023-11-19 21:01:41.540308064,1,221.05,0.2,Completed,Web,South,176.84
ORD004718,CUST0201,PROD0191,2023-11-20 00:31:41.180236048,12,255.83,0.0,Completed,Web,East,3069.96
ORD004719,CUST0369,PROD0051,2023-11-20 04:01:40.820164032,2,451.58,0.0,Completed,In-Store,North,903.16
ORD004720,CUST0285,PROD0130,2023-11-20 07:31:40.460092024,12,137.81,0.15,Completed,Mobile,East,1405.66
ORD004721,CUST0077,PROD0126,2023-11-20 11:01:40.100020008,4,435.24,0.1,Completed,Mobile,West,1566.86
ORD004722,CUST0059,PROD0192,2023-11-20 14:31:39.739947992,13,325.68,0.2,Completed,Web,North,3387.07
ORD004723,CUST0431,PROD0069,2023-11-20 18:01:39.379875976,8,19.97,0.0,Completed,Mobile,West,159.76
ORD004724,CUST0126,PROD0009,2023-11-20 21:31:39.019803960,11,365.07,0.1,Returned,Web,International,3614.19
ORD004725,CUST0401,PROD0002,2023-11-21 01:01:38.659731952,13,27.42,0.0,Completed,Web,North,356.46
ORD004726,CUST0109,PROD0162,2023-11-21 04:31:38.299659936,14,498.72,0.05,Completed,Web,East,6632.98
ORD004727,CUST0224,PROD0188,2023-11-21 08:01:37.939587920,10,437.59,0.0,Completed,Web,East,4375.9
ORD004728,CUST0496,PROD0189,2023-11-21 11:31:37.579515904,6,155.7,0.0,Pending,In-Store,North,934.2
ORD004729,CUST0278,PROD0159,2023-11-21 15:01:37.219443888,1,136.13,0.0,Completed,Mobile,South,136.13
ORD004730,CUST0068,PROD0010,2023-11-21 18:31:36.859371880,10,196.91,0.1,Completed,Mobile,International,1772.19
ORD004731,CUST0069,PROD0114,2023-11-21 22:01:36.499299864,5,184.52,0.0,Completed,In-Store,East,922.6
ORD004732,CUST0165,PROD0076,2023-11-22 01:31:36.139227848,7,192.45,0.0,Pending,Web,International,1347.15
ORD004733,CUST0489,PROD0164,2023-11-22 05:01:35.779155832,13,165.96,0.0,Completed,Web,West,2157.48
ORD004734,CUST0305,PROD0085,2023-11-22 08:31:35.419083816,6,314.36,0.0,Completed,Mobile,North,1886.16
ORD004735,CUST0397,PROD0049,2023-11-22 12:01:35.059011808,13,90.49,0.2,Completed,Mobile,North,941.1
ORD004736,CUST0162,PROD0070,2023-11-22 15:31:34.698939792,13,424.53,0.0,Completed,Web,West,5518.89
ORD004737,CUST0365,PROD0177,2023-11-22 19:01:34.338867776,12,408.08,0.0,Completed,Web,East,4896.96
ORD004738,CUST0342,PROD0131,2023-11-22 22:31:33.978795760,9,243.48,0.15,Completed,Web,North,1862.62
ORD004739,CUST0309,PROD0133,2023-11-23 02:01:33.618723744,8,427.84,0.1,Completed,Web,East,3080.45
ORD004740,CUST0379,PROD0189,2023-11-23 05:31:33.258651736,4,131.1,0.1,Pending,Web,West,471.96
ORD004741,CUST0343,PROD0090,2023-11-23 09:01:32.898579720,13,18.61,0.1,Completed,Web,West,217.74
ORD004742,CUST0435,PROD0026,2023-11-23 12:31:32.538507704,11,313.41,0.2,Completed,Web,North,2758.01
ORD004743,CUST0387,PROD0072,2023-11-23 16:01:32.178435688,12,234.38,0.0,Completed,Web,South,2812.56
ORD004744,CUST0042,PROD0005,2023-11-23 19:31:31.818363672,5,287.91,0.2,Completed,Web,International,1151.64
ORD004745,CUST0354,PROD0015,2023-11-23 23:01:31.458291664,7,450.68,0.15,Completed,In-Store,International,2681.55
ORD004746,CUST0416,PROD0123,2023-11-24 02:31:31.098219648,8,485.26,0.05,Completed,In-Store,South,3687.98
ORD004747,CUST0109,PROD0144,2023-11-24 06:01:30.738147632,5,320.88,0.1,Completed,Mobile,West,1443.96
ORD004748,CUST0051,PROD0001,2023-11-24 09:31:30.378075616,9,384.39,0.1,Completed,In-Store,North,3113.56
ORD004749,CUST0250,PROD0144,2023-11-24 13:01:30.018003600,14,51.07,0.0,Completed,In-Store,North,714.98
ORD004750,CUST0497,PROD0165,2023-11-24 16:31:29.657931592,10,88.75,0.0,Completed,Web,North,887.5
ORD004751,CUST0341,PROD0003,2023-11-24 20:01:29.297859576,12,369.27,0.2,Returned,Web,North,3544.99
ORD004752,CUST0430,PROD0180,2023-11-24 23:31:28.937787560,4,221.37,0.05,Returned,In-Store,International,841.21
ORD004753,CUST0383,PROD0047,2023-11-25 03:01:28.577715544,4,228.52,0.0,Returned,Mobile,East,914.08
ORD004754,CUST0492,PROD0095,2023-11-25 06:31:28.217643528,13,161.22,0.1,Completed,Web,South,1886.27
ORD004755,CUST0021,PROD0013,2023-11-25 10:01:27.857571520,8,307.6,0.05,Completed,Mobile,West,2337.76
ORD004756,CUST0300,PROD0120,2023-11-25 13:31:27.497499504,1,100.73,0.0,Pending,Web,West,100.73
ORD004757,CUST0139,PROD0055,2023-11-25 17:01:27.137427488,8,317.19,0.1,Completed,Web,North,2283.77
ORD004758,CUST0359,PROD0149,2023-11-25 20:31:26.777355472,5,95.16,0.1,Completed,Web,East,428.22
ORD004759,CUST0324,PROD0066,2023-11-26 00:01:26.417283456,13,41.27,0.0,Completed,Web,West,536.51
ORD004760,CUST0499,PROD0182,2023-11-26 03:31:26.057211448,14,171.88,0.2,Completed,Web,West,1925.06
ORD004761,CUST0385,PROD0155,2023-11-26 07:01:25.697139432,11,123.26,0.0,Completed,In-Store,West,1355.86
ORD004762,CUST0092,PROD0166,2023-11-26 10:31:25.337067416,1,445.61,0.05,Completed,Web,North,423.33
ORD004763,CUST0447,PROD0090,2023-11-26 14:01:24.976995400,4,36.93,0.0,Completed,Web,South,147.72
ORD004764,CUST0280,PROD0186,2023-11-26 17:31:24.616923384,2,96.54,0.1,Completed,Web,West,173.77
ORD004765,CUST0125,PROD0062,2023-11-26 21:01:24.256851376,4,278.87,0.0,Completed,Mobile,International,1115.48
ORD004766,CUST0483,PROD0102,2023-11-27 00:31:23.896779360,8,245.72,0.0,Completed,In-Store,South,1965.76
ORD004767,CUST0397,PROD0174,2023-11-27 04:01:23.536707344,5,32.47,0.15,Completed,Web,North,138.0
ORD004768,CUST0111,PROD0139,2023-11-27 07:31:23.176635328,1,13.55,0.0,Completed,Web,International,13.55
ORD004769,CUST0354,PROD0008,2023-11-27 11:01:22.816563312,7,494.15,0.1,Completed,Web,South,3113.14
ORD004770,CUST0139,PROD0097,2023-11-27 14:31:22.456491304,1,332.83,0.05,Completed,Mobile,South,316.19
ORD004771,CUST0484,PROD0117,2023-11-27 18:01:22.096419288,9,189.05,0.2,Completed,Web,South,1361.16
ORD004772,CUST0435,PROD0199,2023-11-27 21:31:21.736347272,3,240.51,0.05,Completed,Web,South,685.45
ORD004773,CUST0273,PROD0064,2023-11-28 01:01:21.376275256,12,140.61,0.0,Completed,Web,South,1687.32
ORD004774,CUST0099,PROD0021,2023-11-28 04:31:21.016203240,3,178.99,0.0,Completed,Web,East,536.97
ORD004775,CUST0252,PROD0115,2023-11-28 08:01:20.656131232,6,328.03,0.15,Completed,In-Store,North,1672.95
ORD004776,CUST0338,PROD0191,2023-11-28 11:31:20.296059216,10,442.58,0.15,Completed,Web,International,3761.93
ORD004777,CUST0104,PROD0085,2023-11-28 15:01:19.935987200,6,100.22,0.0,Completed,Web,International,601.32
ORD004778,CUST0214,PROD0192,2023-11-28 18:31:19.575915184,13,421.78,0.1,Completed,Mobile,International,4934.83
ORD004779,CUST0249,PROD0020,2023-11-28 22:01:19.215843168,11,69.56,0.05,Completed,Mobile,International,726.9
ORD004780,CUST0152,PROD0008,2023-11-29 01:31:18.855771160,11,115.35,0.2,Completed,Web,West,1015.08
ORD004781,CUST0250,PROD0058,2023-11-29 05:01:18.495699144,6,28.22,0.2,Returned,In-Store,North,135.46
ORD004782,CUST0275,PROD0046,2023-11-29 08:31:18.135627128,13,79.0,0.2,Returned,Mobile,North,821.6
ORD004783,CUST0165,PROD0031,2023-11-29 12:01:17.775555112,1,459.48,0.15,Completed,Web,North,390.56
ORD004784,CUST0487,PROD0093,2023-11-29 15:31:17.415483096,5,235.12,0.2,Completed,Web,South,940.48
ORD004785,CUST0341,PROD0009,2023-11-29 19:01:17.055411088,12,48.06,0.0,Completed,Web,East,576.72
ORD004786,CUST0008,PROD0015,2023-11-29 22:31:16.695339072,6,480.27,0.15,Returned,Web,International,2449.38
ORD004787,CUST0284,PROD0094,2023-11-30 02:01:16.335267056,8,440.71,0.1,Completed,Web,South,3173.11
ORD004788,CUST0005,PROD0154,2023-11-30 05:31:15.975195040,13,379.79,0.2,Completed,Mobile,East,3949.82
ORD004789,CUST0145,PROD0138,2023-11-30 09:01:15.615123024,1,467.4,0.05,Completed,Mobile,West,444.03
ORD004790,CUST0101,PROD0029,2023-11-30 12:31:15.255051016,5,117.86,0.0,Completed,Web,North,589.3
ORD004791,CUST0164,PROD0080,2023-11-30 16:01:14.894979000,3,419.82,0.05,Completed,Web,International,1196.49
ORD004792,CUST0374,PROD0036,2023-11-30 19:31:14.534906984,2,348.1,0.1,Completed,Web,East,626.58
ORD004793,CUST0147,PROD0084,2023-11-30 23:01:14.174834968,11,436.18,0.0,Completed,Mobile,South,4797.98
ORD004794,CUST0064,PROD0109,2023-12-01 02:31:13.814762952,8,400.49,0.0,Returned,Mobile,International,3203.92
ORD004795,CUST0091,PROD0118,2023-12-01 06:01:13.454690944,7,179.78,0.05,Completed,Web,East,1195.54
ORD004796,CUST0117,PROD0037,2023-12-01 09:31:13.094618928,10,389.46,0.0,Completed,Mobile,East,3894.6
ORD004797,CUST0354,PROD0086,2023-12-01 13:01:12.734546912,7,138.6,0.0,Completed,Web,East,970.2
ORD004798,CUST0267,PROD0071,2023-12-01 16:31:12.374474896,5,171.01,0.0,Completed,Mobile,West,855.05
ORD004799,CUST0310,PROD0151,2023-12-01 20:01:12.014402880,12,62.87,0.2,Returned,Web,North,603.55
ORD004800,CUST0173,PROD0169,2023-12-01 23:31:11.654330872,13,468.19,0.1,Completed,Web,International,5477.82
ORD004801,CUST0047,PROD0093,2023-12-02 03:01:11.294258856,9,152.59,0.0,Completed,Web,International,1373.31
ORD004802,CUST0140,PROD0080,2023-12-02 06:31:10.934186840,5,265.11,0.1,Completed,In-Store,East,1193.0
ORD004803,CUST0246,PROD0102,2023-12-02 10:01:10.574114824,2,201.75,0.1,Completed,Mobile,West,363.15
ORD004804,CUST0149,PROD0156,2023-12-02 13:31:10.214042808,3,480.36,0.0,Completed,In-Store,International,1441.08
ORD004805,CUST0246,PROD0176,2023-12-02 17:01:09.853970800,4,174.17,0.0,Completed,Web,South,696.68
ORD004806,CUST0395,PROD0166,2023-12-02 20:31:09.493898784,5,391.49,0.1,Completed,Web,International,1761.71
ORD004807,CUST0487,PROD0159,2023-12-03 00:01:09.133826768,13,429.15,0.05,Completed,Web,West,5300.0
ORD004808,CUST0476,PROD0014,2023-12-03 03:31:08.773754752,3,223.45,0.1,Completed,Mobile,South,603.31
ORD004809,CUST0005,PROD0117,2023-12-03 07:01:08.413682736,12,195.3,0.05,Pending,Mobile,West,2226.42
ORD004810,CUST0465,PROD0073,2023-12-03 10:31:08.053610728,14,376.4,0.0,Completed,Mobile,East,5269.6
ORD004811,CUST0184,PROD0091,2023-12-03 14:01:07.693538712,7,457.32,0.2,Pending,Mobile,North,2560.99
ORD004812,CUST0020,PROD0090,2023-12-03 17:31:07.333466696,5,379.92,0.0,Completed,Mobile,West,1899.6
ORD004813,CUST0425,PROD0029,2023-12-03 21:01:06.973394680,5,121.29,0.1,Completed,In-Store,East,545.81
ORD004814,CUST0046,PROD0179,2023-12-04 00:31:06.613322664,6,445.27,0.0,Completed,Web,West,2671.62
ORD004815,CUST0012,PROD0049,2023-12-04 04:01:06.253250656,7,199.92,0.0,Completed,Mobile,North,1399.44
ORD004816,CUST0070,PROD0171,2023-12-04 07:31:05.893178640,10,292.35,0.05,Completed,In-Store,East,2777.32
ORD004817,CUST0017,PROD0072,2023-12-04 11:01:05.533106624,10,417.4,0.0,Completed,Web,West,4174.0
ORD004818,CUST0371,PROD0133,2023-12-04 14:31:05.173034608,8,102.31,0.05,Completed,Mobile,International,777.56
ORD004819,CUST0147,PROD0042,2023-12-04 18:01:04.812962592,9,394.41,0.0,Completed,Web,International,3549.69
ORD004820,CUST0154,PROD0135,2023-12-04 21:31:04.452890584,11,302.12,0.05,Returned,Web,International,3157.15
ORD004821,CUST0304,PROD0042,2023-12-05 01:01:04.092818568,4,447.74,0.1,Completed,Mobile,North,1611.86
ORD004822,CUST0108,PROD0164,2023-12-05 04:31:03.732746552,5,94.27,0.0,Pending,Web,West,471.35
ORD004823,CUST0236,PROD0105,2023-12-05 08:01:03.372674536,5,216.13,0.15,Completed,Web,North,918.55
ORD004824,CUST0308,PROD0027,2023-12-05 11:31:03.012602520,8,418.09,0.0,Completed,In-Store,North,3344.72
ORD004825,CUST0352,PROD0058,2023-12-05 15:01:02.652530512,9,19.42,0.0,Completed,Web,North,174.78
ORD004826,CUST0070,PROD0046,2023-12-05 18:31:02.292458496,7,64.98,0.1,Completed,Web,International,409.37
ORD004827,CUST0183,PROD0066,2023-12-05 22:01:01.932386480,5,495.38,0.05,Completed,Mobile,North,2353.05
ORD004828,CUST0250,PROD0025,2023-12-06 01:31:01.572314464,3,147.39,0.05,Completed,Web,North,420.06
ORD004829,CUST0228,PROD0073,2023-12-06 05:01:01.212242448,1,488.02,0.0,Completed,Web,North,488.02
ORD004830,CUST0102,PROD0117,2023-12-06 08:31:00.852170440,11,99.44,0.15,Completed,Web,East,929.76
ORD004831,CUST0075,PROD0155,2023-12-06 12:01:00.492098424,9,186.94,0.1,Completed,Web,International,1514.21
ORD004832,CUST0417,PROD0129,2023-12-06 15:31:00.132026408,5,378.91,0.0,Completed,Web,South,1894.55
ORD004833,CUST0446,PROD0087,2023-12-06 19:00:59.771954392,9,332.31,0.0,Completed,In-Store,East,2990.79
ORD004834,CUST0216,PROD0074,2023-12-06 22:30:59.411882376,10,294.75,0.15,Completed,Web,North,2505.38
ORD004835,CUST0407,PROD0170,2023-12-07 02:00:59.051810368,12,269.65,0.05,Completed,Web,South,3074.01
ORD004836,CUST0399,PROD0180,2023-12-07 05:30:58.691738352,13,423.29,0.0,Completed,In-Store,North,5502.77
ORD004837,CUST0411,PROD0153,2023-12-07 09:00:58.331666336,14,125.12,0.0,Returned,Mobile,South,1751.68
ORD004838,CUST0203,PROD0182,2023-12-07 12:30:57.971594320,4,226.81,0.0,Completed,Web,East,907.24
ORD004839,CUST0192,PROD0125,2023-12-07 16:00:57.611522304,5,86.17,0.05,Completed,Mobile,South,409.31
ORD004840,CUST0249,PROD0067,2023-12-07 19:30:57.251450296,4,302.01,0.15,Completed,Mobile,West,1026.83
ORD004841,CUST0499,PROD0006,2023-12-07 23:00:56.891378280,2,132.77,0.05,Completed,Mobile,International,252.26
ORD004842,CUST0242,PROD0125,2023-12-08 02:30:56.531306264,12,173.58,0.05,Completed,Mobile,North,1978.81
ORD004843,CUST0465,PROD0058,2023-12-08 06:00:56.171234248,1,240.91,0.2,Completed,Web,North,192.73
ORD004844,CUST0179,PROD0070,2023-12-08 09:30:55.811162232,8,23.12,0.05,Completed,Web,West,175.71
ORD004845,CUST0437,PROD0053,2023-12-08 13:00:55.451090224,4,55.05,0.05,Completed,Web,North,209.19
ORD004846,CUST0462,PROD0066,2023-12-08 16:30:55.091018208,5,346.11,0.0,Completed,Mobile,South,1730.55
ORD004847,CUST0219,PROD0058,2023-12-08 20:00:54.730946192,6,220.2,0.1,Completed,Mobile,South,1189.08
ORD004848,CUST0082,PROD0082,2023-12-08 23:30:54.370874176,14,433.75,0.05,Completed,Web,International,5768.88
ORD004849,CUST0092,PROD0087,2023-12-09 03:00:54.010802160,8,350.39,0.0,Completed,Web,West,2803.12
ORD004850,CUST0435,PROD0002,2023-12-09 06:30:53.650730152,11,13.97,0.2,Completed,In-Store,North,122.94
ORD004851,CUST0175,PROD0150,2023-12-09 10:00:53.290658136,8,312.19,0.15,Completed,Web,North,2122.89
ORD004852,CUST0239,PROD0037,2023-12-09 13:30:52.930586120,7,55.93,0.1,Returned,Web,North,352.36
ORD004853,CUST0260,PROD0148,2023-12-09 17:00:52.570514104,4,392.66,0.05,Completed,Mobile,South,1492.11
ORD004854,CUST0391,PROD0103,2023-12-09 20:30:52.210442088,6,495.84,0.05,Completed,Web,East,2826.29
ORD004855,CUST0365,PROD0024,2023-12-10 00:00:51.850370080,4,270.29,0.0,Completed,Web,West,1081.16
ORD004856,CUST0163,PROD0112,2023-12-10 03:30:51.490298064,14,344.56,0.0,Completed,Web,South,4823.84
ORD004857,CUST0048,PROD0065,2023-12-10 07:00:51.130226048,7,126.28,0.1,Completed,Mobile,South,795.56
ORD004858,CUST0329,PROD0193,2023-12-10 10:30:50.770154032,12,224.42,0.05,Completed,Web,South,2558.39
ORD004859,CUST0328,PROD0129,2023-12-10 14:00:50.410082016,13,429.49,0.15,Completed,In-Store,North,4745.86
ORD004860,CUST0116,PROD0117,2023-12-10 17:30:50.050010008,12,92.04,0.0,Completed,Web,International,1104.48
ORD004861,CUST0429,PROD0116,2023-12-10 21:00:49.689937992,13,140.11,0.05,Returned,Mobile,North,1730.36
ORD004862,CUST0337,PROD0105,2023-12-11 00:30:49.329865976,13,228.26,0.1,Completed,Web,South,2670.64
ORD004863,CUST0337,PROD0003,2023-12-11 04:00:48.969793960,11,359.0,0.05,Pending,Web,North,3751.55
ORD004864,CUST0369,PROD0046,2023-12-11 07:30:48.609721944,14,194.18,0.15,Completed,Mobile,East,2310.74
ORD004865,CUST0225,PROD0055,2023-12-11 11:00:48.249649936,1,464.59,0.2,Completed,Web,International,371.67
ORD004866,CUST0352,PROD0075,2023-12-11 14:30:47.889577920,5,56.28,0.0,Completed,Mobile,North,281.4
ORD004867,CUST0328,PROD0192,2023-12-11 18:00:47.529505904,14,191.69,0.0,Completed,Web,South,2683.66
ORD004868,CUST0147,PROD0045,2023-12-11 21:30:47.169433888,10,357.39,0.0,Completed,Web,North,3573.9
ORD004869,CUST0063,PROD0154,2023-12-12 01:00:46.809361872,12,120.73,0.1,Completed,Mobile,West,1303.88
ORD004870,CUST0294,PROD0077,2023-12-12 04:30:46.449289864,10,331.64,0.0,Returned,Mobile,East,3316.4
ORD004871,CUST0323,PROD0193,2023-12-12 08:00:46.089217848,4,90.47,0.1,Completed,Web,West,325.69
ORD004872,CUST0443,PROD0024,2023-12-12 11:30:45.729145832,11,37.43,0.05,Completed,In-Store,East,391.14
ORD004873,CUST0325,PROD0035,2023-12-12 15:00:45.369073816,7,69.3,0.1,Completed,Web,International,436.59
ORD004874,CUST0013,PROD0024,2023-12-12 18:30:45.009001800,13,465.69,0.1,Completed,Web,South,5448.57
ORD004875,CUST0431,PROD0028,2023-12-12 22:00:44.648929792,9,280.36,0.05,Pending,Web,East,2397.08
ORD004876,CUST0494,PROD0016,2023-12-13 01:30:44.288857776,5,400.21,0.05,Completed,Web,West,1901.0
ORD004877,CUST0189,PROD0059,2023-12-13 05:00:43.928785760,4,173.0,0.0,Completed,Web,East,692.0
ORD004878,CUST0287,PROD0182,2023-12-13 08:30:43.568713744,9,300.4,0.05,Completed,Mobile,North,2568.42
ORD004879,CUST0208,PROD0144,2023-12-13 12:00:43.208641728,5,252.53,0.05,Completed,Web,South,1199.52
ORD004880,CUST0114,PROD0015,2023-12-13 15:30:42.848569720,9,473.41,0.05,Completed,Web,North,4047.66
ORD004881,CUST0480,PROD0011,2023-12-13 19:00:42.488497704,8,376.31,0.2,Completed,In-Store,South,2408.38
ORD004882,CUST0022,PROD0193,2023-12-13 22:30:42.128425688,4,367.97,0.2,Completed,Web,East,1177.5
ORD004883,CUST0349,PROD0079,2023-12-14 02:00:41.768353672,11,32.71,0.15,Completed,Web,North,305.84
ORD004884,CUST0214,PROD0115,2023-12-14 05:30:41.408281656,11,279.34,0.0,Completed,Web,East,3072.74
ORD004885,CUST0171,PROD0068,2023-12-14 09:00:41.048209648,7,238.83,0.1,Completed,Web,International,1504.63
ORD004886,CUST0323,PROD0043,2023-12-14 12:30:40.688137632,5,464.64,0.0,Completed,Web,South,2323.2
ORD004887,CUST0054,PROD0069,2023-12-14 16:00:40.328065616,10,136.1,0.0,Completed,Web,North,1361.0
ORD004888,CUST0394,PROD0141,2023-12-14 19:30:39.967993600,4,142.22,0.0,Returned,Mobile,International,568.88
ORD004889,CUST0298,PROD0138,2023-12-14 23:00:39.607921584,5,211.56,0.0,Completed,Mobile,West,1057.8
ORD004890,CUST0320,PROD0075,2023-12-15 02:30:39.247849576,5,129.25,0.0,Completed,Mobile,North,646.25
ORD004891,CUST0126,PROD0103,2023-12-15 06:00:38.887777560,11,73.3,0.05,Returned,Mobile,South,765.98
ORD004892,CUST0277,PROD0041,2023-12-15 09:30:38.527705544,9,430.13,0.2,Completed,Web,West,3096.94
ORD004893,CUST0464,PROD0178,2023-12-15 13:00:38.167633528,12,283.56,0.0,Completed,Web,East,3402.72
ORD004894,CUST0204,PROD0199,2023-12-15 16:30:37.807561512,9,432.07,0.2,Completed,Mobile,East,3110.9
ORD004895,CUST0194,PROD0059,2023-12-15 20:00:37.447489504,6,417.26,0.0,Completed,Web,East,2503.56
ORD004896,CUST0169,PROD0039,2023-12-15 23:30:37.087417488,14,148.2,0.0,Completed,Web,West,2074.8
ORD004897,CUST0152,PROD0003,2023-12-16 03:00:36.727345472,4,278.39,0.05,Completed,Mobile,South,1057.88
ORD004898,CUST0035,PROD0007,2023-12-16 06:30:36.367273456,2,50.78,0.1,Completed,Web,West,91.4
ORD004899,CUST0184,PROD0049,2023-12-16 10:00:36.007201440,14,458.47,0.0,Completed,Mobile,International,6418.58
ORD004900,CUST0286,PROD0026,2023-12-16 13:30:35.647129432,3,208.09,0.0,Pending,Web,South,624.27
ORD004901,CUST0057,PROD0161,2023-12-16 17:00:35.287057416,2,202.9,0.05,Completed,In-Store,West,385.51
ORD004902,CUST0222,PROD0101,2023-12-16 20:30:34.926985400,5,158.35,0.0,Returned,Mobile,North,791.75
ORD004903,CUST0303,PROD0176,2023-12-17 00:00:34.566913384,6,235.73,0.1,Completed,Web,South,1272.94
ORD004904,CUST0163,PROD0079,2023-12-17 03:30:34.206841368,11,133.36,0.05,Completed,Mobile,International,1393.61
ORD004905,CUST0019,PROD0002,2023-12-17 07:00:33.846769360,5,193.68,0.0,Completed,Mobile,North,968.4
ORD004906,CUST0370,PROD0127,2023-12-17 10:30:33.486697344,2,401.97,0.15,Pending,Mobile,North,683.35
ORD004907,CUST0264,PROD0199,2023-12-17 14:00:33.126625328,12,418.79,0.0,Completed,Web,East,5025.48
ORD004908,CUST0282,PROD0160,2023-12-17 17:30:32.766553312,5,159.05,0.1,Completed,Web,South,715.72
ORD004909,CUST0113,PROD0132,2023-12-17 21:00:32.406481296,9,239.82,0.1,Completed,Web,East,1942.54
ORD004910,CUST0488,PROD0020,2023-12-18 00:30:32.046409288,4,438.17,0.2,Completed,Web,North,1402.14
ORD004911,CUST0327,PROD0117,2023-12-18 04:00:31.686337272,12,35.81,0.05,Completed,In-Store,North,408.23
ORD004912,CUST0030,PROD0164,2023-12-18 07:30:31.326265256,10,445.68,0.1,Returned,Web,South,4011.12
ORD004913,CUST0135,PROD0032,2023-12-18 11:00:30.966193240,2,117.4,0.0,Returned,Web,East,234.8
ORD004914,CUST0067,PROD0028,2023-12-18 14:30:30.606121224,3,342.48,0.1,Completed,Web,East,924.7
ORD004915,CUST0065,PROD0077,2023-12-18 18:00:30.246049216,3,295.45,0.05,Completed,In-Store,East,842.03
ORD004916,CUST0292,PROD0001,2023-12-18 21:30:29.885977200,9,280.94,0.05,Pending,Mobile,East,2402.04
ORD004917,CUST0025,PROD0188,2023-12-19 01:00:29.525905184,4,431.09,0.15,Pending,Mobile,North,1465.71
ORD004918,CUST0037,PROD0056,2023-12-19 04:30:29.165833168,1,59.77,0.0,Completed,Mobile,West,59.77
ORD004919,CUST0001,PROD0035,2023-12-19 08:00:28.805761152,1,180.04,0.15,Completed,Mobile,North,153.03
ORD004920,CUST0399,PROD0112,2023-12-19 11:30:28.445689144,7,273.74,0.15,Completed,Mobile,North,1628.75
ORD004921,CUST0037,PROD0030,2023-12-19 15:00:28.085617128,7,407.53,0.05,Completed,Web,West,2710.07
ORD004922,CUST0141,PROD0054,2023-12-19 18:30:27.725545112,2,116.06,0.05,Completed,Web,South,220.51
ORD004923,CUST0232,PROD0036,2023-12-19 22:00:27.365473096,9,403.44,0.0,Completed,Mobile,East,3630.96
ORD004924,CUST0136,PROD0183,2023-12-20 01:30:27.005401080,9,205.82,0.2,Completed,Web,South,1481.9
ORD004925,CUST0389,PROD0080,2023-12-20 05:00:26.645329072,5,102.57,0.0,Completed,Mobile,East,512.85
ORD004926,CUST0188,PROD0058,2023-12-20 08:30:26.285257056,3,381.9,0.05,Completed,Web,South,1088.41
ORD004927,CUST0128,PROD0083,2023-12-20 12:00:25.925185040,3,54.54,0.1,Completed,Mobile,International,147.26
ORD004928,CUST0201,PROD0065,2023-12-20 15:30:25.565113024,12,262.24,0.2,Completed,Web,South,2517.5
ORD004929,CUST0127,PROD0069,2023-12-20 19:00:25.205041008,3,41.3,0.1,Pending,Web,East,111.51
ORD004930,CUST0257,PROD0128,2023-12-20 22:30:24.844969000,6,184.64,0.1,Completed,Mobile,International,997.06
ORD004931,CUST0164,PROD0051,2023-12-21 02:00:24.484896984,4,304.53,0.0,Completed,Web,East,1218.12
ORD004932,CUST0035,PROD0022,2023-12-21 05:30:24.124824968,8,282.5,0.0,Returned,Mobile,East,2260.0
ORD004933,CUST0194,PROD0107,2023-12-21 09:00:23.764752952,13,208.28,0.0,Completed,Mobile,East,2707.64
ORD004934,CUST0191,PROD0109,2023-12-21 12:30:23.404680936,11,220.23,0.15,Completed,In-Store,East,2059.15
ORD004935,CUST0104,PROD0116,2023-12-21 16:00:23.044608928,13,121.12,0.1,Pending,Mobile,West,1417.1
ORD004936,CUST0023,PROD0101,2023-12-21 19:30:22.684536912,11,233.38,0.1,Completed,Web,North,2310.46
ORD004937,CUST0265,PROD0181,2023-12-21 23:00:22.324464896,11,477.09,0.1,Completed,Mobile,International,4723.19
ORD004938,CUST0290,PROD0100,2023-12-22 02:30:21.964392880,5,426.72,0.05,Completed,Web,East,2026.92
ORD004939,CUST0430,PROD0164,2023-12-22 06:00:21.604320864,1,81.16,0.0,Completed,Web,West,81.16
ORD004940,CUST0462,PROD0068,2023-12-22 09:30:21.244248856,9,24.59,0.0,Completed,Mobile,North,221.31
ORD004941,CUST0384,PROD0036,2023-12-22 13:00:20.884176840,1,467.43,0.0,Pending,Mobile,International,467.43
ORD004942,CUST0260,PROD0180,2023-12-22 16:30:20.524104824,6,268.11,0.1,Completed,Web,North,1447.79
ORD004943,CUST0414,PROD0181,2023-12-22 20:00:20.164032808,1,273.54,0.0,Returned,Web,West,273.54
ORD004944,CUST0479,PROD0178,2023-12-22 23:30:19.803960792,3,392.55,0.1,Returned,Mobile,South,1059.89
ORD004945,CUST0358,PROD0169,2023-12-23 03:00:19.443888784,10,164.2,0.1,Completed,Web,West,1477.8
ORD004946,CUST0075,PROD0146,2023-12-23 06:30:19.083816768,5,246.13,0.05,Completed,Mobile,East,1169.12
ORD004947,CUST0355,PROD0022,2023-12-23 10:00:18.723744752,10,484.64,0.0,Completed,Mobile,North,4846.4
ORD004948,CUST0072,PROD0066,2023-12-23 13:30:18.363672736,7,339.35,0.0,Completed,Web,East,2375.45
ORD004949,CUST0259,PROD0021,2023-12-23 17:00:18.003600720,14,85.34,0.0,Completed,Web,South,1194.76
ORD004950,CUST0398,PROD0100,2023-12-23 20:30:17.643528712,10,75.28,0.1,Pending,Web,East,677.52
ORD004951,CUST0188,PROD0128,2023-12-24 00:00:17.283456696,8,110.09,0.0,Completed,In-Store,West,880.72
ORD004952,CUST0461,PROD0044,2023-12-24 03:30:16.923384680,12,385.69,0.15,Completed,Mobile,North,3934.04
ORD004953,CUST0173,PROD0103,2023-12-24 07:00:16.563312664,9,154.73,0.1,Completed,Mobile,East,1253.31
ORD004954,CUST0480,PROD0047,2023-12-24 10:30:16.203240648,6,20.48,0.0,Completed,Web,East,122.88
ORD004955,CUST0290,PROD0039,2023-12-24 14:00:15.843168640,11,472.65,0.1,Completed,Mobile,South,4679.23
ORD004956,CUST0045,PROD0029,2023-12-24 17:30:15.483096624,9,93.16,0.1,Returned,Web,International,754.6
ORD004957,CUST0061,PROD0054,2023-12-24 21:00:15.123024608,8,14.68,0.1,Returned,Mobile,East,105.7
ORD004958,CUST0083,PROD0090,2023-12-25 00:30:14.762952592,9,126.19,0.0,Completed,Web,North,1135.71
ORD004959,CUST0123,PROD0085,2023-12-25 04:00:14.402880576,10,125.16,0.0,Completed,Mobile,North,1251.6
ORD004960,CUST0358,PROD0017,2023-12-25 07:30:14.042808568,4,216.78,0.0,Completed,Mobile,East,867.12
ORD004961,CUST0016,PROD0080,2023-12-25 11:00:13.682736552,9,460.99,0.0,Completed,Web,South,4148.91
ORD004962,CUST0066,PROD0188,2023-12-25 14:30:13.322664536,7,440.8,0.1,Completed,Mobile,North,2777.04
ORD004963,CUST0424,PROD0159,2023-12-25 18:00:12.962592520,5,233.88,0.1,Completed,Web,North,1052.46
ORD004964,CUST0145,PROD0073,2023-12-25 21:30:12.602520504,5,211.34,0.2,Completed,Web,East,845.36
ORD004965,CUST0375,PROD0049,2023-12-26 01:00:12.242448496,1,281.95,0.0,Completed,Web,East,281.95
ORD004966,CUST0162,PROD0101,2023-12-26 04:30:11.882376480,2,129.29,0.0,Completed,Mobile,North,258.58
ORD004967,CUST0234,PROD0002,2023-12-26 08:00:11.522304464,10,35.57,0.1,Completed,In-Store,East,320.13
ORD004968,CUST0380,PROD0176,2023-12-26 11:30:11.162232448,3,470.22,0.0,Completed,Mobile,International,1410.66
ORD004969,CUST0144,PROD0142,2023-12-26 15:00:10.802160432,14,101.48,0.0,Completed,Mobile,International,1420.72
ORD004970,CUST0358,PROD0059,2023-12-26 18:30:10.442088424,14,107.22,0.05,Completed,Web,International,1426.03
ORD004971,CUST0188,PROD0097,2023-12-26 22:00:10.082016408,8,241.51,0.0,Completed,Web,West,1932.08
ORD004972,CUST0322,PROD0099,2023-12-27 01:30:09.721944392,6,250.89,0.1,Completed,Web,North,1354.81
ORD004973,CUST0450,PROD0186,2023-12-27 05:00:09.361872376,12,19.03,0.0,Completed,In-Store,North,228.36
ORD004974,CUST0474,PROD0103,2023-12-27 08:30:09.001800360,10,82.5,0.1,Completed,In-Store,South,742.5
ORD004975,CUST0013,PROD0186,2023-12-27 12:00:08.641728352,11,195.3,0.15,Returned,Web,East,1826.06
ORD004976,CUST0184,PROD0179,2023-12-27 15:30:08.281656336,13,345.03,0.0,Completed,Mobile,International,4485.39
ORD004977,CUST0111,PROD0002,2023-12-27 19:00:07.921584320,14,121.93,0.2,Completed,Mobile,North,1365.62
ORD004978,CUST0415,PROD0041,2023-12-27 22:30:07.561512304,5,217.28,0.05,Completed,Web,East,1032.08
ORD004979,CUST0290,PROD0123,2023-12-28 02:00:07.201440288,13,283.1,0.2,Completed,Mobile,East,2944.24
ORD004980,CUST0295,PROD0082,2023-12-28 05:30:06.841368280,1,445.41,0.0,Completed,Mobile,South,445.41
ORD004981,CUST0451,PROD0144,2023-12-28 09:00:06.481296264,12,169.77,0.1,Completed,Web,East,1833.52
ORD004982,CUST0392,PROD0132,2023-12-28 12:30:06.121224248,11,75.44,0.05,Completed,In-Store,North,788.35
ORD004983,CUST0215,PROD0140,2023-12-28 16:00:05.761152232,12,249.74,0.1,Completed,Web,International,2697.19
ORD004984,CUST0462,PROD0029,2023-12-28 19:30:05.401080216,9,375.89,0.1,Returned,Web,East,3044.71
ORD004985,CUST0120,PROD0135,2023-12-28 23:00:05.041008208,3,63.83,0.05,Completed,Web,East,181.92
ORD004986,CUST0382,PROD0014,2023-12-29 02:30:04.680936192,3,218.09,0.2,Completed,Mobile,North,523.42
ORD004987,CUST0055,PROD0012,2023-12-29 06:00:04.320864176,2,18.71,0.0,Completed,Web,East,37.42
ORD004988,CUST0027,PROD0099,2023-12-29 09:30:03.960792160,4,26.44,0.0,Completed,Mobile,South,105.76
ORD004989,CUST0118,PROD0133,2023-12-29 13:00:03.600720144,12,246.65,0.1,Completed,Mobile,North,2663.82
ORD004990,CUST0221,PROD0081,2023-12-29 16:30:03.240648136,2,156.12,0.1,Completed,Web,South,281.02
ORD004991,CUST0231,PROD0106,2023-12-29 20:00:02.880576120,13,424.1,0.05,Completed,Mobile,North,5237.64
ORD004992,CUST0053,PROD0032,2023-12-29 23:30:02.520504104,9,305.06,0.05,Completed,Web,East,2608.26
ORD004993,CUST0295,PROD0074,2023-12-30 03:00:02.160432088,12,232.43,0.2,Completed,Mobile,South,2231.33
ORD004994,CUST0321,PROD0171,2023-12-30 06:30:01.800360072,10,209.89,0.1,Completed,Web,International,1889.01
ORD004995,CUST0401,PROD0081,2023-12-30 10:00:01.440288064,7,253.65,0.0,Completed,Mobile,North,1775.55
ORD004996,CUST0233,PROD0069,2023-12-30 13:30:01.080216048,8,29.82,0.0,Pending,Mobile,North,238.56
ORD004997,CUST0158,PROD0045,2023-12-30 17:00:00.720144032,3,447.47,0.2,Completed,In-Store,International,1073.93
ORD004998,CUST0437,PROD0106,2023-12-30 20:30:00.360072016,6,499.17,0.1,Completed,Web,North,2695.52
ORD004999,CUST0269,PROD0137,2023-12-31 00:00:00.000000000,10,98.93,0.2,Completed,Mobile,North,791.44
